case,share,form,requirement,kind,dual,left,right,slack,ok,note
ieee39,0.2,box,reserve_t0,reserve,27.0,27.0,27.0,0.0,True,
ieee39,0.2,box,inertia_t0_w0,inertia,0.0,0.0,0.0,0.0,True,
ieee39,0.2,box,inertia_t0_w1,inertia,0.0,0.0,0.0,0.0,True,
ieee39,0.2,box,inertia_t0_w2,inertia,0.0,0.0,0.0,0.0,True,
ieee39,0.2,box,inertia_t0_w3,inertia,0.0,0.0,0.0,0.0,True,
ieee39,0.2,box,inertia_t0_w4,inertia,0.0,0.0,0.0,0.0,True,
ieee39,0.2,box,inertia_t0_w5,inertia,0.0,0.0,0.0,0.0,True,
ieee39,0.2,box,inertia_t0_w6,inertia,24.0,24.0,24.0,0.0,True,
ieee39,0.2,box,inertia_t0_v0,inertia,0.0,0.0,0.0,0.0,True,
ieee39,0.2,box,inertia_t0_v1,inertia,0.0,0.0,0.0,0.0,True,
ieee39,0.2,box,inertia_t0_v2,inertia,0.0,0.0,0.0,0.0,True,
ieee39,0.2,box,reactive_t0_z2,reactive,0.03,0.029999999795109034,0.03000000026077032,4.656612873077393e-10,True,
ieee39,0.2,box,reactive_t0_z3,reactive,0.03,0.029999999795109034,0.03000000026077032,4.656612873077393e-10,True,
ieee39,0.2,box,reserve_t1,reserve,27.0,27.0,27.0,0.0,True,
ieee39,0.2,box,inertia_t1_w0,inertia,0.0,0.0,0.0,0.0,True,
ieee39,0.2,box,inertia_t1_w1,inertia,0.0,0.0,0.0,0.0,True,
ieee39,0.2,box,inertia_t1_w2,inertia,0.0,0.0,0.0,0.0,True,
ieee39,0.2,box,inertia_t1_w3,inertia,0.0,0.0,0.0,0.0,True,
ieee39,0.2,box,inertia_t1_w4,inertia,0.0,0.0,0.0,0.0,True,
ieee39,0.2,box,inertia_t1_w5,inertia,0.0,0.0,0.0,0.0,True,
ieee39,0.2,box,inertia_t1_w6,inertia,24.0,24.0,24.0,0.0,True,
ieee39,0.2,box,inertia_t1_v0,inertia,0.0,0.0,0.0,0.0,True,
ieee39,0.2,box,inertia_t1_v1,inertia,0.0,0.0,0.0,0.0,True,
ieee39,0.2,box,inertia_t1_v2,inertia,0.0,0.0,0.0,0.0,True,
ieee39,0.2,box,reactive_t1_z2,reactive,0.03,0.029999999795109034,0.03000000026077032,4.656612873077393e-10,True,
ieee39,0.2,box,reactive_t1_z3,reactive,0.03,0.029999999795109034,0.03000000026077032,4.656612873077393e-10,True,
ieee39,0.2,box,reserve_t2,reserve,27.0,27.0,27.0,0.0,True,
ieee39,0.2,box,inertia_t2_w0,inertia,0.0,0.0,0.0,0.0,True,
ieee39,0.2,box,inertia_t2_w1,inertia,0.0,0.0,0.0,0.0,True,
ieee39,0.2,box,inertia_t2_w2,inertia,0.0,0.0,0.0,0.0,True,
ieee39,0.2,box,inertia_t2_w3,inertia,0.0,0.0,0.0,0.0,True,
ieee39,0.2,box,inertia_t2_w4,inertia,0.0,0.0,0.0,0.0,True,
ieee39,0.2,box,inertia_t2_w5,inertia,0.0,0.0,0.0,0.0,True,
ieee39,0.2,box,inertia_t2_w6,inertia,24.0,24.0,24.0,0.0,True,
ieee39,0.2,box,inertia_t2_v0,inertia,0.0,0.0,0.0,0.0,True,
ieee39,0.2,box,inertia_t2_v1,inertia,0.0,0.0,0.0,0.0,True,
ieee39,0.2,box,inertia_t2_v2,inertia,0.0,0.0,0.0,0.0,True,
ieee39,0.2,box,reactive_t2_z2,reactive,0.03,0.029999999795109034,0.03000000026077032,4.656612873077393e-10,True,
ieee39,0.2,box,reactive_t2_z3,reactive,0.03,0.029999999795109034,0.03000000026077032,4.656612873077393e-10,True,
ieee39,0.2,box,reserve_t3,reserve,27.0,27.0,27.0,0.0,True,
ieee39,0.2,box,inertia_t3_w0,inertia,0.0,0.0,0.0,0.0,True,
ieee39,0.2,box,inertia_t3_w1,inertia,0.0,0.0,0.0,0.0,True,
ieee39,0.2,box,inertia_t3_w2,inertia,0.0,0.0,0.0,0.0,True,
ieee39,0.2,box,inertia_t3_w3,inertia,0.0,0.0,0.0,0.0,True,
ieee39,0.2,box,inertia_t3_w4,inertia,0.0,0.0,0.0,0.0,True,
ieee39,0.2,box,inertia_t3_w5,inertia,0.0,0.0,0.0,0.0,True,
ieee39,0.2,box,inertia_t3_w6,inertia,24.0,24.0,24.00000000046566,4.656612873077393e-10,True,
ieee39,0.2,box,inertia_t3_v0,inertia,0.0,0.0,0.0,0.0,True,
ieee39,0.2,box,inertia_t3_v1,inertia,0.0,0.0,0.0,0.0,True,
ieee39,0.2,box,inertia_t3_v2,inertia,0.0,0.0,0.0,0.0,True,
ieee39,0.2,box,reactive_t3_z2,reactive,0.03,0.029999999795109034,0.03000000026077032,4.656612873077393e-10,True,
ieee39,0.2,box,reactive_t3_z3,reactive,0.03,0.029999999795109034,0.03000000026077032,4.656612873077393e-10,True,
ieee39,0.2,box,reserve_t4,reserve,27.0,27.0,27.0,0.0,True,
ieee39,0.2,box,inertia_t4_w0,inertia,0.0,0.0,0.0,0.0,True,
ieee39,0.2,box,inertia_t4_w1,inertia,0.0,0.0,0.0,0.0,True,
ieee39,0.2,box,inertia_t4_w2,inertia,0.0,0.0,0.0,0.0,True,
ieee39,0.2,box,inertia_t4_w3,inertia,0.0,0.0,0.0,0.0,True,
ieee39,0.2,box,inertia_t4_w4,inertia,0.0,0.0,0.0,0.0,True,
ieee39,0.2,box,inertia_t4_w5,inertia,0.0,0.0,0.0,0.0,True,
ieee39,0.2,box,inertia_t4_w6,inertia,24.000000000000014,24.0,24.0,0.0,True,
ieee39,0.2,box,inertia_t4_v0,inertia,0.0,0.0,0.0,0.0,True,
ieee39,0.2,box,inertia_t4_v1,inertia,0.0,0.0,0.0,0.0,True,
ieee39,0.2,box,inertia_t4_v2,inertia,0.0,0.0,0.0,0.0,True,
ieee39,0.2,box,reactive_t4_z2,reactive,0.03,0.029999999795109034,0.03000000026077032,4.656612873077393e-10,True,
ieee39,0.2,box,reactive_t4_z3,reactive,0.03,0.029999999795109034,0.03000000026077032,4.656612873077393e-10,True,
ieee39,0.2,box,reserve_t5,reserve,27.0,27.0,27.0,0.0,True,
ieee39,0.2,box,inertia_t5_w0,inertia,0.0,0.0,0.0,0.0,True,
ieee39,0.2,box,inertia_t5_w1,inertia,0.0,0.0,0.0,0.0,True,
ieee39,0.2,box,inertia_t5_w2,inertia,0.0,0.0,0.0,0.0,True,
ieee39,0.2,box,inertia_t5_w3,inertia,0.0,0.0,0.0,0.0,True,
ieee39,0.2,box,inertia_t5_w4,inertia,0.0,0.0,0.0,0.0,True,
ieee39,0.2,box,inertia_t5_w5,inertia,0.0,0.0,0.0,0.0,True,
ieee39,0.2,box,inertia_t5_w6,inertia,24.0,24.00000000046566,23.99999999953434,9.313225746154785e-10,True,
ieee39,0.2,box,inertia_t5_v0,inertia,0.0,0.0,0.0,0.0,True,
ieee39,0.2,box,inertia_t5_v1,inertia,0.0,0.0,0.0,0.0,True,
ieee39,0.2,box,inertia_t5_v2,inertia,0.0,0.0,0.0,0.0,True,
ieee39,0.2,box,reactive_t5_z2,reactive,0.03,0.029999999795109034,0.03000000026077032,4.656612873077393e-10,True,
ieee39,0.2,box,reactive_t5_z3,reactive,0.03,0.029999999795109034,0.03000000026077032,4.656612873077393e-10,True,
ieee39,0.2,box,reserve_t6,reserve,27.0,27.0,27.0,0.0,True,
ieee39,0.2,box,inertia_t6_w0,inertia,0.0,0.0,0.0,0.0,True,
ieee39,0.2,box,inertia_t6_w1,inertia,0.0,0.0,0.0,0.0,True,
ieee39,0.2,box,inertia_t6_w2,inertia,0.0,0.0,0.0,0.0,True,
ieee39,0.2,box,inertia_t6_w3,inertia,0.0,0.0,0.0,0.0,True,
ieee39,0.2,box,inertia_t6_w4,inertia,0.0,0.0,0.0,0.0,True,
ieee39,0.2,box,inertia_t6_w5,inertia,0.0,0.0,0.0,0.0,True,
ieee39,0.2,box,inertia_t6_w6,inertia,24.0,24.0,24.0,0.0,True,
ieee39,0.2,box,inertia_t6_v0,inertia,0.0,0.0,0.0,0.0,True,
ieee39,0.2,box,inertia_t6_v1,inertia,0.0,0.0,0.0,0.0,True,
ieee39,0.2,box,inertia_t6_v2,inertia,0.0,0.0,0.0,0.0,True,
ieee39,0.2,box,reactive_t6_z2,reactive,0.03,0.029999999795109034,0.03000000026077032,4.656612873077393e-10,True,
ieee39,0.2,box,reactive_t6_z3,reactive,0.03,0.029999999795109034,0.03000000026077032,4.656612873077393e-10,True,
ieee39,0.2,box,reserve_t7,reserve,27.0,27.0,27.0,0.0,True,
ieee39,0.2,box,inertia_t7_w0,inertia,0.0,0.0,0.0,0.0,True,
ieee39,0.2,box,inertia_t7_w1,inertia,0.0,0.0,0.0,0.0,True,
ieee39,0.2,box,inertia_t7_w2,inertia,0.0,0.0,0.0,0.0,True,
ieee39,0.2,box,inertia_t7_w3,inertia,0.0,0.0,0.0,0.0,True,
ieee39,0.2,box,inertia_t7_w4,inertia,0.0,0.0,0.0,0.0,True,
ieee39,0.2,box,inertia_t7_w5,inertia,0.0,0.0,0.0,0.0,True,
ieee39,0.2,box,inertia_t7_w6,inertia,24.0,24.0,24.0,0.0,True,
ieee39,0.2,box,inertia_t7_v0,inertia,0.0,0.0,0.0,0.0,True,
ieee39,0.2,box,inertia_t7_v1,inertia,0.0,0.0,0.0,0.0,True,
ieee39,0.2,box,inertia_t7_v2,inertia,0.0,0.0,0.0,0.0,True,
ieee39,0.2,box,reactive_t7_z2,reactive,0.03,0.029999999795109034,0.03000000026077032,4.656612873077393e-10,True,
ieee39,0.2,box,reactive_t7_z3,reactive,0.03,0.029999999795109034,0.03000000026077032,4.656612873077393e-10,True,
ieee39,0.2,box,energy_t0,energy,114.0,114.0,114.0,0.0,True,
ieee39,0.2,box,energy_t1,energy,114.0,114.0,114.0,0.0,True,
ieee39,0.2,box,energy_t2,energy,114.0,114.0,114.0,0.0,True,
ieee39,0.2,box,energy_t3,energy,114.0,114.0,114.0,0.0,True,
ieee39,0.2,box,energy_t4,energy,114.00000000000001,114.0,114.0,0.0,True,
ieee39,0.2,box,energy_t5,energy,114.0,114.00000000046566,114.0,4.656612873077393e-10,True,
ieee39,0.2,box,energy_t6,energy,114.0,114.0,114.0,0.0,True,
ieee39,0.2,box,energy_t7,energy,114.0,114.0,114.0,0.0,True,
ieee39,0.2,current,reserve_t0,reserve,12.0,12.0,12.0,0.0,True,
ieee39,0.2,current,inertia_t0_w0,inertia,0.0,0.0,0.0,0.0,True,
ieee39,0.2,current,inertia_t0_w1,inertia,0.0,0.0,0.0,0.0,True,
ieee39,0.2,current,inertia_t0_w2,inertia,0.0,0.0,0.0,0.0,True,
ieee39,0.2,current,inertia_t0_w3,inertia,0.0,0.0,0.0,0.0,True,
ieee39,0.2,current,inertia_t0_w4,inertia,0.0,0.0,0.0,0.0,True,
ieee39,0.2,current,inertia_t0_w5,inertia,0.0,0.0,0.0,0.0,True,
ieee39,0.2,current,inertia_t0_w6,inertia,9.0,9.0,9.0,0.0,True,
ieee39,0.2,current,inertia_t0_v0,inertia,0.0,0.0,0.0,0.0,True,
ieee39,0.2,current,inertia_t0_v1,inertia,0.0,0.0,0.0,0.0,True,
ieee39,0.2,current,inertia_t0_v2,inertia,0.0,0.0,0.0,0.0,True,
ieee39,0.2,current,reactive_t0_z2,reactive,0.03,0.03000000026077032,0.03000000026077032,0.0,True,
ieee39,0.2,current,reactive_t0_z3,reactive,0.03,0.03000000026077032,0.03000000026077032,0.0,True,
ieee39,0.2,current,reserve_t1,reserve,12.0,12.0,12.0,0.0,True,
ieee39,0.2,current,inertia_t1_w0,inertia,0.0,0.0,0.0,0.0,True,
ieee39,0.2,current,inertia_t1_w1,inertia,0.0,0.0,0.0,0.0,True,
ieee39,0.2,current,inertia_t1_w2,inertia,0.0,0.0,0.0,0.0,True,
ieee39,0.2,current,inertia_t1_w3,inertia,0.0,0.0,0.0,0.0,True,
ieee39,0.2,current,inertia_t1_w4,inertia,0.0,0.0,0.0,0.0,True,
ieee39,0.2,current,inertia_t1_w5,inertia,0.0,0.0,0.0,0.0,True,
ieee39,0.2,current,inertia_t1_w6,inertia,9.0,9.0,9.0,0.0,True,
ieee39,0.2,current,inertia_t1_v0,inertia,0.0,0.0,0.0,0.0,True,
ieee39,0.2,current,inertia_t1_v1,inertia,0.0,0.0,0.0,0.0,True,
ieee39,0.2,current,inertia_t1_v2,inertia,0.0,0.0,0.0,0.0,True,
ieee39,0.2,current,reactive_t1_z2,reactive,0.03,0.029999999329447746,0.03000000026077032,9.313225746154785e-10,True,
ieee39,0.2,current,reactive_t1_z3,reactive,0.03,0.03000000026077032,0.03000000026077032,0.0,True,
ieee39,0.2,current,reserve_t2,reserve,12.0,12.0,12.0,0.0,True,
ieee39,0.2,current,inertia_t2_w0,inertia,0.0,0.0,0.0,0.0,True,
ieee39,0.2,current,inertia_t2_w1,inertia,0.0,0.0,0.0,0.0,True,
ieee39,0.2,current,inertia_t2_w2,inertia,0.0,0.0,0.0,0.0,True,
ieee39,0.2,current,inertia_t2_w3,inertia,0.0,0.0,0.0,0.0,True,
ieee39,0.2,current,inertia_t2_w4,inertia,0.0,0.0,0.0,0.0,True,
ieee39,0.2,current,inertia_t2_w5,inertia,0.0,0.0,0.0,0.0,True,
ieee39,0.2,current,inertia_t2_w6,inertia,9.0,9.0,9.0,0.0,True,
ieee39,0.2,current,inertia_t2_v0,inertia,0.0,0.0,0.0,0.0,True,
ieee39,0.2,current,inertia_t2_v1,inertia,0.0,0.0,0.0,0.0,True,
ieee39,0.2,current,inertia_t2_v2,inertia,0.0,0.0,0.0,0.0,True,
ieee39,0.2,current,reactive_t2_z2,reactive,0.03,0.03000000026077032,0.03000000026077032,0.0,True,
ieee39,0.2,current,reactive_t2_z3,reactive,0.03,0.03000000026077032,0.03000000026077032,0.0,True,
ieee39,0.2,current,reserve_t3,reserve,12.0,12.0,12.0,0.0,True,
ieee39,0.2,current,inertia_t3_w0,inertia,0.0,0.0,0.0,0.0,True,
ieee39,0.2,current,inertia_t3_w1,inertia,0.0,0.0,0.0,0.0,True,
ieee39,0.2,current,inertia_t3_w2,inertia,0.0,0.0,0.0,0.0,True,
ieee39,0.2,current,inertia_t3_w3,inertia,0.0,0.0,0.0,0.0,True,
ieee39,0.2,current,inertia_t3_w4,inertia,0.0,0.0,0.0,0.0,True,
ieee39,0.2,current,inertia_t3_w5,inertia,0.0,0.0,0.0,0.0,True,
ieee39,0.2,current,inertia_t3_w6,inertia,9.0,9.0,9.0,0.0,True,
ieee39,0.2,current,inertia_t3_v0,inertia,0.0,0.0,0.0,0.0,True,
ieee39,0.2,current,inertia_t3_v1,inertia,0.0,0.0,0.0,0.0,True,
ieee39,0.2,current,inertia_t3_v2,inertia,0.0,0.0,0.0,0.0,True,
ieee39,0.2,current,reactive_t3_z2,reactive,0.03,0.03000000026077032,0.03000000026077032,0.0,True,
ieee39,0.2,current,reactive_t3_z3,reactive,0.03,0.03000000026077032,0.03000000026077032,0.0,True,
ieee39,0.2,current,reserve_t4,reserve,12.0,12.0,12.0,0.0,True,
ieee39,0.2,current,inertia_t4_w0,inertia,0.0,0.0,0.0,0.0,True,
ieee39,0.2,current,inertia_t4_w1,inertia,0.0,0.0,0.0,0.0,True,
ieee39,0.2,current,inertia_t4_w2,inertia,0.0,0.0,0.0,0.0,True,
ieee39,0.2,current,inertia_t4_w3,inertia,0.0,0.0,0.0,0.0,True,
ieee39,0.2,current,inertia_t4_w4,inertia,0.0,0.0,0.0,0.0,True,
ieee39,0.2,current,inertia_t4_w5,inertia,0.0,0.0,0.0,0.0,True,
ieee39,0.2,current,inertia_t4_w6,inertia,9.0,9.0,9.0,0.0,True,
ieee39,0.2,current,inertia_t4_v0,inertia,0.0,0.0,0.0,0.0,True,
ieee39,0.2,current,inertia_t4_v1,inertia,0.0,0.0,0.0,0.0,True,
ieee39,0.2,current,inertia_t4_v2,inertia,0.0,0.0,0.0,0.0,True,
ieee39,0.2,current,reactive_t4_z2,reactive,0.03,0.03000000026077032,0.03000000026077032,0.0,True,
ieee39,0.2,current,reactive_t4_z3,reactive,0.03,0.03000000026077032,0.03000000026077032,0.0,True,
ieee39,0.2,current,reserve_t5,reserve,12.0,12.0,12.0,0.0,True,
ieee39,0.2,current,inertia_t5_w0,inertia,0.0,0.0,0.0,0.0,True,
ieee39,0.2,current,inertia_t5_w1,inertia,0.0,0.0,0.0,0.0,True,
ieee39,0.2,current,inertia_t5_w2,inertia,0.0,0.0,0.0,0.0,True,
ieee39,0.2,current,inertia_t5_w3,inertia,0.0,0.0,0.0,0.0,True,
ieee39,0.2,current,inertia_t5_w4,inertia,0.0,0.0,0.0,0.0,True,
ieee39,0.2,current,inertia_t5_w5,inertia,0.0,0.0,0.0,0.0,True,
ieee39,0.2,current,inertia_t5_w6,inertia,9.0,9.0,9.0,0.0,True,
ieee39,0.2,current,inertia_t5_v0,inertia,0.0,0.0,0.0,0.0,True,
ieee39,0.2,current,inertia_t5_v1,inertia,0.0,0.0,0.0,0.0,True,
ieee39,0.2,current,inertia_t5_v2,inertia,0.0,0.0,0.0,0.0,True,
ieee39,0.2,current,reactive_t5_z2,reactive,0.03,0.03000000026077032,0.03000000026077032,0.0,True,
ieee39,0.2,current,reactive_t5_z3,reactive,0.03,0.03000000026077032,0.03000000026077032,0.0,True,
ieee39,0.2,current,reserve_t6,reserve,12.0,12.0,12.0,0.0,True,
ieee39,0.2,current,inertia_t6_w0,inertia,0.0,0.0,0.0,0.0,True,
ieee39,0.2,current,inertia_t6_w1,inertia,0.0,0.0,0.0,0.0,True,
ieee39,0.2,current,inertia_t6_w2,inertia,0.0,0.0,0.0,0.0,True,
ieee39,0.2,current,inertia_t6_w3,inertia,0.0,0.0,0.0,0.0,True,
ieee39,0.2,current,inertia_t6_w4,inertia,0.0,0.0,0.0,0.0,True,
ieee39,0.2,current,inertia_t6_w5,inertia,0.0,0.0,0.0,0.0,True,
ieee39,0.2,current,inertia_t6_w6,inertia,9.0,9.0,9.0,0.0,True,
ieee39,0.2,current,inertia_t6_v0,inertia,0.0,0.0,0.0,0.0,True,
ieee39,0.2,current,inertia_t6_v1,inertia,0.0,0.0,0.0,0.0,True,
ieee39,0.2,current,inertia_t6_v2,inertia,0.0,0.0,0.0,0.0,True,
ieee39,0.2,current,reactive_t6_z2,reactive,0.03,0.03000000026077032,0.03000000026077032,0.0,True,
ieee39,0.2,current,reactive_t6_z3,reactive,0.03,0.03000000026077032,0.03000000026077032,0.0,True,
ieee39,0.2,current,reserve_t7,reserve,12.0,12.0,12.0,0.0,True,
ieee39,0.2,current,inertia_t7_w0,inertia,0.0,0.0,0.0,0.0,True,
ieee39,0.2,current,inertia_t7_w1,inertia,0.0,0.0,0.0,0.0,True,
ieee39,0.2,current,inertia_t7_w2,inertia,0.0,0.0,0.0,0.0,True,
ieee39,0.2,current,inertia_t7_w3,inertia,0.0,0.0,0.0,0.0,True,
ieee39,0.2,current,inertia_t7_w4,inertia,0.0,0.0,0.0,0.0,True,
ieee39,0.2,current,inertia_t7_w5,inertia,0.0,0.0,0.0,0.0,True,
ieee39,0.2,current,inertia_t7_w6,inertia,9.0,9.0,9.0,0.0,True,
ieee39,0.2,current,inertia_t7_v0,inertia,0.0,0.0,0.0,0.0,True,
ieee39,0.2,current,inertia_t7_v1,inertia,0.0,0.0,0.0,0.0,True,
ieee39,0.2,current,inertia_t7_v2,inertia,0.0,0.0,0.0,0.0,True,
ieee39,0.2,current,reactive_t7_z2,reactive,0.03,0.03000000026077032,0.03000000026077032,0.0,True,
ieee39,0.2,current,reactive_t7_z3,reactive,0.03,0.03000000026077032,0.03000000026077032,0.0,True,
ieee39,0.2,current,energy_t0,energy,113.99999999999999,114.0,114.0,0.0,True,
ieee39,0.2,current,energy_t1,energy,114.0,114.0,114.0,0.0,True,
ieee39,0.2,current,energy_t2,energy,113.99999999999999,114.0,114.0,0.0,True,
ieee39,0.2,current,energy_t3,energy,114.00000000000001,114.0,114.0,0.0,True,
ieee39,0.2,current,energy_t4,energy,114.0,114.0,114.0,0.0,True,
ieee39,0.2,current,energy_t5,energy,114.0,114.0,114.0,0.0,True,
ieee39,0.2,current,energy_t6,energy,113.99999999999999,114.0,114.0,0.0,True,
ieee39,0.2,current,energy_t7,energy,114.0,114.0,114.0,0.0,True,
ieee39,0.4,box,reserve_t0,reserve,27.0,27.0,27.0,0.0,True,
ieee39,0.4,box,inertia_t0_w0,inertia,0.0,0.0,0.0,0.0,True,
ieee39,0.4,box,inertia_t0_w1,inertia,0.0,0.0,0.0,0.0,True,
ieee39,0.4,box,inertia_t0_w2,inertia,0.0,0.0,0.0,0.0,True,
ieee39,0.4,box,inertia_t0_w3,inertia,0.0,0.0,0.0,0.0,True,
ieee39,0.4,box,inertia_t0_w4,inertia,24.0,24.0,24.0,0.0,True,
ieee39,0.4,box,inertia_t0_v0,inertia,0.0,0.0,0.0,0.0,True,
ieee39,0.4,box,inertia_t0_v1,inertia,0.0,0.0,0.0,0.0,True,
ieee39,0.4,box,inertia_t0_v2,inertia,0.0,0.0,0.0,0.0,True,
ieee39,0.4,box,inertia_t0_v3,inertia,0.0,0.0,0.0,0.0,True,
ieee39,0.4,box,inertia_t0_v4,inertia,0.0,0.0,0.0,0.0,True,
ieee39,0.4,box,reactive_t0_z1,reactive,0.03,0.029999999795109034,0.03000000026077032,4.656612873077393e-10,True,
ieee39,0.4,box,reactive_t0_z2,reactive,0.03,0.029999999795109034,0.03000000026077032,4.656612873077393e-10,True,
ieee39,0.4,box,reactive_t0_z3,reactive,0.03,0.029999999795109034,0.03000000026077032,4.656612873077393e-10,True,
ieee39,0.4,box,reserve_t1,reserve,26.999999999999986,27.0,27.0,0.0,True,
ieee39,0.4,box,inertia_t1_w0,inertia,0.0,0.0,0.0,0.0,True,
ieee39,0.4,box,inertia_t1_w1,inertia,0.0,0.0,0.0,0.0,True,
ieee39,0.4,box,inertia_t1_w2,inertia,0.0,0.0,0.0,0.0,True,
ieee39,0.4,box,inertia_t1_w3,inertia,0.0,0.0,0.0,0.0,True,
ieee39,0.4,box,inertia_t1_w4,inertia,23.999999999999986,24.0,24.0,0.0,True,
ieee39,0.4,box,inertia_t1_v0,inertia,0.0,0.0,0.0,0.0,True,
ieee39,0.4,box,inertia_t1_v1,inertia,0.0,0.0,0.0,0.0,True,
ieee39,0.4,box,inertia_t1_v2,inertia,0.0,0.0,0.0,0.0,True,
ieee39,0.4,box,inertia_t1_v3,inertia,0.0,0.0,0.0,0.0,True,
ieee39,0.4,box,inertia_t1_v4,inertia,0.0,0.0,0.0,0.0,True,
ieee39,0.4,box,reactive_t1_z1,reactive,0.03,0.029999999795109034,0.03000000026077032,4.656612873077393e-10,True,
ieee39,0.4,box,reactive_t1_z2,reactive,0.03,0.029999999795109034,0.03000000026077032,4.656612873077393e-10,True,
ieee39,0.4,box,reactive_t1_z3,reactive,0.03,0.029999999795109034,0.03000000026077032,4.656612873077393e-10,True,
ieee39,0.4,box,reserve_t2,reserve,27.0,27.0,27.0,0.0,True,
ieee39,0.4,box,inertia_t2_w0,inertia,0.0,0.0,0.0,0.0,True,
ieee39,0.4,box,inertia_t2_w1,inertia,0.0,0.0,0.0,0.0,True,
ieee39,0.4,box,inertia_t2_w2,inertia,0.0,0.0,0.0,0.0,True,
ieee39,0.4,box,inertia_t2_w3,inertia,0.0,0.0,0.0,0.0,True,
ieee39,0.4,box,inertia_t2_w4,inertia,24.0,24.0,24.0,0.0,True,
ieee39,0.4,box,inertia_t2_v0,inertia,0.0,0.0,0.0,0.0,True,
ieee39,0.4,box,inertia_t2_v1,inertia,0.0,0.0,0.0,0.0,True,
ieee39,0.4,box,inertia_t2_v2,inertia,0.0,0.0,0.0,0.0,True,
ieee39,0.4,box,inertia_t2_v3,inertia,0.0,0.0,0.0,0.0,True,
ieee39,0.4,box,inertia_t2_v4,inertia,0.0,0.0,0.0,0.0,True,
ieee39,0.4,box,reactive_t2_z1,reactive,0.03,0.029999999795109034,0.03000000026077032,4.656612873077393e-10,True,
ieee39,0.4,box,reactive_t2_z2,reactive,0.03,0.029999999795109034,0.03000000026077032,4.656612873077393e-10,True,
ieee39,0.4,box,reactive_t2_z3,reactive,0.03,0.029999999795109034,0.03000000026077032,4.656612873077393e-10,True,
ieee39,0.4,box,reserve_t3,reserve,27.0,27.0,27.0,0.0,True,
ieee39,0.4,box,inertia_t3_w0,inertia,0.0,0.0,0.0,0.0,True,
ieee39,0.4,box,inertia_t3_w1,inertia,0.0,0.0,0.0,0.0,True,
ieee39,0.4,box,inertia_t3_w2,inertia,0.0,0.0,0.0,0.0,True,
ieee39,0.4,box,inertia_t3_w3,inertia,0.0,0.0,0.0,0.0,True,
ieee39,0.4,box,inertia_t3_w4,inertia,24.0,24.0,24.0,0.0,True,
ieee39,0.4,box,inertia_t3_v0,inertia,0.0,0.0,0.0,0.0,True,
ieee39,0.4,box,inertia_t3_v1,inertia,0.0,0.0,0.0,0.0,True,
ieee39,0.4,box,inertia_t3_v2,inertia,0.0,0.0,0.0,0.0,True,
ieee39,0.4,box,inertia_t3_v3,inertia,0.0,0.0,0.0,0.0,True,
ieee39,0.4,box,inertia_t3_v4,inertia,0.0,0.0,0.0,0.0,True,
ieee39,0.4,box,reactive_t3_z1,reactive,0.03,0.029999999795109034,0.03000000026077032,4.656612873077393e-10,True,
ieee39,0.4,box,reactive_t3_z2,reactive,0.03,0.029999999795109034,0.03000000026077032,4.656612873077393e-10,True,
ieee39,0.4,box,reactive_t3_z3,reactive,0.03,0.029999999795109034,0.03000000026077032,4.656612873077393e-10,True,
ieee39,0.4,box,reserve_t4,reserve,27.0,27.0,27.0,0.0,True,
ieee39,0.4,box,inertia_t4_w0,inertia,0.0,0.0,0.0,0.0,True,
ieee39,0.4,box,inertia_t4_w1,inertia,0.0,0.0,0.0,0.0,True,
ieee39,0.4,box,inertia_t4_w2,inertia,0.0,0.0,0.0,0.0,True,
ieee39,0.4,box,inertia_t4_w3,inertia,0.0,0.0,0.0,0.0,True,
ieee39,0.4,box,inertia_t4_w4,inertia,24.0,24.0,24.0,0.0,True,
ieee39,0.4,box,inertia_t4_v0,inertia,0.0,0.0,0.0,0.0,True,
ieee39,0.4,box,inertia_t4_v1,inertia,0.0,0.0,0.0,0.0,True,
ieee39,0.4,box,inertia_t4_v2,inertia,0.0,0.0,0.0,0.0,True,
ieee39,0.4,box,inertia_t4_v3,inertia,0.0,0.0,0.0,0.0,True,
ieee39,0.4,box,inertia_t4_v4,inertia,0.0,0.0,0.0,0.0,True,
ieee39,0.4,box,reactive_t4_z1,reactive,0.03,0.029999999795109034,0.03000000026077032,4.656612873077393e-10,True,
ieee39,0.4,box,reactive_t4_z2,reactive,0.03,0.029999999795109034,0.03000000026077032,4.656612873077393e-10,True,
ieee39,0.4,box,reactive_t4_z3,reactive,0.03,0.029999999795109034,0.03000000026077032,4.656612873077393e-10,True,
ieee39,0.4,box,reserve_t5,reserve,27.0,27.0,27.0,0.0,True,
ieee39,0.4,box,inertia_t5_w0,inertia,0.0,0.0,0.0,0.0,True,
ieee39,0.4,box,inertia_t5_w1,inertia,0.0,0.0,0.0,0.0,True,
ieee39,0.4,box,inertia_t5_w2,inertia,0.0,0.0,0.0,0.0,True,
ieee39,0.4,box,inertia_t5_w3,inertia,0.0,0.0,0.0,0.0,True,
ieee39,0.4,box,inertia_t5_w4,inertia,24.0,24.0,24.0,0.0,True,
ieee39,0.4,box,inertia_t5_v0,inertia,0.0,0.0,0.0,0.0,True,
ieee39,0.4,box,inertia_t5_v1,inertia,0.0,0.0,0.0,0.0,True,
ieee39,0.4,box,inertia_t5_v2,inertia,0.0,0.0,0.0,0.0,True,
ieee39,0.4,box,inertia_t5_v3,inertia,0.0,0.0,0.0,0.0,True,
ieee39,0.4,box,inertia_t5_v4,inertia,0.0,0.0,0.0,0.0,True,
ieee39,0.4,box,reactive_t5_z1,reactive,0.03,0.029999999795109034,0.03000000026077032,4.656612873077393e-10,True,
ieee39,0.4,box,reactive_t5_z2,reactive,0.03,0.029999999795109034,0.03000000026077032,4.656612873077393e-10,True,
ieee39,0.4,box,reactive_t5_z3,reactive,0.03,0.029999999795109034,0.03000000026077032,4.656612873077393e-10,True,
ieee39,0.4,box,reserve_t6,reserve,27.0,27.0,27.0,0.0,True,
ieee39,0.4,box,inertia_t6_w0,inertia,0.0,0.0,0.0,0.0,True,
ieee39,0.4,box,inertia_t6_w1,inertia,0.0,0.0,0.0,0.0,True,
ieee39,0.4,box,inertia_t6_w2,inertia,0.0,0.0,0.0,0.0,True,
ieee39,0.4,box,inertia_t6_w3,inertia,0.0,0.0,0.0,0.0,True,
ieee39,0.4,box,inertia_t6_w4,inertia,24.0,24.0,24.0,0.0,True,
ieee39,0.4,box,inertia_t6_v0,inertia,0.0,0.0,0.0,0.0,True,
ieee39,0.4,box,inertia_t6_v1,inertia,0.0,0.0,0.0,0.0,True,
ieee39,0.4,box,inertia_t6_v2,inertia,0.0,0.0,0.0,0.0,True,
ieee39,0.4,box,inertia_t6_v3,inertia,0.0,0.0,0.0,0.0,True,
ieee39,0.4,box,inertia_t6_v4,inertia,0.0,0.0,0.0,0.0,True,
ieee39,0.4,box,reactive_t6_z1,reactive,0.03,0.029999999795109034,0.03000000026077032,4.656612873077393e-10,True,
ieee39,0.4,box,reactive_t6_z2,reactive,0.03,0.029999999795109034,0.03000000026077032,4.656612873077393e-10,True,
ieee39,0.4,box,reactive_t6_z3,reactive,0.03,0.029999999795109034,0.03000000026077032,4.656612873077393e-10,True,
ieee39,0.4,box,reserve_t7,reserve,27.0,27.0,27.0,0.0,True,
ieee39,0.4,box,inertia_t7_w0,inertia,0.0,0.0,0.0,0.0,True,
ieee39,0.4,box,inertia_t7_w1,inertia,0.0,0.0,0.0,0.0,True,
ieee39,0.4,box,inertia_t7_w2,inertia,0.0,0.0,0.0,0.0,True,
ieee39,0.4,box,inertia_t7_w3,inertia,0.0,0.0,0.0,0.0,True,
ieee39,0.4,box,inertia_t7_w4,inertia,24.0,24.0,24.0,0.0,True,
ieee39,0.4,box,inertia_t7_v0,inertia,0.0,0.0,0.0,0.0,True,
ieee39,0.4,box,inertia_t7_v1,inertia,0.0,0.0,0.0,0.0,True,
ieee39,0.4,box,inertia_t7_v2,inertia,0.0,0.0,0.0,0.0,True,
ieee39,0.4,box,inertia_t7_v3,inertia,0.0,0.0,0.0,0.0,True,
ieee39,0.4,box,inertia_t7_v4,inertia,0.0,0.0,0.0,0.0,True,
ieee39,0.4,box,reactive_t7_z1,reactive,0.03,0.029999999795109034,0.03000000026077032,4.656612873077393e-10,True,
ieee39,0.4,box,reactive_t7_z2,reactive,0.03,0.029999999795109034,0.03000000026077032,4.656612873077393e-10,True,
ieee39,0.4,box,reactive_t7_z3,reactive,0.03,0.029999999795109034,0.03000000026077032,4.656612873077393e-10,True,
ieee39,0.4,box,energy_t0,energy,114.0,114.0,114.0,0.0,True,
ieee39,0.4,box,energy_t1,energy,113.99999999999999,114.0,114.0,0.0,True,
ieee39,0.4,box,energy_t2,energy,114.0,114.0,114.0,0.0,True,
ieee39,0.4,box,energy_t3,energy,114.0,114.0,114.0,0.0,True,
ieee39,0.4,box,energy_t4,energy,114.0,114.0,114.0,0.0,True,
ieee39,0.4,box,energy_t5,energy,114.0,114.0,114.0,0.0,True,
ieee39,0.4,box,energy_t6,energy,114.0,114.0,114.0,0.0,True,
ieee39,0.4,box,energy_t7,energy,114.0,114.0,114.0,0.0,True,
ieee39,0.4,current,reserve_t0,reserve,12.0,12.0,12.0,0.0,True,
ieee39,0.4,current,inertia_t0_w0,inertia,0.0,0.0,0.0,0.0,True,
ieee39,0.4,current,inertia_t0_w1,inertia,0.0,0.0,0.0,0.0,True,
ieee39,0.4,current,inertia_t0_w2,inertia,0.0,0.0,0.0,0.0,True,
ieee39,0.4,current,inertia_t0_w3,inertia,0.0,0.0,0.0,0.0,True,
ieee39,0.4,current,inertia_t0_w4,inertia,9.0,9.0,9.0,0.0,True,
ieee39,0.4,current,inertia_t0_v0,inertia,0.0,0.0,0.0,0.0,True,
ieee39,0.4,current,inertia_t0_v1,inertia,0.0,0.0,0.0,0.0,True,
ieee39,0.4,current,inertia_t0_v2,inertia,0.0,0.0,0.0,0.0,True,
ieee39,0.4,current,inertia_t0_v3,inertia,0.0,0.0,0.0,0.0,True,
ieee39,0.4,current,inertia_t0_v4,inertia,0.0,0.0,0.0,0.0,True,
ieee39,0.4,current,reactive_t0_z1,reactive,0.03,0.029999999795109034,0.029999999795109034,0.0,True,
ieee39,0.4,current,reactive_t0_z2,reactive,0.03,0.029999999795109034,0.029999999795109034,0.0,True,
ieee39,0.4,current,reactive_t0_z3,reactive,0.03,0.029999999795109034,0.029999999795109034,0.0,True,
ieee39,0.4,current,reserve_t1,reserve,12.0,12.0,12.0,0.0,True,
ieee39,0.4,current,inertia_t1_w0,inertia,0.0,0.0,0.0,0.0,True,
ieee39,0.4,current,inertia_t1_w1,inertia,0.0,0.0,0.0,0.0,True,
ieee39,0.4,current,inertia_t1_w2,inertia,0.0,0.0,0.0,0.0,True,
ieee39,0.4,current,inertia_t1_w3,inertia,0.0,0.0,0.0,0.0,True,
ieee39,0.4,current,inertia_t1_w4,inertia,9.0,9.0,9.0,0.0,True,
ieee39,0.4,current,inertia_t1_v0,inertia,0.0,0.0,0.0,0.0,True,
ieee39,0.4,current,inertia_t1_v1,inertia,0.0,0.0,0.0,0.0,True,
ieee39,0.4,current,inertia_t1_v2,inertia,0.0,0.0,0.0,0.0,True,
ieee39,0.4,current,inertia_t1_v3,inertia,0.0,0.0,0.0,0.0,True,
ieee39,0.4,current,inertia_t1_v4,inertia,0.0,0.0,0.0,0.0,True,
ieee39,0.4,current,reactive_t1_z1,reactive,0.03,0.029999999795109034,0.029999999795109034,0.0,True,
ieee39,0.4,current,reactive_t1_z2,reactive,0.03,0.03000000026077032,0.029999999795109034,4.656612873077393e-10,True,
ieee39,0.4,current,reactive_t1_z3,reactive,0.03,0.029999999795109034,0.029999999795109034,0.0,True,
ieee39,0.4,current,reserve_t2,reserve,12.0,12.0,12.0,0.0,True,
ieee39,0.4,current,inertia_t2_w0,inertia,0.0,0.0,0.0,0.0,True,
ieee39,0.4,current,inertia_t2_w1,inertia,0.0,0.0,0.0,0.0,True,
ieee39,0.4,current,inertia_t2_w2,inertia,0.0,0.0,0.0,0.0,True,
ieee39,0.4,current,inertia_t2_w3,inertia,0.0,0.0,0.0,0.0,True,
ieee39,0.4,current,inertia_t2_w4,inertia,9.0,9.0,9.0,0.0,True,
ieee39,0.4,current,inertia_t2_v0,inertia,0.0,0.0,0.0,0.0,True,
ieee39,0.4,current,inertia_t2_v1,inertia,0.0,0.0,0.0,0.0,True,
ieee39,0.4,current,inertia_t2_v2,inertia,0.0,0.0,0.0,0.0,True,
ieee39,0.4,current,inertia_t2_v3,inertia,0.0,0.0,0.0,0.0,True,
ieee39,0.4,current,inertia_t2_v4,inertia,0.0,0.0,0.0,0.0,True,
ieee39,0.4,current,reactive_t2_z1,reactive,0.03,0.029999999795109034,0.029999999795109034,0.0,True,
ieee39,0.4,current,reactive_t2_z2,reactive,0.03,0.029999999795109034,0.029999999795109034,0.0,True,
ieee39,0.4,current,reactive_t2_z3,reactive,0.03,0.029999999795109034,0.029999999795109034,0.0,True,
ieee39,0.4,current,reserve_t3,reserve,12.0,12.0,12.0,0.0,True,
ieee39,0.4,current,inertia_t3_w0,inertia,0.0,0.0,0.0,0.0,True,
ieee39,0.4,current,inertia_t3_w1,inertia,0.0,0.0,0.0,0.0,True,
ieee39,0.4,current,inertia_t3_w2,inertia,0.0,0.0,0.0,0.0,True,
ieee39,0.4,current,inertia_t3_w3,inertia,0.0,0.0,0.0,0.0,True,
ieee39,0.4,current,inertia_t3_w4,inertia,9.0,9.0,9.0,0.0,True,
ieee39,0.4,current,inertia_t3_v0,inertia,0.0,0.0,0.0,0.0,True,
ieee39,0.4,current,inertia_t3_v1,inertia,0.0,0.0,0.0,0.0,True,
ieee39,0.4,current,inertia_t3_v2,inertia,0.0,0.0,0.0,0.0,True,
ieee39,0.4,current,inertia_t3_v3,inertia,0.0,0.0,0.0,0.0,True,
ieee39,0.4,current,inertia_t3_v4,inertia,0.0,0.0,0.0,0.0,True,
ieee39,0.4,current,reactive_t3_z1,reactive,0.03,0.029999999795109034,0.029999999795109034,0.0,True,
ieee39,0.4,current,reactive_t3_z2,reactive,0.03,0.029999999795109034,0.029999999795109034,0.0,True,
ieee39,0.4,current,reactive_t3_z3,reactive,0.03,0.029999999795109034,0.029999999795109034,0.0,True,
ieee39,0.4,current,reserve_t4,reserve,12.0,12.0,12.0,0.0,True,
ieee39,0.4,current,inertia_t4_w0,inertia,0.0,0.0,0.0,0.0,True,
ieee39,0.4,current,inertia_t4_w1,inertia,0.0,0.0,0.0,0.0,True,
ieee39,0.4,current,inertia_t4_w2,inertia,0.0,0.0,0.0,0.0,True,
ieee39,0.4,current,inertia_t4_w3,inertia,0.0,0.0,0.0,0.0,True,
ieee39,0.4,current,inertia_t4_w4,inertia,9.0,9.0,9.0,0.0,True,
ieee39,0.4,current,inertia_t4_v0,inertia,0.0,0.0,0.0,0.0,True,
ieee39,0.4,current,inertia_t4_v1,inertia,0.0,0.0,0.0,0.0,True,
ieee39,0.4,current,inertia_t4_v2,inertia,0.0,0.0,0.0,0.0,True,
ieee39,0.4,current,inertia_t4_v3,inertia,0.0,0.0,0.0,0.0,True,
ieee39,0.4,current,inertia_t4_v4,inertia,0.0,0.0,0.0,0.0,True,
ieee39,0.4,current,reactive_t4_z1,reactive,0.03,0.029999999795109034,0.029999999795109034,0.0,True,
ieee39,0.4,current,reactive_t4_z2,reactive,0.03,0.029999999795109034,0.029999999795109034,0.0,True,
ieee39,0.4,current,reactive_t4_z3,reactive,0.03,0.029999999795109034,0.029999999795109034,0.0,True,
ieee39,0.4,current,reserve_t5,reserve,12.0,12.0,12.0,0.0,True,
ieee39,0.4,current,inertia_t5_w0,inertia,0.0,0.0,0.0,0.0,True,
ieee39,0.4,current,inertia_t5_w1,inertia,0.0,0.0,0.0,0.0,True,
ieee39,0.4,current,inertia_t5_w2,inertia,0.0,0.0,0.0,0.0,True,
ieee39,0.4,current,inertia_t5_w3,inertia,0.0,0.0,0.0,0.0,True,
ieee39,0.4,current,inertia_t5_w4,inertia,9.0,9.0,9.0,0.0,True,
ieee39,0.4,current,inertia_t5_v0,inertia,0.0,0.0,0.0,0.0,True,
ieee39,0.4,current,inertia_t5_v1,inertia,0.0,0.0,0.0,0.0,True,
ieee39,0.4,current,inertia_t5_v2,inertia,0.0,0.0,0.0,0.0,True,
ieee39,0.4,current,inertia_t5_v3,inertia,0.0,0.0,0.0,0.0,True,
ieee39,0.4,current,inertia_t5_v4,inertia,0.0,0.0,0.0,0.0,True,
ieee39,0.4,current,reactive_t5_z1,reactive,0.03,0.029999999795109034,0.029999999795109034,0.0,True,
ieee39,0.4,current,reactive_t5_z2,reactive,0.03,0.029999999795109034,0.029999999795109034,0.0,True,
ieee39,0.4,current,reactive_t5_z3,reactive,0.03,0.029999999795109034,0.029999999795109034,0.0,True,
ieee39,0.4,current,reserve_t6,reserve,12.0,12.0,12.0,0.0,True,
ieee39,0.4,current,inertia_t6_w0,inertia,0.0,0.0,0.0,0.0,True,
ieee39,0.4,current,inertia_t6_w1,inertia,0.0,0.0,0.0,0.0,True,
ieee39,0.4,current,inertia_t6_w2,inertia,0.0,0.0,0.0,0.0,True,
ieee39,0.4,current,inertia_t6_w3,inertia,0.0,0.0,0.0,0.0,True,
ieee39,0.4,current,inertia_t6_w4,inertia,9.0,9.0,9.0,0.0,True,
ieee39,0.4,current,inertia_t6_v0,inertia,0.0,0.0,0.0,0.0,True,
ieee39,0.4,current,inertia_t6_v1,inertia,0.0,0.0,0.0,0.0,True,
ieee39,0.4,current,inertia_t6_v2,inertia,0.0,0.0,0.0,0.0,True,
ieee39,0.4,current,inertia_t6_v3,inertia,0.0,0.0,0.0,0.0,True,
ieee39,0.4,current,inertia_t6_v4,inertia,0.0,0.0,0.0,0.0,True,
ieee39,0.4,current,reactive_t6_z1,reactive,0.03,0.029999999795109034,0.029999999795109034,0.0,True,
ieee39,0.4,current,reactive_t6_z2,reactive,0.03,0.029999999795109034,0.029999999795109034,0.0,True,
ieee39,0.4,current,reactive_t6_z3,reactive,0.03,0.029999999795109034,0.029999999795109034,0.0,True,
ieee39,0.4,current,reserve_t7,reserve,12.0,12.0,12.0,0.0,True,
ieee39,0.4,current,inertia_t7_w0,inertia,0.0,0.0,0.0,0.0,True,
ieee39,0.4,current,inertia_t7_w1,inertia,0.0,0.0,0.0,0.0,True,
ieee39,0.4,current,inertia_t7_w2,inertia,0.0,0.0,0.0,0.0,True,
ieee39,0.4,current,inertia_t7_w3,inertia,0.0,0.0,0.0,0.0,True,
ieee39,0.4,current,inertia_t7_w4,inertia,9.0,9.0,9.0,0.0,True,
ieee39,0.4,current,inertia_t7_v0,inertia,0.0,0.0,0.0,0.0,True,
ieee39,0.4,current,inertia_t7_v1,inertia,0.0,0.0,0.0,0.0,True,
ieee39,0.4,current,inertia_t7_v2,inertia,0.0,0.0,0.0,0.0,True,
ieee39,0.4,current,inertia_t7_v3,inertia,0.0,0.0,0.0,0.0,True,
ieee39,0.4,current,inertia_t7_v4,inertia,0.0,0.0,0.0,0.0,True,
ieee39,0.4,current,reactive_t7_z1,reactive,0.03,0.029999999795109034,0.029999999795109034,0.0,True,
ieee39,0.4,current,reactive_t7_z2,reactive,0.03,0.029999999795109034,0.029999999795109034,0.0,True,
ieee39,0.4,current,reactive_t7_z3,reactive,0.03,0.029999999795109034,0.029999999795109034,0.0,True,
ieee39,0.4,current,energy_t0,energy,114.0,114.0,114.0,0.0,True,
ieee39,0.4,current,energy_t1,energy,114.0,114.0,114.0,0.0,True,
ieee39,0.4,current,energy_t2,energy,114.0,114.0,114.0,0.0,True,
ieee39,0.4,current,energy_t3,energy,113.99999999999999,114.0,114.0,0.0,True,
ieee39,0.4,current,energy_t4,energy,113.99999999999999,114.00000000046566,113.99999999953434,9.313225746154785e-10,True,
ieee39,0.4,current,energy_t5,energy,113.99999999999999,113.99999999953434,114.0,4.656612873077393e-10,True,
ieee39,0.4,current,energy_t6,energy,113.99999999999999,114.0,113.99999999953434,4.656612873077393e-10,True,
ieee39,0.4,current,energy_t7,energy,114.0,114.0,114.0,0.0,True,
rts24,0.2,box,reserve_t0,reserve,27.0,27.00000000023283,26.99999999976717,4.656612873077393e-10,True,
rts24,0.2,box,inertia_t0_w0,inertia,0.0,0.0,0.0,0.0,True,
rts24,0.2,box,inertia_t0_w1,inertia,0.0,0.0,0.0,0.0,True,
rts24,0.2,box,inertia_t0_w2,inertia,0.0,0.0,0.0,0.0,True,
rts24,0.2,box,inertia_t0_w3,inertia,0.0,0.0,0.0,0.0,True,
rts24,0.2,box,inertia_t0_w4,inertia,0.0,0.0,0.0,0.0,True,
rts24,0.2,box,inertia_t0_w5,inertia,0.0,0.0,0.0,0.0,True,
rts24,0.2,box,inertia_t0_w6,inertia,0.0,0.0,0.0,0.0,True,
rts24,0.2,box,inertia_t0_w7,inertia,0.0,0.0,0.0,0.0,True,
rts24,0.2,box,inertia_t0_w8,inertia,0.0,0.0,0.0,0.0,True,
rts24,0.2,box,inertia_t0_w9,inertia,0.0,0.0,0.0,0.0,True,
rts24,0.2,box,inertia_t0_w10,inertia,0.0,0.0,0.0,0.0,True,
rts24,0.2,box,inertia_t0_w11,inertia,24.0,0.0,23.99999999976717,23.99999999976717,True,
rts24,0.2,box,inertia_t0_w12,inertia,0.0,0.0,23.99999999976717,23.99999999976717,True,
rts24,0.2,box,inertia_t0_v0,inertia,0.0,0.0,0.0,0.0,True,
rts24,0.2,box,inertia_t0_v1,inertia,0.0,0.0,0.0,0.0,True,
rts24,0.2,box,inertia_t0_v2,inertia,0.0,0.0,0.0,0.0,True,
rts24,0.2,box,inertia_t0_v3,inertia,0.0,0.0,0.0,0.0,True,
rts24,0.2,box,inertia_t0_v4,inertia,0.0,0.0,0.0,0.0,True,
rts24,0.2,box,inertia_t0_v5,inertia,0.0,0.0,0.0,0.0,True,
rts24,0.2,box,inertia_t0_v6,inertia,0.0,0.0,0.0,0.0,True,
rts24,0.2,box,inertia_t0_v7,inertia,0.0,0.0,0.0,0.0,True,
rts24,0.2,box,inertia_t0_v8,inertia,0.0,0.0,0.0,0.0,True,
rts24,0.2,box,inertia_t0_v9,inertia,0.0,0.0,0.0,0.0,True,
rts24,0.2,box,inertia_t0_v10,inertia,0.0,0.0,0.0,0.0,True,
rts24,0.2,box,inertia_t0_v11,inertia,0.0,0.0,0.0,0.0,True,
rts24,0.2,box,inertia_t0_v12,inertia,0.0,0.0,0.0,0.0,True,
rts24,0.2,box,inertia_t0_v13,inertia,0.0,0.0,0.0,0.0,True,
rts24,0.2,box,inertia_t0_v14,inertia,0.0,0.0,0.0,0.0,True,
rts24,0.2,box,inertia_t0_v15,inertia,0.0,0.0,0.0,0.0,True,
rts24,0.2,box,inertia_t0_v16,inertia,0.0,0.0,0.0,0.0,True,
rts24,0.2,box,inertia_t0_v17,inertia,0.0,0.0,0.0,0.0,True,
rts24,0.2,box,inertia_t0_v18,inertia,0.0,0.0,0.0,0.0,True,
rts24,0.2,box,reactive_t0_z1,reactive,0.03,0.030000000027939677,0.030000000027939677,0.0,True,
rts24,0.2,box,reactive_t0_z4,reactive,0.03,0.030000000027939677,0.030000000027939677,0.0,True,
rts24,0.2,box,reserve_t1,reserve,27.0,27.00000000023283,27.0,2.3283064365386963e-10,True,
rts24,0.2,box,inertia_t1_w0,inertia,0.0,0.0,0.0,0.0,True,
rts24,0.2,box,inertia_t1_w1,inertia,0.0,0.0,0.0,0.0,True,
rts24,0.2,box,inertia_t1_w2,inertia,0.0,0.0,0.0,0.0,True,
rts24,0.2,box,inertia_t1_w3,inertia,0.0,0.0,0.0,0.0,True,
rts24,0.2,box,inertia_t1_w4,inertia,0.0,0.0,0.0,0.0,True,
rts24,0.2,box,inertia_t1_w5,inertia,0.0,0.0,0.0,0.0,True,
rts24,0.2,box,inertia_t1_w6,inertia,0.0,0.0,0.0,0.0,True,
rts24,0.2,box,inertia_t1_w7,inertia,0.0,0.0,0.0,0.0,True,
rts24,0.2,box,inertia_t1_w8,inertia,0.0,0.0,0.0,0.0,True,
rts24,0.2,box,inertia_t1_w9,inertia,0.0,0.0,0.0,0.0,True,
rts24,0.2,box,inertia_t1_w10,inertia,0.0,0.0,0.0,0.0,True,
rts24,0.2,box,inertia_t1_w11,inertia,24.0,0.0,24.0,24.0,True,
rts24,0.2,box,inertia_t1_w12,inertia,0.0,0.0,24.0,24.0,True,
rts24,0.2,box,inertia_t1_v0,inertia,0.0,0.0,0.0,0.0,True,
rts24,0.2,box,inertia_t1_v1,inertia,0.0,0.0,0.0,0.0,True,
rts24,0.2,box,inertia_t1_v2,inertia,0.0,0.0,0.0,0.0,True,
rts24,0.2,box,inertia_t1_v3,inertia,0.0,0.0,0.0,0.0,True,
rts24,0.2,box,inertia_t1_v4,inertia,0.0,0.0,0.0,0.0,True,
rts24,0.2,box,inertia_t1_v5,inertia,0.0,0.0,0.0,0.0,True,
rts24,0.2,box,inertia_t1_v6,inertia,0.0,0.0,0.0,0.0,True,
rts24,0.2,box,inertia_t1_v7,inertia,0.0,0.0,0.0,0.0,True,
rts24,0.2,box,inertia_t1_v8,inertia,0.0,0.0,0.0,0.0,True,
rts24,0.2,box,inertia_t1_v9,inertia,0.0,0.0,0.0,0.0,True,
rts24,0.2,box,inertia_t1_v10,inertia,0.0,0.0,0.0,0.0,True,
rts24,0.2,box,inertia_t1_v11,inertia,0.0,0.0,0.0,0.0,True,
rts24,0.2,box,inertia_t1_v12,inertia,0.0,0.0,0.0,0.0,True,
rts24,0.2,box,inertia_t1_v13,inertia,0.0,0.0,0.0,0.0,True,
rts24,0.2,box,inertia_t1_v14,inertia,0.0,0.0,0.0,0.0,True,
rts24,0.2,box,inertia_t1_v15,inertia,0.0,0.0,0.0,0.0,True,
rts24,0.2,box,inertia_t1_v16,inertia,0.0,0.0,0.0,0.0,True,
rts24,0.2,box,inertia_t1_v17,inertia,0.0,0.0,0.0,0.0,True,
rts24,0.2,box,inertia_t1_v18,inertia,0.0,0.0,0.0,0.0,True,
rts24,0.2,box,reactive_t1_z1,reactive,0.03,0.030000000027939677,0.030000000027939677,0.0,True,
rts24,0.2,box,reactive_t1_z4,reactive,0.03,0.030000000027939677,0.030000000027939677,0.0,True,
rts24,0.2,box,reserve_t2,reserve,27.0,27.0,27.0,0.0,True,
rts24,0.2,box,inertia_t2_w0,inertia,0.0,0.0,0.0,0.0,True,
rts24,0.2,box,inertia_t2_w1,inertia,0.0,0.0,0.0,0.0,True,
rts24,0.2,box,inertia_t2_w2,inertia,0.0,0.0,0.0,0.0,True,
rts24,0.2,box,inertia_t2_w3,inertia,0.0,0.0,0.0,0.0,True,
rts24,0.2,box,inertia_t2_w4,inertia,0.0,0.0,0.0,0.0,True,
rts24,0.2,box,inertia_t2_w5,inertia,0.0,0.0,0.0,0.0,True,
rts24,0.2,box,inertia_t2_w6,inertia,0.0,0.0,0.0,0.0,True,
rts24,0.2,box,inertia_t2_w7,inertia,0.0,0.0,0.0,0.0,True,
rts24,0.2,box,inertia_t2_w8,inertia,0.0,0.0,0.0,0.0,True,
rts24,0.2,box,inertia_t2_w9,inertia,0.0,0.0,0.0,0.0,True,
rts24,0.2,box,inertia_t2_w10,inertia,0.0,0.0,0.0,0.0,True,
rts24,0.2,box,inertia_t2_w11,inertia,24.0,0.0,23.99999999976717,23.99999999976717,True,
rts24,0.2,box,inertia_t2_w12,inertia,0.0,0.0,23.99999999976717,23.99999999976717,True,
rts24,0.2,box,inertia_t2_v0,inertia,0.0,0.0,0.0,0.0,True,
rts24,0.2,box,inertia_t2_v1,inertia,0.0,0.0,0.0,0.0,True,
rts24,0.2,box,inertia_t2_v2,inertia,0.0,0.0,0.0,0.0,True,
rts24,0.2,box,inertia_t2_v3,inertia,0.0,0.0,0.0,0.0,True,
rts24,0.2,box,inertia_t2_v4,inertia,0.0,0.0,0.0,0.0,True,
rts24,0.2,box,inertia_t2_v5,inertia,0.0,0.0,0.0,0.0,True,
rts24,0.2,box,inertia_t2_v6,inertia,0.0,0.0,0.0,0.0,True,
rts24,0.2,box,inertia_t2_v7,inertia,0.0,0.0,0.0,0.0,True,
rts24,0.2,box,inertia_t2_v8,inertia,0.0,0.0,0.0,0.0,True,
rts24,0.2,box,inertia_t2_v9,inertia,0.0,0.0,0.0,0.0,True,
rts24,0.2,box,inertia_t2_v10,inertia,0.0,0.0,0.0,0.0,True,
rts24,0.2,box,inertia_t2_v11,inertia,0.0,0.0,0.0,0.0,True,
rts24,0.2,box,inertia_t2_v12,inertia,0.0,0.0,0.0,0.0,True,
rts24,0.2,box,inertia_t2_v13,inertia,0.0,0.0,0.0,0.0,True,
rts24,0.2,box,inertia_t2_v14,inertia,0.0,0.0,0.0,0.0,True,
rts24,0.2,box,inertia_t2_v15,inertia,0.0,0.0,0.0,0.0,True,
rts24,0.2,box,inertia_t2_v16,inertia,0.0,0.0,0.0,0.0,True,
rts24,0.2,box,inertia_t2_v17,inertia,0.0,0.0,0.0,0.0,True,
rts24,0.2,box,inertia_t2_v18,inertia,0.0,0.0,0.0,0.0,True,
rts24,0.2,box,reactive_t2_z1,reactive,0.03,0.030000000027939677,0.030000000027939677,0.0,True,
rts24,0.2,box,reactive_t2_z4,reactive,0.03,0.030000000027939677,0.030000000027939677,0.0,True,
rts24,0.2,box,reserve_t3,reserve,27.0,27.0,26.99999999976717,2.3283064365386963e-10,True,
rts24,0.2,box,inertia_t3_w0,inertia,0.0,0.0,0.0,0.0,True,
rts24,0.2,box,inertia_t3_w1,inertia,0.0,0.0,0.0,0.0,True,
rts24,0.2,box,inertia_t3_w2,inertia,0.0,0.0,0.0,0.0,True,
rts24,0.2,box,inertia_t3_w3,inertia,0.0,0.0,0.0,0.0,True,
rts24,0.2,box,inertia_t3_w4,inertia,0.0,0.0,0.0,0.0,True,
rts24,0.2,box,inertia_t3_w5,inertia,0.0,0.0,0.0,0.0,True,
rts24,0.2,box,inertia_t3_w6,inertia,0.0,0.0,0.0,0.0,True,
rts24,0.2,box,inertia_t3_w7,inertia,0.0,0.0,0.0,0.0,True,
rts24,0.2,box,inertia_t3_w8,inertia,0.0,0.0,0.0,0.0,True,
rts24,0.2,box,inertia_t3_w9,inertia,0.0,0.0,0.0,0.0,True,
rts24,0.2,box,inertia_t3_w10,inertia,0.0,0.0,0.0,0.0,True,
rts24,0.2,box,inertia_t3_w11,inertia,24.0,0.0,24.0,24.0,True,
rts24,0.2,box,inertia_t3_w12,inertia,0.0,0.0,24.0,24.0,True,
rts24,0.2,box,inertia_t3_v0,inertia,0.0,0.0,0.0,0.0,True,
rts24,0.2,box,inertia_t3_v1,inertia,0.0,0.0,0.0,0.0,True,
rts24,0.2,box,inertia_t3_v2,inertia,0.0,0.0,0.0,0.0,True,
rts24,0.2,box,inertia_t3_v3,inertia,0.0,0.0,0.0,0.0,True,
rts24,0.2,box,inertia_t3_v4,inertia,0.0,0.0,0.0,0.0,True,
rts24,0.2,box,inertia_t3_v5,inertia,0.0,0.0,0.0,0.0,True,
rts24,0.2,box,inertia_t3_v6,inertia,0.0,0.0,0.0,0.0,True,
rts24,0.2,box,inertia_t3_v7,inertia,0.0,0.0,0.0,0.0,True,
rts24,0.2,box,inertia_t3_v8,inertia,0.0,0.0,0.0,0.0,True,
rts24,0.2,box,inertia_t3_v9,inertia,0.0,0.0,0.0,0.0,True,
rts24,0.2,box,inertia_t3_v10,inertia,0.0,0.0,0.0,0.0,True,
rts24,0.2,box,inertia_t3_v11,inertia,0.0,0.0,0.0,0.0,True,
rts24,0.2,box,inertia_t3_v12,inertia,0.0,0.0,0.0,0.0,True,
rts24,0.2,box,inertia_t3_v13,inertia,0.0,0.0,0.0,0.0,True,
rts24,0.2,box,inertia_t3_v14,inertia,0.0,0.0,0.0,0.0,True,
rts24,0.2,box,inertia_t3_v15,inertia,0.0,0.0,0.0,0.0,True,
rts24,0.2,box,inertia_t3_v16,inertia,0.0,0.0,0.0,0.0,True,
rts24,0.2,box,inertia_t3_v17,inertia,0.0,0.0,0.0,0.0,True,
rts24,0.2,box,inertia_t3_v18,inertia,0.0,0.0,0.0,0.0,True,
rts24,0.2,box,reactive_t3_z1,reactive,0.03,0.030000000027939677,0.030000000027939677,0.0,True,
rts24,0.2,box,reactive_t3_z4,reactive,0.03,0.030000000027939677,0.030000000027939677,0.0,True,
rts24,0.2,box,reserve_t4,reserve,27.0,27.00000000023283,27.0,2.3283064365386963e-10,True,
rts24,0.2,box,inertia_t4_w0,inertia,0.0,0.0,0.0,0.0,True,
rts24,0.2,box,inertia_t4_w1,inertia,0.0,0.0,0.0,0.0,True,
rts24,0.2,box,inertia_t4_w2,inertia,0.0,0.0,0.0,0.0,True,
rts24,0.2,box,inertia_t4_w3,inertia,0.0,0.0,0.0,0.0,True,
rts24,0.2,box,inertia_t4_w4,inertia,0.0,0.0,0.0,0.0,True,
rts24,0.2,box,inertia_t4_w5,inertia,0.0,0.0,0.0,0.0,True,
rts24,0.2,box,inertia_t4_w6,inertia,0.0,0.0,0.0,0.0,True,
rts24,0.2,box,inertia_t4_w7,inertia,0.0,0.0,0.0,0.0,True,
rts24,0.2,box,inertia_t4_w8,inertia,0.0,0.0,0.0,0.0,True,
rts24,0.2,box,inertia_t4_w9,inertia,0.0,0.0,0.0,0.0,True,
rts24,0.2,box,inertia_t4_w10,inertia,0.0,0.0,0.0,0.0,True,
rts24,0.2,box,inertia_t4_w11,inertia,24.0,0.0,23.99999999976717,23.99999999976717,True,
rts24,0.2,box,inertia_t4_w12,inertia,0.0,0.0,23.99999999976717,23.99999999976717,True,
rts24,0.2,box,inertia_t4_v0,inertia,0.0,0.0,0.0,0.0,True,
rts24,0.2,box,inertia_t4_v1,inertia,0.0,0.0,0.0,0.0,True,
rts24,0.2,box,inertia_t4_v2,inertia,0.0,0.0,0.0,0.0,True,
rts24,0.2,box,inertia_t4_v3,inertia,0.0,0.0,0.0,0.0,True,
rts24,0.2,box,inertia_t4_v4,inertia,0.0,0.0,0.0,0.0,True,
rts24,0.2,box,inertia_t4_v5,inertia,0.0,0.0,0.0,0.0,True,
rts24,0.2,box,inertia_t4_v6,inertia,0.0,0.0,0.0,0.0,True,
rts24,0.2,box,inertia_t4_v7,inertia,0.0,0.0,0.0,0.0,True,
rts24,0.2,box,inertia_t4_v8,inertia,0.0,0.0,0.0,0.0,True,
rts24,0.2,box,inertia_t4_v9,inertia,0.0,0.0,0.0,0.0,True,
rts24,0.2,box,inertia_t4_v10,inertia,0.0,0.0,0.0,0.0,True,
rts24,0.2,box,inertia_t4_v11,inertia,0.0,0.0,0.0,0.0,True,
rts24,0.2,box,inertia_t4_v12,inertia,0.0,0.0,0.0,0.0,True,
rts24,0.2,box,inertia_t4_v13,inertia,0.0,0.0,0.0,0.0,True,
rts24,0.2,box,inertia_t4_v14,inertia,0.0,0.0,0.0,0.0,True,
rts24,0.2,box,inertia_t4_v15,inertia,0.0,0.0,0.0,0.0,True,
rts24,0.2,box,inertia_t4_v16,inertia,0.0,0.0,0.0,0.0,True,
rts24,0.2,box,inertia_t4_v17,inertia,0.0,0.0,0.0,0.0,True,
rts24,0.2,box,inertia_t4_v18,inertia,0.0,0.0,0.0,0.0,True,
rts24,0.2,box,reactive_t4_z1,reactive,0.03,0.030000000027939677,0.030000000027939677,0.0,True,
rts24,0.2,box,reactive_t4_z4,reactive,0.03,0.030000000027939677,0.030000000027939677,0.0,True,
rts24,0.2,box,reserve_t5,reserve,27.0,27.00000000023283,26.99999999976717,4.656612873077393e-10,True,
rts24,0.2,box,inertia_t5_w0,inertia,0.0,0.0,0.0,0.0,True,
rts24,0.2,box,inertia_t5_w1,inertia,0.0,0.0,0.0,0.0,True,
rts24,0.2,box,inertia_t5_w2,inertia,0.0,0.0,0.0,0.0,True,
rts24,0.2,box,inertia_t5_w3,inertia,0.0,0.0,0.0,0.0,True,
rts24,0.2,box,inertia_t5_w4,inertia,0.0,0.0,0.0,0.0,True,
rts24,0.2,box,inertia_t5_w5,inertia,0.0,0.0,0.0,0.0,True,
rts24,0.2,box,inertia_t5_w6,inertia,0.0,0.0,0.0,0.0,True,
rts24,0.2,box,inertia_t5_w7,inertia,0.0,0.0,0.0,0.0,True,
rts24,0.2,box,inertia_t5_w8,inertia,0.0,0.0,0.0,0.0,True,
rts24,0.2,box,inertia_t5_w9,inertia,0.0,0.0,0.0,0.0,True,
rts24,0.2,box,inertia_t5_w10,inertia,0.0,0.0,0.0,0.0,True,
rts24,0.2,box,inertia_t5_w11,inertia,24.0,0.0,23.99999999976717,23.99999999976717,True,
rts24,0.2,box,inertia_t5_w12,inertia,0.0,0.0,23.99999999976717,23.99999999976717,True,
rts24,0.2,box,inertia_t5_v0,inertia,0.0,0.0,0.0,0.0,True,
rts24,0.2,box,inertia_t5_v1,inertia,0.0,0.0,0.0,0.0,True,
rts24,0.2,box,inertia_t5_v2,inertia,0.0,0.0,0.0,0.0,True,
rts24,0.2,box,inertia_t5_v3,inertia,0.0,0.0,0.0,0.0,True,
rts24,0.2,box,inertia_t5_v4,inertia,0.0,0.0,0.0,0.0,True,
rts24,0.2,box,inertia_t5_v5,inertia,0.0,0.0,0.0,0.0,True,
rts24,0.2,box,inertia_t5_v6,inertia,0.0,0.0,0.0,0.0,True,
rts24,0.2,box,inertia_t5_v7,inertia,0.0,0.0,0.0,0.0,True,
rts24,0.2,box,inertia_t5_v8,inertia,0.0,0.0,0.0,0.0,True,
rts24,0.2,box,inertia_t5_v9,inertia,0.0,0.0,0.0,0.0,True,
rts24,0.2,box,inertia_t5_v10,inertia,0.0,0.0,0.0,0.0,True,
rts24,0.2,box,inertia_t5_v11,inertia,0.0,0.0,0.0,0.0,True,
rts24,0.2,box,inertia_t5_v12,inertia,0.0,0.0,0.0,0.0,True,
rts24,0.2,box,inertia_t5_v13,inertia,0.0,0.0,0.0,0.0,True,
rts24,0.2,box,inertia_t5_v14,inertia,0.0,0.0,0.0,0.0,True,
rts24,0.2,box,inertia_t5_v15,inertia,0.0,0.0,0.0,0.0,True,
rts24,0.2,box,inertia_t5_v16,inertia,0.0,0.0,0.0,0.0,True,
rts24,0.2,box,inertia_t5_v17,inertia,0.0,0.0,0.0,0.0,True,
rts24,0.2,box,inertia_t5_v18,inertia,0.0,0.0,0.0,0.0,True,
rts24,0.2,box,reactive_t5_z1,reactive,0.03,0.030000000027939677,0.030000000027939677,0.0,True,
rts24,0.2,box,reactive_t5_z4,reactive,0.03,0.030000000027939677,0.030000000027939677,0.0,True,
rts24,0.2,box,reserve_t6,reserve,27.0,27.0,27.0,0.0,True,
rts24,0.2,box,inertia_t6_w0,inertia,0.0,0.0,0.0,0.0,True,
rts24,0.2,box,inertia_t6_w1,inertia,0.0,0.0,0.0,0.0,True,
rts24,0.2,box,inertia_t6_w2,inertia,0.0,0.0,0.0,0.0,True,
rts24,0.2,box,inertia_t6_w3,inertia,0.0,0.0,0.0,0.0,True,
rts24,0.2,box,inertia_t6_w4,inertia,0.0,0.0,0.0,0.0,True,
rts24,0.2,box,inertia_t6_w5,inertia,0.0,0.0,0.0,0.0,True,
rts24,0.2,box,inertia_t6_w6,inertia,0.0,0.0,0.0,0.0,True,
rts24,0.2,box,inertia_t6_w7,inertia,0.0,0.0,0.0,0.0,True,
rts24,0.2,box,inertia_t6_w8,inertia,0.0,0.0,0.0,0.0,True,
rts24,0.2,box,inertia_t6_w9,inertia,0.0,0.0,0.0,0.0,True,
rts24,0.2,box,inertia_t6_w10,inertia,0.0,0.0,0.0,0.0,True,
rts24,0.2,box,inertia_t6_w11,inertia,24.0,0.0,23.99999999976717,23.99999999976717,True,
rts24,0.2,box,inertia_t6_w12,inertia,0.0,0.0,23.99999999976717,23.99999999976717,True,
rts24,0.2,box,inertia_t6_v0,inertia,0.0,0.0,0.0,0.0,True,
rts24,0.2,box,inertia_t6_v1,inertia,0.0,0.0,0.0,0.0,True,
rts24,0.2,box,inertia_t6_v2,inertia,0.0,0.0,0.0,0.0,True,
rts24,0.2,box,inertia_t6_v3,inertia,0.0,0.0,0.0,0.0,True,
rts24,0.2,box,inertia_t6_v4,inertia,0.0,0.0,0.0,0.0,True,
rts24,0.2,box,inertia_t6_v5,inertia,0.0,0.0,0.0,0.0,True,
rts24,0.2,box,inertia_t6_v6,inertia,0.0,0.0,0.0,0.0,True,
rts24,0.2,box,inertia_t6_v7,inertia,0.0,0.0,0.0,0.0,True,
rts24,0.2,box,inertia_t6_v8,inertia,0.0,0.0,0.0,0.0,True,
rts24,0.2,box,inertia_t6_v9,inertia,0.0,0.0,0.0,0.0,True,
rts24,0.2,box,inertia_t6_v10,inertia,0.0,0.0,0.0,0.0,True,
rts24,0.2,box,inertia_t6_v11,inertia,0.0,0.0,0.0,0.0,True,
rts24,0.2,box,inertia_t6_v12,inertia,0.0,0.0,0.0,0.0,True,
rts24,0.2,box,inertia_t6_v13,inertia,0.0,0.0,0.0,0.0,True,
rts24,0.2,box,inertia_t6_v14,inertia,0.0,0.0,0.0,0.0,True,
rts24,0.2,box,inertia_t6_v15,inertia,0.0,0.0,0.0,0.0,True,
rts24,0.2,box,inertia_t6_v16,inertia,0.0,0.0,0.0,0.0,True,
rts24,0.2,box,inertia_t6_v17,inertia,0.0,0.0,0.0,0.0,True,
rts24,0.2,box,inertia_t6_v18,inertia,0.0,0.0,0.0,0.0,True,
rts24,0.2,box,reactive_t6_z1,reactive,0.03,0.030000000027939677,0.030000000027939677,0.0,True,
rts24,0.2,box,reactive_t6_z4,reactive,0.03,0.030000000027939677,0.030000000027939677,0.0,True,
rts24,0.2,box,reserve_t7,reserve,27.0,27.00000000023283,27.0,2.3283064365386963e-10,True,
rts24,0.2,box,inertia_t7_w0,inertia,0.0,0.0,0.0,0.0,True,
rts24,0.2,box,inertia_t7_w1,inertia,0.0,0.0,0.0,0.0,True,
rts24,0.2,box,inertia_t7_w2,inertia,0.0,0.0,0.0,0.0,True,
rts24,0.2,box,inertia_t7_w3,inertia,0.0,0.0,0.0,0.0,True,
rts24,0.2,box,inertia_t7_w4,inertia,0.0,0.0,0.0,0.0,True,
rts24,0.2,box,inertia_t7_w5,inertia,0.0,0.0,0.0,0.0,True,
rts24,0.2,box,inertia_t7_w6,inertia,0.0,0.0,0.0,0.0,True,
rts24,0.2,box,inertia_t7_w7,inertia,0.0,0.0,0.0,0.0,True,
rts24,0.2,box,inertia_t7_w8,inertia,0.0,0.0,0.0,0.0,True,
rts24,0.2,box,inertia_t7_w9,inertia,0.0,0.0,0.0,0.0,True,
rts24,0.2,box,inertia_t7_w10,inertia,0.0,0.0,0.0,0.0,True,
rts24,0.2,box,inertia_t7_w11,inertia,24.0,0.0,23.99999999976717,23.99999999976717,True,
rts24,0.2,box,inertia_t7_w12,inertia,0.0,0.0,23.99999999976717,23.99999999976717,True,
rts24,0.2,box,inertia_t7_v0,inertia,0.0,0.0,0.0,0.0,True,
rts24,0.2,box,inertia_t7_v1,inertia,0.0,0.0,0.0,0.0,True,
rts24,0.2,box,inertia_t7_v2,inertia,0.0,0.0,0.0,0.0,True,
rts24,0.2,box,inertia_t7_v3,inertia,0.0,0.0,0.0,0.0,True,
rts24,0.2,box,inertia_t7_v4,inertia,0.0,0.0,0.0,0.0,True,
rts24,0.2,box,inertia_t7_v5,inertia,0.0,0.0,0.0,0.0,True,
rts24,0.2,box,inertia_t7_v6,inertia,0.0,0.0,0.0,0.0,True,
rts24,0.2,box,inertia_t7_v7,inertia,0.0,0.0,0.0,0.0,True,
rts24,0.2,box,inertia_t7_v8,inertia,0.0,0.0,0.0,0.0,True,
rts24,0.2,box,inertia_t7_v9,inertia,0.0,0.0,0.0,0.0,True,
rts24,0.2,box,inertia_t7_v10,inertia,0.0,0.0,0.0,0.0,True,
rts24,0.2,box,inertia_t7_v11,inertia,0.0,0.0,0.0,0.0,True,
rts24,0.2,box,inertia_t7_v12,inertia,0.0,0.0,0.0,0.0,True,
rts24,0.2,box,inertia_t7_v13,inertia,0.0,0.0,0.0,0.0,True,
rts24,0.2,box,inertia_t7_v14,inertia,0.0,0.0,0.0,0.0,True,
rts24,0.2,box,inertia_t7_v15,inertia,0.0,0.0,0.0,0.0,True,
rts24,0.2,box,inertia_t7_v16,inertia,0.0,0.0,0.0,0.0,True,
rts24,0.2,box,inertia_t7_v17,inertia,0.0,0.0,0.0,0.0,True,
rts24,0.2,box,inertia_t7_v18,inertia,0.0,0.0,0.0,0.0,True,
rts24,0.2,box,reactive_t7_z1,reactive,0.03,0.030000000027939677,0.030000000027939677,0.0,True,
rts24,0.2,box,reactive_t7_z4,reactive,0.03,0.030000000027939677,0.030000000027939677,0.0,True,
rts24,0.2,box,energy_t0,energy,114.0,114.0,114.0,0.0,True,
rts24,0.2,box,energy_t1,energy,114.0,114.0,114.0,0.0,True,
rts24,0.2,box,energy_t2,energy,114.0,114.0,114.0,0.0,True,
rts24,0.2,box,energy_t3,energy,114.0,114.0,114.0,0.0,True,
rts24,0.2,box,energy_t4,energy,114.0,114.0,114.0,0.0,True,
rts24,0.2,box,energy_t5,energy,114.0,114.0,113.99999999976717,2.3283064365386963e-10,True,
rts24,0.2,box,energy_t6,energy,114.0,114.0,114.0,0.0,True,
rts24,0.2,box,energy_t7,energy,114.0,114.0,114.0,0.0,True,
rts24,0.2,current,reserve_t0,reserve,12.0,12.0,12.0,0.0,True,
rts24,0.2,current,inertia_t0_w0,inertia,0.0,0.0,0.0,0.0,True,
rts24,0.2,current,inertia_t0_w1,inertia,0.0,0.0,0.0,0.0,True,
rts24,0.2,current,inertia_t0_w2,inertia,0.0,0.0,0.0,0.0,True,
rts24,0.2,current,inertia_t0_w3,inertia,0.0,0.0,0.0,0.0,True,
rts24,0.2,current,inertia_t0_w4,inertia,0.0,0.0,0.0,0.0,True,
rts24,0.2,current,inertia_t0_w5,inertia,0.0,0.0,0.0,0.0,True,
rts24,0.2,current,inertia_t0_w6,inertia,0.0,0.0,0.0,0.0,True,
rts24,0.2,current,inertia_t0_w7,inertia,0.0,0.0,0.0,0.0,True,
rts24,0.2,current,inertia_t0_w8,inertia,0.0,0.0,0.0,0.0,True,
rts24,0.2,current,inertia_t0_w9,inertia,0.0,0.0,0.0,0.0,True,
rts24,0.2,current,inertia_t0_w10,inertia,0.0,0.0,0.0,0.0,True,
rts24,0.2,current,inertia_t0_w11,inertia,9.0,0.0,9.0,9.0,True,
rts24,0.2,current,inertia_t0_w12,inertia,0.0,0.0,9.0,9.0,True,
rts24,0.2,current,inertia_t0_v0,inertia,0.0,0.0,0.0,0.0,True,
rts24,0.2,current,inertia_t0_v1,inertia,0.0,0.0,0.0,0.0,True,
rts24,0.2,current,inertia_t0_v2,inertia,0.0,0.0,0.0,0.0,True,
rts24,0.2,current,inertia_t0_v3,inertia,0.0,0.0,0.0,0.0,True,
rts24,0.2,current,inertia_t0_v4,inertia,0.0,0.0,0.0,0.0,True,
rts24,0.2,current,inertia_t0_v5,inertia,0.0,0.0,0.0,0.0,True,
rts24,0.2,current,inertia_t0_v6,inertia,0.0,0.0,0.0,0.0,True,
rts24,0.2,current,inertia_t0_v7,inertia,0.0,0.0,0.0,0.0,True,
rts24,0.2,current,inertia_t0_v8,inertia,0.0,0.0,0.0,0.0,True,
rts24,0.2,current,inertia_t0_v9,inertia,0.0,0.0,0.0,0.0,True,
rts24,0.2,current,inertia_t0_v10,inertia,0.0,0.0,0.0,0.0,True,
rts24,0.2,current,inertia_t0_v11,inertia,0.0,0.0,0.0,0.0,True,
rts24,0.2,current,inertia_t0_v12,inertia,0.0,0.0,0.0,0.0,True,
rts24,0.2,current,inertia_t0_v13,inertia,0.0,0.0,0.0,0.0,True,
rts24,0.2,current,inertia_t0_v14,inertia,0.0,0.0,0.0,0.0,True,
rts24,0.2,current,inertia_t0_v15,inertia,0.0,0.0,0.0,0.0,True,
rts24,0.2,current,inertia_t0_v16,inertia,0.0,0.0,0.0,0.0,True,
rts24,0.2,current,inertia_t0_v17,inertia,0.0,0.0,0.0,0.0,True,
rts24,0.2,current,inertia_t0_v18,inertia,0.0,0.0,0.0,0.0,True,
rts24,0.2,current,reactive_t0_z1,reactive,0.03,0.030000000027939677,0.030000000027939677,0.0,True,
rts24,0.2,current,reactive_t0_z4,reactive,0.03,0.030000000027939677,0.030000000027939677,0.0,True,
rts24,0.2,current,reserve_t1,reserve,12.0,12.0,12.0,0.0,True,
rts24,0.2,current,inertia_t1_w0,inertia,0.0,0.0,0.0,0.0,True,
rts24,0.2,current,inertia_t1_w1,inertia,0.0,0.0,0.0,0.0,True,
rts24,0.2,current,inertia_t1_w2,inertia,0.0,0.0,0.0,0.0,True,
rts24,0.2,current,inertia_t1_w3,inertia,0.0,0.0,0.0,0.0,True,
rts24,0.2,current,inertia_t1_w4,inertia,0.0,0.0,0.0,0.0,True,
rts24,0.2,current,inertia_t1_w5,inertia,0.0,0.0,0.0,0.0,True,
rts24,0.2,current,inertia_t1_w6,inertia,0.0,0.0,0.0,0.0,True,
rts24,0.2,current,inertia_t1_w7,inertia,0.0,0.0,0.0,0.0,True,
rts24,0.2,current,inertia_t1_w8,inertia,0.0,0.0,0.0,0.0,True,
rts24,0.2,current,inertia_t1_w9,inertia,0.0,0.0,0.0,0.0,True,
rts24,0.2,current,inertia_t1_w10,inertia,0.0,0.0,0.0,0.0,True,
rts24,0.2,current,inertia_t1_w11,inertia,9.0,0.0,9.0,9.0,True,
rts24,0.2,current,inertia_t1_w12,inertia,0.0,0.0,9.0,9.0,True,
rts24,0.2,current,inertia_t1_v0,inertia,0.0,0.0,0.0,0.0,True,
rts24,0.2,current,inertia_t1_v1,inertia,0.0,0.0,0.0,0.0,True,
rts24,0.2,current,inertia_t1_v2,inertia,0.0,0.0,0.0,0.0,True,
rts24,0.2,current,inertia_t1_v3,inertia,0.0,0.0,0.0,0.0,True,
rts24,0.2,current,inertia_t1_v4,inertia,0.0,0.0,0.0,0.0,True,
rts24,0.2,current,inertia_t1_v5,inertia,0.0,0.0,0.0,0.0,True,
rts24,0.2,current,inertia_t1_v6,inertia,0.0,0.0,0.0,0.0,True,
rts24,0.2,current,inertia_t1_v7,inertia,0.0,0.0,0.0,0.0,True,
rts24,0.2,current,inertia_t1_v8,inertia,0.0,0.0,0.0,0.0,True,
rts24,0.2,current,inertia_t1_v9,inertia,0.0,0.0,0.0,0.0,True,
rts24,0.2,current,inertia_t1_v10,inertia,0.0,0.0,0.0,0.0,True,
rts24,0.2,current,inertia_t1_v11,inertia,0.0,0.0,0.0,0.0,True,
rts24,0.2,current,inertia_t1_v12,inertia,0.0,0.0,0.0,0.0,True,
rts24,0.2,current,inertia_t1_v13,inertia,0.0,0.0,0.0,0.0,True,
rts24,0.2,current,inertia_t1_v14,inertia,0.0,0.0,0.0,0.0,True,
rts24,0.2,current,inertia_t1_v15,inertia,0.0,0.0,0.0,0.0,True,
rts24,0.2,current,inertia_t1_v16,inertia,0.0,0.0,0.0,0.0,True,
rts24,0.2,current,inertia_t1_v17,inertia,0.0,0.0,0.0,0.0,True,
rts24,0.2,current,inertia_t1_v18,inertia,0.0,0.0,0.0,0.0,True,
rts24,0.2,current,reactive_t1_z1,reactive,0.03,0.030000000027939677,0.030000000027939677,0.0,True,
rts24,0.2,current,reactive_t1_z4,reactive,0.03,0.030000000027939677,0.030000000027939677,0.0,True,
rts24,0.2,current,reserve_t2,reserve,13.371273425747518,13.371273425640538,13.371273425640538,0.0,True,
rts24,0.2,current,inertia_t2_w0,inertia,0.0,0.0,0.0,0.0,True,
rts24,0.2,current,inertia_t2_w1,inertia,0.0,0.0,0.0,0.0,True,
rts24,0.2,current,inertia_t2_w2,inertia,0.0,0.0,0.0,0.0,True,
rts24,0.2,current,inertia_t2_w3,inertia,0.0,0.0,0.0,0.0,True,
rts24,0.2,current,inertia_t2_w4,inertia,0.0,0.0,0.0,0.0,True,
rts24,0.2,current,inertia_t2_w5,inertia,0.0,0.0,0.0,0.0,True,
rts24,0.2,current,inertia_t2_w6,inertia,0.0,0.0,0.0,0.0,True,
rts24,0.2,current,inertia_t2_w7,inertia,0.0,0.0,0.0,0.0,True,
rts24,0.2,current,inertia_t2_w8,inertia,0.0,0.0,0.0,0.0,True,
rts24,0.2,current,inertia_t2_w9,inertia,0.0,0.0,0.0,0.0,True,
rts24,0.2,current,inertia_t2_w10,inertia,0.0,0.0,0.0,0.0,True,
rts24,0.2,current,inertia_t2_w11,inertia,9.071562280249399,0.0,9.071562280179933,9.071562280179933,True,
rts24,0.2,current,inertia_t2_w12,inertia,0.0,0.0,9.071562280179933,9.071562280179933,True,
rts24,0.2,current,inertia_t2_v0,inertia,0.0,0.0,0.0,0.0,True,
rts24,0.2,current,inertia_t2_v1,inertia,0.0,0.0,0.0,0.0,True,
rts24,0.2,current,inertia_t2_v2,inertia,0.0,0.0,0.0,0.0,True,
rts24,0.2,current,inertia_t2_v3,inertia,0.0,0.0,0.0,0.0,True,
rts24,0.2,current,inertia_t2_v4,inertia,0.0,0.0,0.0,0.0,True,
rts24,0.2,current,inertia_t2_v5,inertia,0.0,0.0,0.0,0.0,True,
rts24,0.2,current,inertia_t2_v6,inertia,0.0,0.0,0.0,0.0,True,
rts24,0.2,current,inertia_t2_v7,inertia,0.0,0.0,0.0,0.0,True,
rts24,0.2,current,inertia_t2_v8,inertia,0.0,0.0,0.0,0.0,True,
rts24,0.2,current,inertia_t2_v9,inertia,0.0,0.0,0.0,0.0,True,
rts24,0.2,current,inertia_t2_v10,inertia,0.0,0.0,0.0,0.0,True,
rts24,0.2,current,inertia_t2_v11,inertia,0.0,0.0,0.0,0.0,True,
rts24,0.2,current,inertia_t2_v12,inertia,0.0,0.0,0.0,0.0,True,
rts24,0.2,current,inertia_t2_v13,inertia,0.0,0.0,0.0,0.0,True,
rts24,0.2,current,inertia_t2_v14,inertia,0.0,0.0,0.0,0.0,True,
rts24,0.2,current,inertia_t2_v15,inertia,0.0,0.0,0.0,0.0,True,
rts24,0.2,current,inertia_t2_v16,inertia,0.0,0.0,0.0,0.0,True,
rts24,0.2,current,inertia_t2_v17,inertia,0.0,0.0,0.0,0.0,True,
rts24,0.2,current,inertia_t2_v18,inertia,0.0,0.0,0.0,0.0,True,
rts24,0.2,current,reactive_t2_z1,reactive,0.03,0.030000000027939677,0.030000000027939677,0.0,True,
rts24,0.2,current,reactive_t2_z4,reactive,0.03,0.030000000027939677,0.030000000027939677,0.0,True,
rts24,0.2,current,reserve_t3,reserve,27.0,27.0,27.0,0.0,True,
rts24,0.2,current,inertia_t3_w0,inertia,0.0,0.0,0.0,0.0,True,
rts24,0.2,current,inertia_t3_w1,inertia,0.0,0.0,0.0,0.0,True,
rts24,0.2,current,inertia_t3_w2,inertia,0.0,0.0,0.0,0.0,True,
rts24,0.2,current,inertia_t3_w3,inertia,0.0,0.0,0.0,0.0,True,
rts24,0.2,current,inertia_t3_w4,inertia,0.0,0.0,0.0,0.0,True,
rts24,0.2,current,inertia_t3_w5,inertia,0.0,0.0,0.0,0.0,True,
rts24,0.2,current,inertia_t3_w6,inertia,0.0,0.0,0.0,0.0,True,
rts24,0.2,current,inertia_t3_w7,inertia,0.0,0.0,0.0,0.0,True,
rts24,0.2,current,inertia_t3_w8,inertia,0.0,0.0,0.0,0.0,True,
rts24,0.2,current,inertia_t3_w9,inertia,0.0,0.0,0.0,0.0,True,
rts24,0.2,current,inertia_t3_w10,inertia,0.0,0.0,0.0,0.0,True,
rts24,0.2,current,inertia_t3_w11,inertia,9.0,0.0,9.0,9.0,True,
rts24,0.2,current,inertia_t3_w12,inertia,0.0,0.0,9.0,9.0,True,
rts24,0.2,current,inertia_t3_v0,inertia,0.0,0.0,0.0,0.0,True,
rts24,0.2,current,inertia_t3_v1,inertia,0.0,0.0,0.0,0.0,True,
rts24,0.2,current,inertia_t3_v2,inertia,0.0,0.0,0.0,0.0,True,
rts24,0.2,current,inertia_t3_v3,inertia,0.0,0.0,0.0,0.0,True,
rts24,0.2,current,inertia_t3_v4,inertia,0.0,0.0,0.0,0.0,True,
rts24,0.2,current,inertia_t3_v5,inertia,0.0,0.0,0.0,0.0,True,
rts24,0.2,current,inertia_t3_v6,inertia,0.0,0.0,0.0,0.0,True,
rts24,0.2,current,inertia_t3_v7,inertia,0.0,0.0,0.0,0.0,True,
rts24,0.2,current,inertia_t3_v8,inertia,0.0,0.0,0.0,0.0,True,
rts24,0.2,current,inertia_t3_v9,inertia,0.0,0.0,0.0,0.0,True,
rts24,0.2,current,inertia_t3_v10,inertia,0.0,0.0,0.0,0.0,True,
rts24,0.2,current,inertia_t3_v11,inertia,0.0,0.0,0.0,0.0,True,
rts24,0.2,current,inertia_t3_v12,inertia,0.0,0.0,0.0,0.0,True,
rts24,0.2,current,inertia_t3_v13,inertia,0.0,0.0,0.0,0.0,True,
rts24,0.2,current,inertia_t3_v14,inertia,0.0,0.0,0.0,0.0,True,
rts24,0.2,current,inertia_t3_v15,inertia,0.0,0.0,0.0,0.0,True,
rts24,0.2,current,inertia_t3_v16,inertia,0.0,0.0,0.0,0.0,True,
rts24,0.2,current,inertia_t3_v17,inertia,0.0,0.0,0.0,0.0,True,
rts24,0.2,current,inertia_t3_v18,inertia,0.0,0.0,0.0,0.0,True,
rts24,0.2,current,reactive_t3_z1,reactive,0.03,0.030000000027939677,0.030000000027939677,0.0,True,
rts24,0.2,current,reactive_t3_z4,reactive,0.03,0.030000000027939677,0.030000000027939677,0.0,True,
rts24,0.2,current,reserve_t4,reserve,27.0,27.0,27.0,0.0,True,
rts24,0.2,current,inertia_t4_w0,inertia,0.0,0.0,0.0,0.0,True,
rts24,0.2,current,inertia_t4_w1,inertia,0.0,0.0,0.0,0.0,True,
rts24,0.2,current,inertia_t4_w2,inertia,0.0,0.0,0.0,0.0,True,
rts24,0.2,current,inertia_t4_w3,inertia,0.0,0.0,0.0,0.0,True,
rts24,0.2,current,inertia_t4_w4,inertia,0.0,0.0,0.0,0.0,True,
rts24,0.2,current,inertia_t4_w5,inertia,0.0,0.0,0.0,0.0,True,
rts24,0.2,current,inertia_t4_w6,inertia,0.0,0.0,0.0,0.0,True,
rts24,0.2,current,inertia_t4_w7,inertia,0.0,0.0,0.0,0.0,True,
rts24,0.2,current,inertia_t4_w8,inertia,0.0,0.0,0.0,0.0,True,
rts24,0.2,current,inertia_t4_w9,inertia,0.0,0.0,0.0,0.0,True,
rts24,0.2,current,inertia_t4_w10,inertia,0.0,0.0,0.0,0.0,True,
rts24,0.2,current,inertia_t4_w11,inertia,9.0,0.0,9.0,9.0,True,
rts24,0.2,current,inertia_t4_w12,inertia,0.0,0.0,9.0,9.0,True,
rts24,0.2,current,inertia_t4_v0,inertia,0.0,0.0,0.0,0.0,True,
rts24,0.2,current,inertia_t4_v1,inertia,0.0,0.0,0.0,0.0,True,
rts24,0.2,current,inertia_t4_v2,inertia,0.0,0.0,0.0,0.0,True,
rts24,0.2,current,inertia_t4_v3,inertia,0.0,0.0,0.0,0.0,True,
rts24,0.2,current,inertia_t4_v4,inertia,0.0,0.0,0.0,0.0,True,
rts24,0.2,current,inertia_t4_v5,inertia,0.0,0.0,0.0,0.0,True,
rts24,0.2,current,inertia_t4_v6,inertia,0.0,0.0,0.0,0.0,True,
rts24,0.2,current,inertia_t4_v7,inertia,0.0,0.0,0.0,0.0,True,
rts24,0.2,current,inertia_t4_v8,inertia,0.0,0.0,0.0,0.0,True,
rts24,0.2,current,inertia_t4_v9,inertia,0.0,0.0,0.0,0.0,True,
rts24,0.2,current,inertia_t4_v10,inertia,0.0,0.0,0.0,0.0,True,
rts24,0.2,current,inertia_t4_v11,inertia,0.0,0.0,0.0,0.0,True,
rts24,0.2,current,inertia_t4_v12,inertia,0.0,0.0,0.0,0.0,True,
rts24,0.2,current,inertia_t4_v13,inertia,0.0,0.0,0.0,0.0,True,
rts24,0.2,current,inertia_t4_v14,inertia,0.0,0.0,0.0,0.0,True,
rts24,0.2,current,inertia_t4_v15,inertia,0.0,0.0,0.0,0.0,True,
rts24,0.2,current,inertia_t4_v16,inertia,0.0,0.0,0.0,0.0,True,
rts24,0.2,current,inertia_t4_v17,inertia,0.0,0.0,0.0,0.0,True,
rts24,0.2,current,inertia_t4_v18,inertia,0.0,0.0,0.0,0.0,True,
rts24,0.2,current,reactive_t4_z1,reactive,0.03,0.030000000027939677,0.030000000027939677,0.0,True,
rts24,0.2,current,reactive_t4_z4,reactive,0.03,0.030000000027939677,0.030000000027939677,0.0,True,
rts24,0.2,current,reserve_t5,reserve,27.0,27.0,27.0,0.0,True,
rts24,0.2,current,inertia_t5_w0,inertia,0.0,0.0,0.0,0.0,True,
rts24,0.2,current,inertia_t5_w1,inertia,0.0,0.0,0.0,0.0,True,
rts24,0.2,current,inertia_t5_w2,inertia,0.0,0.0,0.0,0.0,True,
rts24,0.2,current,inertia_t5_w3,inertia,0.0,0.0,0.0,0.0,True,
rts24,0.2,current,inertia_t5_w4,inertia,0.0,0.0,0.0,0.0,True,
rts24,0.2,current,inertia_t5_w5,inertia,0.0,0.0,0.0,0.0,True,
rts24,0.2,current,inertia_t5_w6,inertia,0.0,0.0,0.0,0.0,True,
rts24,0.2,current,inertia_t5_w7,inertia,0.0,0.0,0.0,0.0,True,
rts24,0.2,current,inertia_t5_w8,inertia,0.0,0.0,0.0,0.0,True,
rts24,0.2,current,inertia_t5_w9,inertia,0.0,0.0,0.0,0.0,True,
rts24,0.2,current,inertia_t5_w10,inertia,0.0,0.0,0.0,0.0,True,
rts24,0.2,current,inertia_t5_w11,inertia,9.0,0.0,9.0,9.0,True,
rts24,0.2,current,inertia_t5_w12,inertia,0.0,0.0,9.0,9.0,True,
rts24,0.2,current,inertia_t5_v0,inertia,0.0,0.0,0.0,0.0,True,
rts24,0.2,current,inertia_t5_v1,inertia,0.0,0.0,0.0,0.0,True,
rts24,0.2,current,inertia_t5_v2,inertia,0.0,0.0,0.0,0.0,True,
rts24,0.2,current,inertia_t5_v3,inertia,0.0,0.0,0.0,0.0,True,
rts24,0.2,current,inertia_t5_v4,inertia,0.0,0.0,0.0,0.0,True,
rts24,0.2,current,inertia_t5_v5,inertia,0.0,0.0,0.0,0.0,True,
rts24,0.2,current,inertia_t5_v6,inertia,0.0,0.0,0.0,0.0,True,
rts24,0.2,current,inertia_t5_v7,inertia,0.0,0.0,0.0,0.0,True,
rts24,0.2,current,inertia_t5_v8,inertia,0.0,0.0,0.0,0.0,True,
rts24,0.2,current,inertia_t5_v9,inertia,0.0,0.0,0.0,0.0,True,
rts24,0.2,current,inertia_t5_v10,inertia,0.0,0.0,0.0,0.0,True,
rts24,0.2,current,inertia_t5_v11,inertia,0.0,0.0,0.0,0.0,True,
rts24,0.2,current,inertia_t5_v12,inertia,0.0,0.0,0.0,0.0,True,
rts24,0.2,current,inertia_t5_v13,inertia,0.0,0.0,0.0,0.0,True,
rts24,0.2,current,inertia_t5_v14,inertia,0.0,0.0,0.0,0.0,True,
rts24,0.2,current,inertia_t5_v15,inertia,0.0,0.0,0.0,0.0,True,
rts24,0.2,current,inertia_t5_v16,inertia,0.0,0.0,0.0,0.0,True,
rts24,0.2,current,inertia_t5_v17,inertia,0.0,0.0,0.0,0.0,True,
rts24,0.2,current,inertia_t5_v18,inertia,0.0,0.0,0.0,0.0,True,
rts24,0.2,current,reactive_t5_z1,reactive,0.03,0.030000000027939677,0.030000000027939677,0.0,True,
rts24,0.2,current,reactive_t5_z4,reactive,0.03,0.030000000027939677,0.030000000027939677,0.0,True,
rts24,0.2,current,reserve_t6,reserve,27.0,27.0,27.0,0.0,True,
rts24,0.2,current,inertia_t6_w0,inertia,0.0,0.0,0.0,0.0,True,
rts24,0.2,current,inertia_t6_w1,inertia,0.0,0.0,0.0,0.0,True,
rts24,0.2,current,inertia_t6_w2,inertia,0.0,0.0,0.0,0.0,True,
rts24,0.2,current,inertia_t6_w3,inertia,0.0,0.0,0.0,0.0,True,
rts24,0.2,current,inertia_t6_w4,inertia,0.0,0.0,0.0,0.0,True,
rts24,0.2,current,inertia_t6_w5,inertia,0.0,0.0,0.0,0.0,True,
rts24,0.2,current,inertia_t6_w6,inertia,0.0,0.0,0.0,0.0,True,
rts24,0.2,current,inertia_t6_w7,inertia,0.0,0.0,0.0,0.0,True,
rts24,0.2,current,inertia_t6_w8,inertia,0.0,0.0,0.0,0.0,True,
rts24,0.2,current,inertia_t6_w9,inertia,0.0,0.0,0.0,0.0,True,
rts24,0.2,current,inertia_t6_w10,inertia,0.0,0.0,0.0,0.0,True,
rts24,0.2,current,inertia_t6_w11,inertia,9.0,0.0,9.0,9.0,True,
rts24,0.2,current,inertia_t6_w12,inertia,0.0,0.0,9.0,9.0,True,
rts24,0.2,current,inertia_t6_v0,inertia,0.0,0.0,0.0,0.0,True,
rts24,0.2,current,inertia_t6_v1,inertia,0.0,0.0,0.0,0.0,True,
rts24,0.2,current,inertia_t6_v2,inertia,0.0,0.0,0.0,0.0,True,
rts24,0.2,current,inertia_t6_v3,inertia,0.0,0.0,0.0,0.0,True,
rts24,0.2,current,inertia_t6_v4,inertia,0.0,0.0,0.0,0.0,True,
rts24,0.2,current,inertia_t6_v5,inertia,0.0,0.0,0.0,0.0,True,
rts24,0.2,current,inertia_t6_v6,inertia,0.0,0.0,0.0,0.0,True,
rts24,0.2,current,inertia_t6_v7,inertia,0.0,0.0,0.0,0.0,True,
rts24,0.2,current,inertia_t6_v8,inertia,0.0,0.0,0.0,0.0,True,
rts24,0.2,current,inertia_t6_v9,inertia,0.0,0.0,0.0,0.0,True,
rts24,0.2,current,inertia_t6_v10,inertia,0.0,0.0,0.0,0.0,True,
rts24,0.2,current,inertia_t6_v11,inertia,0.0,0.0,0.0,0.0,True,
rts24,0.2,current,inertia_t6_v12,inertia,0.0,0.0,0.0,0.0,True,
rts24,0.2,current,inertia_t6_v13,inertia,0.0,0.0,0.0,0.0,True,
rts24,0.2,current,inertia_t6_v14,inertia,0.0,0.0,0.0,0.0,True,
rts24,0.2,current,inertia_t6_v15,inertia,0.0,0.0,0.0,0.0,True,
rts24,0.2,current,inertia_t6_v16,inertia,0.0,0.0,0.0,0.0,True,
rts24,0.2,current,inertia_t6_v17,inertia,0.0,0.0,0.0,0.0,True,
rts24,0.2,current,inertia_t6_v18,inertia,0.0,0.0,0.0,0.0,True,
rts24,0.2,current,reactive_t6_z1,reactive,0.03,0.030000000027939677,0.030000000027939677,0.0,True,
rts24,0.2,current,reactive_t6_z4,reactive,0.03,0.030000000027939677,0.030000000027939677,0.0,True,
rts24,0.2,current,reserve_t7,reserve,13.187500000000014,13.1875,13.1875,0.0,True,
rts24,0.2,current,inertia_t7_w0,inertia,0.0,0.0,0.0,0.0,True,
rts24,0.2,current,inertia_t7_w1,inertia,0.0,0.0,0.0,0.0,True,
rts24,0.2,current,inertia_t7_w2,inertia,0.0,0.0,0.0,0.0,True,
rts24,0.2,current,inertia_t7_w3,inertia,0.0,0.0,0.0,0.0,True,
rts24,0.2,current,inertia_t7_w4,inertia,0.0,0.0,0.0,0.0,True,
rts24,0.2,current,inertia_t7_w5,inertia,0.0,0.0,0.0,0.0,True,
rts24,0.2,current,inertia_t7_w6,inertia,0.0,0.0,0.0,0.0,True,
rts24,0.2,current,inertia_t7_w7,inertia,0.0,0.0,0.0,0.0,True,
rts24,0.2,current,inertia_t7_w8,inertia,0.0,0.0,0.0,0.0,True,
rts24,0.2,current,inertia_t7_w9,inertia,0.0,0.0,0.0,0.0,True,
rts24,0.2,current,inertia_t7_w10,inertia,0.0,0.0,0.0,0.0,True,
rts24,0.2,current,inertia_t7_w11,inertia,9.0,0.0,9.0,9.0,True,
rts24,0.2,current,inertia_t7_w12,inertia,0.0,0.0,9.0,9.0,True,
rts24,0.2,current,inertia_t7_v0,inertia,0.0,0.0,0.0,0.0,True,
rts24,0.2,current,inertia_t7_v1,inertia,0.0,0.0,0.0,0.0,True,
rts24,0.2,current,inertia_t7_v2,inertia,0.0,0.0,0.0,0.0,True,
rts24,0.2,current,inertia_t7_v3,inertia,0.0,0.0,0.0,0.0,True,
rts24,0.2,current,inertia_t7_v4,inertia,0.0,0.0,0.0,0.0,True,
rts24,0.2,current,inertia_t7_v5,inertia,0.0,0.0,0.0,0.0,True,
rts24,0.2,current,inertia_t7_v6,inertia,0.0,0.0,0.0,0.0,True,
rts24,0.2,current,inertia_t7_v7,inertia,0.0,0.0,0.0,0.0,True,
rts24,0.2,current,inertia_t7_v8,inertia,0.0,0.0,0.0,0.0,True,
rts24,0.2,current,inertia_t7_v9,inertia,0.0,0.0,0.0,0.0,True,
rts24,0.2,current,inertia_t7_v10,inertia,0.0,0.0,0.0,0.0,True,
rts24,0.2,current,inertia_t7_v11,inertia,0.0,0.0,0.0,0.0,True,
rts24,0.2,current,inertia_t7_v12,inertia,0.0,0.0,0.0,0.0,True,
rts24,0.2,current,inertia_t7_v13,inertia,0.0,0.0,0.0,0.0,True,
rts24,0.2,current,inertia_t7_v14,inertia,0.0,0.0,0.0,0.0,True,
rts24,0.2,current,inertia_t7_v15,inertia,0.0,0.0,0.0,0.0,True,
rts24,0.2,current,inertia_t7_v16,inertia,0.0,0.0,0.0,0.0,True,
rts24,0.2,current,inertia_t7_v17,inertia,0.0,0.0,0.0,0.0,True,
rts24,0.2,current,inertia_t7_v18,inertia,0.0,0.0,0.0,0.0,True,
rts24,0.2,current,reactive_t7_z1,reactive,0.03,0.030000000027939677,0.030000000027939677,0.0,True,
rts24,0.2,current,reactive_t7_z4,reactive,0.03,0.030000000027939677,0.030000000027939677,0.0,True,
rts24,0.2,current,energy_t0,energy,114.0,114.0,114.0,0.0,True,
rts24,0.2,current,energy_t1,energy,114.0,114.0,114.0,0.0,True,
rts24,0.2,current,energy_t2,energy,114.0,114.0,114.0,0.0,True,
rts24,0.2,current,energy_t3,energy,114.0,114.0,114.0,0.0,True,
rts24,0.2,current,energy_t4,energy,114.0,114.0,114.0,0.0,True,
rts24,0.2,current,energy_t5,energy,114.0,114.0,114.0,0.0,True,
rts24,0.2,current,energy_t6,energy,114.0,114.0,114.0,0.0,True,
rts24,0.2,current,energy_t7,energy,114.0,114.0,114.0,0.0,True,
rts24,0.4,box,reserve_t0,reserve,12.0,12.0,11.999999999883585,1.1641532182693481e-10,True,
rts24,0.4,box,inertia_t0_w0,inertia,0.0,0.0,0.0,0.0,True,
rts24,0.4,box,inertia_t0_w1,inertia,0.0,0.0,0.0,0.0,True,
rts24,0.4,box,inertia_t0_w2,inertia,0.0,0.0,0.0,0.0,True,
rts24,0.4,box,inertia_t0_w3,inertia,0.0,0.0,0.0,0.0,True,
rts24,0.4,box,inertia_t0_w4,inertia,0.0,0.0,0.0,0.0,True,
rts24,0.4,box,inertia_t0_w5,inertia,9.0,0.0,9.0,9.0,True,
rts24,0.4,box,inertia_t0_w6,inertia,0.0,0.0,9.0,9.0,True,
rts24,0.4,box,inertia_t0_v0,inertia,0.0,0.0,0.0,0.0,True,
rts24,0.4,box,inertia_t0_v1,inertia,0.0,0.0,0.0,0.0,True,
rts24,0.4,box,inertia_t0_v2,inertia,0.0,0.0,0.0,0.0,True,
rts24,0.4,box,inertia_t0_v3,inertia,0.0,0.0,0.0,0.0,True,
rts24,0.4,box,inertia_t0_v4,inertia,0.0,0.0,0.0,0.0,True,
rts24,0.4,box,inertia_t0_v5,inertia,0.0,0.0,0.0,0.0,True,
rts24,0.4,box,inertia_t0_v6,inertia,0.0,0.0,0.0,0.0,True,
rts24,0.4,box,inertia_t0_v7,inertia,0.0,0.0,0.0,0.0,True,
rts24,0.4,box,inertia_t0_v8,inertia,0.0,0.0,0.0,0.0,True,
rts24,0.4,box,inertia_t0_v9,inertia,0.0,0.0,0.0,0.0,True,
rts24,0.4,box,inertia_t0_v10,inertia,0.0,0.0,0.0,0.0,True,
rts24,0.4,box,inertia_t0_v11,inertia,0.0,0.0,0.0,0.0,True,
rts24,0.4,box,inertia_t0_v12,inertia,0.0,0.0,0.0,0.0,True,
rts24,0.4,box,inertia_t0_v13,inertia,0.0,0.0,0.0,0.0,True,
rts24,0.4,box,inertia_t0_v14,inertia,0.0,0.0,0.0,0.0,True,
rts24,0.4,box,inertia_t0_v15,inertia,0.0,0.0,0.0,0.0,True,
rts24,0.4,box,inertia_t0_v16,inertia,0.0,0.0,0.0,0.0,True,
rts24,0.4,box,inertia_t0_v17,inertia,0.0,0.0,0.0,0.0,True,
rts24,0.4,box,inertia_t0_v18,inertia,0.0,0.0,0.0,0.0,True,
rts24,0.4,box,inertia_t0_v19,inertia,0.0,0.0,0.0,0.0,True,
rts24,0.4,box,inertia_t0_v20,inertia,0.0,0.0,0.0,0.0,True,
rts24,0.4,box,inertia_t0_v21,inertia,0.0,0.0,0.0,0.0,True,
rts24,0.4,box,inertia_t0_v22,inertia,0.0,0.0,0.0,0.0,True,
rts24,0.4,box,inertia_t0_v23,inertia,0.0,0.0,0.0,0.0,True,
rts24,0.4,box,inertia_t0_v24,inertia,0.0,0.0,0.0,0.0,True,
rts24,0.4,box,reactive_t0_z1,reactive,0.03,0.030000000027939677,0.030000000027939677,0.0,True,
rts24,0.4,box,reactive_t0_z2,reactive,0.03,0.030000000027939677,0.030000000027939677,0.0,True,
rts24,0.4,box,reactive_t0_z3,reactive,0.03,0.030000000027939677,0.030000000027939677,0.0,True,
rts24,0.4,box,reactive_t0_z4,reactive,0.03,0.030000000027939677,0.030000000027939677,0.0,True,
rts24,0.4,box,reserve_t1,reserve,12.0,12.000000000116415,12.0,1.1641532182693481e-10,True,
rts24,0.4,box,inertia_t1_w0,inertia,0.0,0.0,0.0,0.0,True,
rts24,0.4,box,inertia_t1_w1,inertia,0.0,0.0,0.0,0.0,True,
rts24,0.4,box,inertia_t1_w2,inertia,0.0,0.0,0.0,0.0,True,
rts24,0.4,box,inertia_t1_w3,inertia,0.0,0.0,0.0,0.0,True,
rts24,0.4,box,inertia_t1_w4,inertia,0.0,0.0,0.0,0.0,True,
rts24,0.4,box,inertia_t1_w5,inertia,9.0,0.0,9.0,9.0,True,
rts24,0.4,box,inertia_t1_w6,inertia,0.0,0.0,9.0,9.0,True,
rts24,0.4,box,inertia_t1_v0,inertia,0.0,0.0,0.0,0.0,True,
rts24,0.4,box,inertia_t1_v1,inertia,0.0,0.0,0.0,0.0,True,
rts24,0.4,box,inertia_t1_v2,inertia,0.0,0.0,0.0,0.0,True,
rts24,0.4,box,inertia_t1_v3,inertia,0.0,0.0,0.0,0.0,True,
rts24,0.4,box,inertia_t1_v4,inertia,0.0,0.0,0.0,0.0,True,
rts24,0.4,box,inertia_t1_v5,inertia,0.0,0.0,0.0,0.0,True,
rts24,0.4,box,inertia_t1_v6,inertia,0.0,0.0,0.0,0.0,True,
rts24,0.4,box,inertia_t1_v7,inertia,0.0,0.0,0.0,0.0,True,
rts24,0.4,box,inertia_t1_v8,inertia,0.0,0.0,0.0,0.0,True,
rts24,0.4,box,inertia_t1_v9,inertia,0.0,0.0,0.0,0.0,True,
rts24,0.4,box,inertia_t1_v10,inertia,0.0,0.0,0.0,0.0,True,
rts24,0.4,box,inertia_t1_v11,inertia,0.0,0.0,0.0,0.0,True,
rts24,0.4,box,inertia_t1_v12,inertia,0.0,0.0,0.0,0.0,True,
rts24,0.4,box,inertia_t1_v13,inertia,0.0,0.0,0.0,0.0,True,
rts24,0.4,box,inertia_t1_v14,inertia,0.0,0.0,0.0,0.0,True,
rts24,0.4,box,inertia_t1_v15,inertia,0.0,0.0,0.0,0.0,True,
rts24,0.4,box,inertia_t1_v16,inertia,0.0,0.0,0.0,0.0,True,
rts24,0.4,box,inertia_t1_v17,inertia,0.0,0.0,0.0,0.0,True,
rts24,0.4,box,inertia_t1_v18,inertia,0.0,0.0,0.0,0.0,True,
rts24,0.4,box,inertia_t1_v19,inertia,0.0,0.0,0.0,0.0,True,
rts24,0.4,box,inertia_t1_v20,inertia,0.0,0.0,0.0,0.0,True,
rts24,0.4,box,inertia_t1_v21,inertia,0.0,0.0,0.0,0.0,True,
rts24,0.4,box,inertia_t1_v22,inertia,0.0,0.0,0.0,0.0,True,
rts24,0.4,box,inertia_t1_v23,inertia,0.0,0.0,0.0,0.0,True,
rts24,0.4,box,inertia_t1_v24,inertia,0.0,0.0,0.0,0.0,True,
rts24,0.4,box,reactive_t1_z1,reactive,0.03,0.030000000027939677,0.030000000027939677,0.0,True,
rts24,0.4,box,reactive_t1_z2,reactive,0.03,0.030000000027939677,0.030000000027939677,0.0,True,
rts24,0.4,box,reactive_t1_z3,reactive,0.03,0.030000000027939677,0.030000000027939677,0.0,True,
rts24,0.4,box,reactive_t1_z4,reactive,0.03,0.030000000027939677,0.030000000027939677,0.0,True,
rts24,0.4,box,reserve_t2,reserve,27.0,27.0,27.0,0.0,True,
rts24,0.4,box,inertia_t2_w0,inertia,0.0,0.0,0.0,0.0,True,
rts24,0.4,box,inertia_t2_w1,inertia,0.0,0.0,0.0,0.0,True,
rts24,0.4,box,inertia_t2_w2,inertia,0.0,0.0,0.0,0.0,True,
rts24,0.4,box,inertia_t2_w3,inertia,0.0,0.0,0.0,0.0,True,
rts24,0.4,box,inertia_t2_w4,inertia,0.0,0.0,0.0,0.0,True,
rts24,0.4,box,inertia_t2_w5,inertia,24.0,0.0,24.0,24.0,True,
rts24,0.4,box,inertia_t2_w6,inertia,0.0,0.0,24.0,24.0,True,
rts24,0.4,box,inertia_t2_v0,inertia,0.0,0.0,0.0,0.0,True,
rts24,0.4,box,inertia_t2_v1,inertia,0.0,0.0,0.0,0.0,True,
rts24,0.4,box,inertia_t2_v2,inertia,0.0,0.0,0.0,0.0,True,
rts24,0.4,box,inertia_t2_v3,inertia,0.0,0.0,0.0,0.0,True,
rts24,0.4,box,inertia_t2_v4,inertia,0.0,0.0,0.0,0.0,True,
rts24,0.4,box,inertia_t2_v5,inertia,0.0,0.0,0.0,0.0,True,
rts24,0.4,box,inertia_t2_v6,inertia,0.0,0.0,0.0,0.0,True,
rts24,0.4,box,inertia_t2_v7,inertia,0.0,0.0,0.0,0.0,True,
rts24,0.4,box,inertia_t2_v8,inertia,0.0,0.0,0.0,0.0,True,
rts24,0.4,box,inertia_t2_v9,inertia,0.0,0.0,0.0,0.0,True,
rts24,0.4,box,inertia_t2_v10,inertia,0.0,0.0,0.0,0.0,True,
rts24,0.4,box,inertia_t2_v11,inertia,0.0,0.0,0.0,0.0,True,
rts24,0.4,box,inertia_t2_v12,inertia,0.0,0.0,0.0,0.0,True,
rts24,0.4,box,inertia_t2_v13,inertia,0.0,0.0,0.0,0.0,True,
rts24,0.4,box,inertia_t2_v14,inertia,0.0,0.0,0.0,0.0,True,
rts24,0.4,box,inertia_t2_v15,inertia,0.0,0.0,0.0,0.0,True,
rts24,0.4,box,inertia_t2_v16,inertia,0.0,0.0,0.0,0.0,True,
rts24,0.4,box,inertia_t2_v17,inertia,0.0,0.0,0.0,0.0,True,
rts24,0.4,box,inertia_t2_v18,inertia,0.0,0.0,0.0,0.0,True,
rts24,0.4,box,inertia_t2_v19,inertia,0.0,0.0,0.0,0.0,True,
rts24,0.4,box,inertia_t2_v20,inertia,0.0,0.0,0.0,0.0,True,
rts24,0.4,box,inertia_t2_v21,inertia,0.0,0.0,0.0,0.0,True,
rts24,0.4,box,inertia_t2_v22,inertia,0.0,0.0,0.0,0.0,True,
rts24,0.4,box,inertia_t2_v23,inertia,0.0,0.0,0.0,0.0,True,
rts24,0.4,box,inertia_t2_v24,inertia,0.0,0.0,0.0,0.0,True,
rts24,0.4,box,reactive_t2_z1,reactive,0.03,0.030000000027939677,0.030000000027939677,0.0,True,
rts24,0.4,box,reactive_t2_z2,reactive,0.03,0.030000000027939677,0.030000000027939677,0.0,True,
rts24,0.4,box,reactive_t2_z3,reactive,0.03,0.030000000027939677,0.030000000027939677,0.0,True,
rts24,0.4,box,reactive_t2_z4,reactive,0.03,0.030000000027939677,0.030000000027939677,0.0,True,
rts24,0.4,box,reserve_t3,reserve,27.0,27.0,27.0,0.0,True,
rts24,0.4,box,inertia_t3_w0,inertia,0.0,0.0,0.0,0.0,True,
rts24,0.4,box,inertia_t3_w1,inertia,0.0,0.0,0.0,0.0,True,
rts24,0.4,box,inertia_t3_w2,inertia,0.0,0.0,0.0,0.0,True,
rts24,0.4,box,inertia_t3_w3,inertia,0.0,0.0,0.0,0.0,True,
rts24,0.4,box,inertia_t3_w4,inertia,0.0,0.0,0.0,0.0,True,
rts24,0.4,box,inertia_t3_w5,inertia,24.0,0.0,24.0,24.0,True,
rts24,0.4,box,inertia_t3_w6,inertia,0.0,0.0,24.0,24.0,True,
rts24,0.4,box,inertia_t3_v0,inertia,0.0,0.0,0.0,0.0,True,
rts24,0.4,box,inertia_t3_v1,inertia,0.0,0.0,0.0,0.0,True,
rts24,0.4,box,inertia_t3_v2,inertia,0.0,0.0,0.0,0.0,True,
rts24,0.4,box,inertia_t3_v3,inertia,0.0,0.0,0.0,0.0,True,
rts24,0.4,box,inertia_t3_v4,inertia,0.0,0.0,0.0,0.0,True,
rts24,0.4,box,inertia_t3_v5,inertia,0.0,0.0,0.0,0.0,True,
rts24,0.4,box,inertia_t3_v6,inertia,0.0,0.0,0.0,0.0,True,
rts24,0.4,box,inertia_t3_v7,inertia,0.0,0.0,0.0,0.0,True,
rts24,0.4,box,inertia_t3_v8,inertia,0.0,0.0,0.0,0.0,True,
rts24,0.4,box,inertia_t3_v9,inertia,0.0,0.0,0.0,0.0,True,
rts24,0.4,box,inertia_t3_v10,inertia,0.0,0.0,0.0,0.0,True,
rts24,0.4,box,inertia_t3_v11,inertia,0.0,0.0,0.0,0.0,True,
rts24,0.4,box,inertia_t3_v12,inertia,0.0,0.0,0.0,0.0,True,
rts24,0.4,box,inertia_t3_v13,inertia,0.0,0.0,0.0,0.0,True,
rts24,0.4,box,inertia_t3_v14,inertia,0.0,0.0,0.0,0.0,True,
rts24,0.4,box,inertia_t3_v15,inertia,0.0,0.0,0.0,0.0,True,
rts24,0.4,box,inertia_t3_v16,inertia,0.0,0.0,0.0,0.0,True,
rts24,0.4,box,inertia_t3_v17,inertia,0.0,0.0,0.0,0.0,True,
rts24,0.4,box,inertia_t3_v18,inertia,0.0,0.0,0.0,0.0,True,
rts24,0.4,box,inertia_t3_v19,inertia,0.0,0.0,0.0,0.0,True,
rts24,0.4,box,inertia_t3_v20,inertia,0.0,0.0,0.0,0.0,True,
rts24,0.4,box,inertia_t3_v21,inertia,0.0,0.0,0.0,0.0,True,
rts24,0.4,box,inertia_t3_v22,inertia,0.0,0.0,0.0,0.0,True,
rts24,0.4,box,inertia_t3_v23,inertia,0.0,0.0,0.0,0.0,True,
rts24,0.4,box,inertia_t3_v24,inertia,0.0,0.0,0.0,0.0,True,
rts24,0.4,box,reactive_t3_z1,reactive,0.03,0.030000000027939677,0.030000000027939677,0.0,True,
rts24,0.4,box,reactive_t3_z2,reactive,0.03,0.030000000027939677,0.030000000027939677,0.0,True,
rts24,0.4,box,reactive_t3_z3,reactive,0.03,0.030000000027939677,0.030000000027939677,0.0,True,
rts24,0.4,box,reactive_t3_z4,reactive,0.03,0.030000000027939677,0.030000000027939677,0.0,True,
rts24,0.4,box,reserve_t4,reserve,27.0,27.0,27.0,0.0,True,
rts24,0.4,box,inertia_t4_w0,inertia,0.0,0.0,0.0,0.0,True,
rts24,0.4,box,inertia_t4_w1,inertia,0.0,0.0,0.0,0.0,True,
rts24,0.4,box,inertia_t4_w2,inertia,0.0,0.0,0.0,0.0,True,
rts24,0.4,box,inertia_t4_w3,inertia,0.0,0.0,0.0,0.0,True,
rts24,0.4,box,inertia_t4_w4,inertia,0.0,0.0,0.0,0.0,True,
rts24,0.4,box,inertia_t4_w5,inertia,24.0,0.0,24.0,24.0,True,
rts24,0.4,box,inertia_t4_w6,inertia,0.0,0.0,24.0,24.0,True,
rts24,0.4,box,inertia_t4_v0,inertia,0.0,0.0,0.0,0.0,True,
rts24,0.4,box,inertia_t4_v1,inertia,0.0,0.0,0.0,0.0,True,
rts24,0.4,box,inertia_t4_v2,inertia,0.0,0.0,0.0,0.0,True,
rts24,0.4,box,inertia_t4_v3,inertia,0.0,0.0,0.0,0.0,True,
rts24,0.4,box,inertia_t4_v4,inertia,0.0,0.0,0.0,0.0,True,
rts24,0.4,box,inertia_t4_v5,inertia,0.0,0.0,0.0,0.0,True,
rts24,0.4,box,inertia_t4_v6,inertia,0.0,0.0,0.0,0.0,True,
rts24,0.4,box,inertia_t4_v7,inertia,0.0,0.0,0.0,0.0,True,
rts24,0.4,box,inertia_t4_v8,inertia,0.0,0.0,0.0,0.0,True,
rts24,0.4,box,inertia_t4_v9,inertia,0.0,0.0,0.0,0.0,True,
rts24,0.4,box,inertia_t4_v10,inertia,0.0,0.0,0.0,0.0,True,
rts24,0.4,box,inertia_t4_v11,inertia,0.0,0.0,0.0,0.0,True,
rts24,0.4,box,inertia_t4_v12,inertia,0.0,0.0,0.0,0.0,True,
rts24,0.4,box,inertia_t4_v13,inertia,0.0,0.0,0.0,0.0,True,
rts24,0.4,box,inertia_t4_v14,inertia,0.0,0.0,0.0,0.0,True,
rts24,0.4,box,inertia_t4_v15,inertia,0.0,0.0,0.0,0.0,True,
rts24,0.4,box,inertia_t4_v16,inertia,0.0,0.0,0.0,0.0,True,
rts24,0.4,box,inertia_t4_v17,inertia,0.0,0.0,0.0,0.0,True,
rts24,0.4,box,inertia_t4_v18,inertia,0.0,0.0,0.0,0.0,True,
rts24,0.4,box,inertia_t4_v19,inertia,0.0,0.0,0.0,0.0,True,
rts24,0.4,box,inertia_t4_v20,inertia,0.0,0.0,0.0,0.0,True,
rts24,0.4,box,inertia_t4_v21,inertia,0.0,0.0,0.0,0.0,True,
rts24,0.4,box,inertia_t4_v22,inertia,0.0,0.0,0.0,0.0,True,
rts24,0.4,box,inertia_t4_v23,inertia,0.0,0.0,0.0,0.0,True,
rts24,0.4,box,inertia_t4_v24,inertia,0.0,0.0,0.0,0.0,True,
rts24,0.4,box,reactive_t4_z1,reactive,0.03,0.030000000027939677,0.030000000027939677,0.0,True,
rts24,0.4,box,reactive_t4_z2,reactive,0.03,0.030000000027939677,0.030000000027939677,0.0,True,
rts24,0.4,box,reactive_t4_z3,reactive,0.03,0.030000000027939677,0.030000000027939677,0.0,True,
rts24,0.4,box,reactive_t4_z4,reactive,0.03,0.030000000027939677,0.030000000027939677,0.0,True,
rts24,0.4,box,reserve_t5,reserve,27.0,27.0,27.0,0.0,True,
rts24,0.4,box,inertia_t5_w0,inertia,0.0,0.0,0.0,0.0,True,
rts24,0.4,box,inertia_t5_w1,inertia,0.0,0.0,0.0,0.0,True,
rts24,0.4,box,inertia_t5_w2,inertia,0.0,0.0,0.0,0.0,True,
rts24,0.4,box,inertia_t5_w3,inertia,0.0,0.0,0.0,0.0,True,
rts24,0.4,box,inertia_t5_w4,inertia,0.0,0.0,0.0,0.0,True,
rts24,0.4,box,inertia_t5_w5,inertia,24.0,0.0,24.0,24.0,True,
rts24,0.4,box,inertia_t5_w6,inertia,0.0,0.0,24.0,24.0,True,
rts24,0.4,box,inertia_t5_v0,inertia,0.0,0.0,0.0,0.0,True,
rts24,0.4,box,inertia_t5_v1,inertia,0.0,0.0,0.0,0.0,True,
rts24,0.4,box,inertia_t5_v2,inertia,0.0,0.0,0.0,0.0,True,
rts24,0.4,box,inertia_t5_v3,inertia,0.0,0.0,0.0,0.0,True,
rts24,0.4,box,inertia_t5_v4,inertia,0.0,0.0,0.0,0.0,True,
rts24,0.4,box,inertia_t5_v5,inertia,0.0,0.0,0.0,0.0,True,
rts24,0.4,box,inertia_t5_v6,inertia,0.0,0.0,0.0,0.0,True,
rts24,0.4,box,inertia_t5_v7,inertia,0.0,0.0,0.0,0.0,True,
rts24,0.4,box,inertia_t5_v8,inertia,0.0,0.0,0.0,0.0,True,
rts24,0.4,box,inertia_t5_v9,inertia,0.0,0.0,0.0,0.0,True,
rts24,0.4,box,inertia_t5_v10,inertia,0.0,0.0,0.0,0.0,True,
rts24,0.4,box,inertia_t5_v11,inertia,0.0,0.0,0.0,0.0,True,
rts24,0.4,box,inertia_t5_v12,inertia,0.0,0.0,0.0,0.0,True,
rts24,0.4,box,inertia_t5_v13,inertia,0.0,0.0,0.0,0.0,True,
rts24,0.4,box,inertia_t5_v14,inertia,0.0,0.0,0.0,0.0,True,
rts24,0.4,box,inertia_t5_v15,inertia,0.0,0.0,0.0,0.0,True,
rts24,0.4,box,inertia_t5_v16,inertia,0.0,0.0,0.0,0.0,True,
rts24,0.4,box,inertia_t5_v17,inertia,0.0,0.0,0.0,0.0,True,
rts24,0.4,box,inertia_t5_v18,inertia,0.0,0.0,0.0,0.0,True,
rts24,0.4,box,inertia_t5_v19,inertia,0.0,0.0,0.0,0.0,True,
rts24,0.4,box,inertia_t5_v20,inertia,0.0,0.0,0.0,0.0,True,
rts24,0.4,box,inertia_t5_v21,inertia,0.0,0.0,0.0,0.0,True,
rts24,0.4,box,inertia_t5_v22,inertia,0.0,0.0,0.0,0.0,True,
rts24,0.4,box,inertia_t5_v23,inertia,0.0,0.0,0.0,0.0,True,
rts24,0.4,box,inertia_t5_v24,inertia,0.0,0.0,0.0,0.0,True,
rts24,0.4,box,reactive_t5_z1,reactive,0.03,0.030000000027939677,0.030000000027939677,0.0,True,
rts24,0.4,box,reactive_t5_z2,reactive,0.03,0.030000000027939677,0.030000000027939677,0.0,True,
rts24,0.4,box,reactive_t5_z3,reactive,0.03,0.030000000027939677,0.030000000027939677,0.0,True,
rts24,0.4,box,reactive_t5_z4,reactive,0.03,0.030000000027939677,0.030000000027939677,0.0,True,
rts24,0.4,box,reserve_t6,reserve,27.0,27.0,27.0,0.0,True,
rts24,0.4,box,inertia_t6_w0,inertia,0.0,0.0,0.0,0.0,True,
rts24,0.4,box,inertia_t6_w1,inertia,0.0,0.0,0.0,0.0,True,
rts24,0.4,box,inertia_t6_w2,inertia,0.0,0.0,0.0,0.0,True,
rts24,0.4,box,inertia_t6_w3,inertia,0.0,0.0,0.0,0.0,True,
rts24,0.4,box,inertia_t6_w4,inertia,0.0,0.0,0.0,0.0,True,
rts24,0.4,box,inertia_t6_w5,inertia,24.0,0.0,24.0,24.0,True,
rts24,0.4,box,inertia_t6_w6,inertia,0.0,0.0,24.0,24.0,True,
rts24,0.4,box,inertia_t6_v0,inertia,0.0,0.0,0.0,0.0,True,
rts24,0.4,box,inertia_t6_v1,inertia,0.0,0.0,0.0,0.0,True,
rts24,0.4,box,inertia_t6_v2,inertia,0.0,0.0,0.0,0.0,True,
rts24,0.4,box,inertia_t6_v3,inertia,0.0,0.0,0.0,0.0,True,
rts24,0.4,box,inertia_t6_v4,inertia,0.0,0.0,0.0,0.0,True,
rts24,0.4,box,inertia_t6_v5,inertia,0.0,0.0,0.0,0.0,True,
rts24,0.4,box,inertia_t6_v6,inertia,0.0,0.0,0.0,0.0,True,
rts24,0.4,box,inertia_t6_v7,inertia,0.0,0.0,0.0,0.0,True,
rts24,0.4,box,inertia_t6_v8,inertia,0.0,0.0,0.0,0.0,True,
rts24,0.4,box,inertia_t6_v9,inertia,0.0,0.0,0.0,0.0,True,
rts24,0.4,box,inertia_t6_v10,inertia,0.0,0.0,0.0,0.0,True,
rts24,0.4,box,inertia_t6_v11,inertia,0.0,0.0,0.0,0.0,True,
rts24,0.4,box,inertia_t6_v12,inertia,0.0,0.0,0.0,0.0,True,
rts24,0.4,box,inertia_t6_v13,inertia,0.0,0.0,0.0,0.0,True,
rts24,0.4,box,inertia_t6_v14,inertia,0.0,0.0,0.0,0.0,True,
rts24,0.4,box,inertia_t6_v15,inertia,0.0,0.0,0.0,0.0,True,
rts24,0.4,box,inertia_t6_v16,inertia,0.0,0.0,0.0,0.0,True,
rts24,0.4,box,inertia_t6_v17,inertia,0.0,0.0,0.0,0.0,True,
rts24,0.4,box,inertia_t6_v18,inertia,0.0,0.0,0.0,0.0,True,
rts24,0.4,box,inertia_t6_v19,inertia,0.0,0.0,0.0,0.0,True,
rts24,0.4,box,inertia_t6_v20,inertia,0.0,0.0,0.0,0.0,True,
rts24,0.4,box,inertia_t6_v21,inertia,0.0,0.0,0.0,0.0,True,
rts24,0.4,box,inertia_t6_v22,inertia,0.0,0.0,0.0,0.0,True,
rts24,0.4,box,inertia_t6_v23,inertia,0.0,0.0,0.0,0.0,True,
rts24,0.4,box,inertia_t6_v24,inertia,0.0,0.0,0.0,0.0,True,
rts24,0.4,box,reactive_t6_z1,reactive,0.03,0.030000000027939677,0.030000000027939677,0.0,True,
rts24,0.4,box,reactive_t6_z2,reactive,0.03,0.030000000027939677,0.030000000027939677,0.0,True,
rts24,0.4,box,reactive_t6_z3,reactive,0.03,0.030000000027939677,0.030000000027939677,0.0,True,
rts24,0.4,box,reactive_t6_z4,reactive,0.03,0.030000000027939677,0.030000000027939677,0.0,True,
rts24,0.4,box,reserve_t7,reserve,27.0,27.000000000116415,27.0,1.1641532182693481e-10,True,
rts24,0.4,box,inertia_t7_w0,inertia,0.0,0.0,0.0,0.0,True,
rts24,0.4,box,inertia_t7_w1,inertia,0.0,0.0,0.0,0.0,True,
rts24,0.4,box,inertia_t7_w2,inertia,0.0,0.0,0.0,0.0,True,
rts24,0.4,box,inertia_t7_w3,inertia,0.0,0.0,0.0,0.0,True,
rts24,0.4,box,inertia_t7_w4,inertia,0.0,0.0,0.0,0.0,True,
rts24,0.4,box,inertia_t7_w5,inertia,24.0,0.0,24.0,24.0,True,
rts24,0.4,box,inertia_t7_w6,inertia,0.0,0.0,24.0,24.0,True,
rts24,0.4,box,inertia_t7_v0,inertia,0.0,0.0,0.0,0.0,True,
rts24,0.4,box,inertia_t7_v1,inertia,0.0,0.0,0.0,0.0,True,
rts24,0.4,box,inertia_t7_v2,inertia,0.0,0.0,0.0,0.0,True,
rts24,0.4,box,inertia_t7_v3,inertia,0.0,0.0,0.0,0.0,True,
rts24,0.4,box,inertia_t7_v4,inertia,0.0,0.0,0.0,0.0,True,
rts24,0.4,box,inertia_t7_v5,inertia,0.0,0.0,0.0,0.0,True,
rts24,0.4,box,inertia_t7_v6,inertia,0.0,0.0,0.0,0.0,True,
rts24,0.4,box,inertia_t7_v7,inertia,0.0,0.0,0.0,0.0,True,
rts24,0.4,box,inertia_t7_v8,inertia,0.0,0.0,0.0,0.0,True,
rts24,0.4,box,inertia_t7_v9,inertia,0.0,0.0,0.0,0.0,True,
rts24,0.4,box,inertia_t7_v10,inertia,0.0,0.0,0.0,0.0,True,
rts24,0.4,box,inertia_t7_v11,inertia,0.0,0.0,0.0,0.0,True,
rts24,0.4,box,inertia_t7_v12,inertia,0.0,0.0,0.0,0.0,True,
rts24,0.4,box,inertia_t7_v13,inertia,0.0,0.0,0.0,0.0,True,
rts24,0.4,box,inertia_t7_v14,inertia,0.0,0.0,0.0,0.0,True,
rts24,0.4,box,inertia_t7_v15,inertia,0.0,0.0,0.0,0.0,True,
rts24,0.4,box,inertia_t7_v16,inertia,0.0,0.0,0.0,0.0,True,
rts24,0.4,box,inertia_t7_v17,inertia,0.0,0.0,0.0,0.0,True,
rts24,0.4,box,inertia_t7_v18,inertia,0.0,0.0,0.0,0.0,True,
rts24,0.4,box,inertia_t7_v19,inertia,0.0,0.0,0.0,0.0,True,
rts24,0.4,box,inertia_t7_v20,inertia,0.0,0.0,0.0,0.0,True,
rts24,0.4,box,inertia_t7_v21,inertia,0.0,0.0,0.0,0.0,True,
rts24,0.4,box,inertia_t7_v22,inertia,0.0,0.0,0.0,0.0,True,
rts24,0.4,box,inertia_t7_v23,inertia,0.0,0.0,0.0,0.0,True,
rts24,0.4,box,inertia_t7_v24,inertia,0.0,0.0,0.0,0.0,True,
rts24,0.4,box,reactive_t7_z1,reactive,0.03,0.030000000027939677,0.030000000027939677,0.0,True,
rts24,0.4,box,reactive_t7_z2,reactive,0.03,0.030000000027939677,0.030000000027939677,0.0,True,
rts24,0.4,box,reactive_t7_z3,reactive,0.03,0.030000000027939677,0.030000000027939677,0.0,True,
rts24,0.4,box,reactive_t7_z4,reactive,0.03,0.030000000027939677,0.030000000027939677,0.0,True,
rts24,0.4,box,energy_t0,energy,50.32686980609419,50.326869806158356,50.326869806158356,0.0,True,
rts24,0.4,box,energy_t1,energy,23.76,23.760000000009313,23.760000000009313,0.0,True,
rts24,0.4,box,energy_t2,energy,114.0,114.0,114.0,0.0,True,
rts24,0.4,box,energy_t3,energy,114.0,114.0,114.0,0.0,True,
rts24,0.4,box,energy_t4,energy,114.0,114.0,114.0,0.0,True,
rts24,0.4,box,energy_t5,energy,114.0,114.00000000011642,114.0,1.1641532182693481e-10,True,
rts24,0.4,box,energy_t6,energy,114.0,114.0,114.0,0.0,True,
rts24,0.4,box,energy_t7,energy,114.0,114.0,114.0,0.0,True,
rts24,0.4,current,reserve_t0,reserve,12.0,12.0,12.0,0.0,True,
rts24,0.4,current,inertia_t0_w0,inertia,0.0,0.0,0.0,0.0,True,
rts24,0.4,current,inertia_t0_w1,inertia,0.0,0.0,0.0,0.0,True,
rts24,0.4,current,inertia_t0_w2,inertia,0.0,0.0,0.0,0.0,True,
rts24,0.4,current,inertia_t0_w3,inertia,0.0,0.0,0.0,0.0,True,
rts24,0.4,current,inertia_t0_w4,inertia,0.0,0.0,0.0,0.0,True,
rts24,0.4,current,inertia_t0_w5,inertia,9.0,0.0,9.0,9.0,True,
rts24,0.4,current,inertia_t0_w6,inertia,0.0,0.0,9.0,9.0,True,
rts24,0.4,current,inertia_t0_v0,inertia,0.0,0.0,0.0,0.0,True,
rts24,0.4,current,inertia_t0_v1,inertia,0.0,0.0,0.0,0.0,True,
rts24,0.4,current,inertia_t0_v2,inertia,0.0,0.0,0.0,0.0,True,
rts24,0.4,current,inertia_t0_v3,inertia,0.0,0.0,0.0,0.0,True,
rts24,0.4,current,inertia_t0_v4,inertia,0.0,0.0,0.0,0.0,True,
rts24,0.4,current,inertia_t0_v5,inertia,0.0,0.0,0.0,0.0,True,
rts24,0.4,current,inertia_t0_v6,inertia,0.0,0.0,0.0,0.0,True,
rts24,0.4,current,inertia_t0_v7,inertia,0.0,0.0,0.0,0.0,True,
rts24,0.4,current,inertia_t0_v8,inertia,0.0,0.0,0.0,0.0,True,
rts24,0.4,current,inertia_t0_v9,inertia,0.0,0.0,0.0,0.0,True,
rts24,0.4,current,inertia_t0_v10,inertia,0.0,0.0,0.0,0.0,True,
rts24,0.4,current,inertia_t0_v11,inertia,0.0,0.0,0.0,0.0,True,
rts24,0.4,current,inertia_t0_v12,inertia,0.0,0.0,0.0,0.0,True,
rts24,0.4,current,inertia_t0_v13,inertia,0.0,0.0,0.0,0.0,True,
rts24,0.4,current,inertia_t0_v14,inertia,0.0,0.0,0.0,0.0,True,
rts24,0.4,current,inertia_t0_v15,inertia,0.0,0.0,0.0,0.0,True,
rts24,0.4,current,inertia_t0_v16,inertia,0.0,0.0,0.0,0.0,True,
rts24,0.4,current,inertia_t0_v17,inertia,0.0,0.0,0.0,0.0,True,
rts24,0.4,current,inertia_t0_v18,inertia,0.0,0.0,0.0,0.0,True,
rts24,0.4,current,inertia_t0_v19,inertia,0.0,0.0,0.0,0.0,True,
rts24,0.4,current,inertia_t0_v20,inertia,0.0,0.0,0.0,0.0,True,
rts24,0.4,current,inertia_t0_v21,inertia,0.0,0.0,0.0,0.0,True,
rts24,0.4,current,inertia_t0_v22,inertia,0.0,0.0,0.0,0.0,True,
rts24,0.4,current,inertia_t0_v23,inertia,0.0,0.0,0.0,0.0,True,
rts24,0.4,current,inertia_t0_v24,inertia,0.0,0.0,0.0,0.0,True,
rts24,0.4,current,reactive_t0_z1,reactive,0.03,0.030000000027939677,0.030000000027939677,0.0,True,
rts24,0.4,current,reactive_t0_z2,reactive,0.03,0.030000000027939677,0.030000000027939677,0.0,True,
rts24,0.4,current,reactive_t0_z3,reactive,0.03,0.030000000027939677,0.030000000027939677,0.0,True,
rts24,0.4,current,reactive_t0_z4,reactive,0.03,0.030000000027939677,0.030000000027939677,0.0,True,
rts24,0.4,current,reserve_t1,reserve,12.0,12.0,12.0,0.0,True,
rts24,0.4,current,inertia_t1_w0,inertia,0.0,0.0,0.0,0.0,True,
rts24,0.4,current,inertia_t1_w1,inertia,0.0,0.0,0.0,0.0,True,
rts24,0.4,current,inertia_t1_w2,inertia,0.0,0.0,0.0,0.0,True,
rts24,0.4,current,inertia_t1_w3,inertia,0.0,0.0,0.0,0.0,True,
rts24,0.4,current,inertia_t1_w4,inertia,0.0,0.0,0.0,0.0,True,
rts24,0.4,current,inertia_t1_w5,inertia,9.0,0.0,9.0,9.0,True,
rts24,0.4,current,inertia_t1_w6,inertia,0.0,0.0,9.0,9.0,True,
rts24,0.4,current,inertia_t1_v0,inertia,0.0,0.0,0.0,0.0,True,
rts24,0.4,current,inertia_t1_v1,inertia,0.0,0.0,0.0,0.0,True,
rts24,0.4,current,inertia_t1_v2,inertia,0.0,0.0,0.0,0.0,True,
rts24,0.4,current,inertia_t1_v3,inertia,0.0,0.0,0.0,0.0,True,
rts24,0.4,current,inertia_t1_v4,inertia,0.0,0.0,0.0,0.0,True,
rts24,0.4,current,inertia_t1_v5,inertia,0.0,0.0,0.0,0.0,True,
rts24,0.4,current,inertia_t1_v6,inertia,0.0,0.0,0.0,0.0,True,
rts24,0.4,current,inertia_t1_v7,inertia,0.0,0.0,0.0,0.0,True,
rts24,0.4,current,inertia_t1_v8,inertia,0.0,0.0,0.0,0.0,True,
rts24,0.4,current,inertia_t1_v9,inertia,0.0,0.0,0.0,0.0,True,
rts24,0.4,current,inertia_t1_v10,inertia,0.0,0.0,0.0,0.0,True,
rts24,0.4,current,inertia_t1_v11,inertia,0.0,0.0,0.0,0.0,True,
rts24,0.4,current,inertia_t1_v12,inertia,0.0,0.0,0.0,0.0,True,
rts24,0.4,current,inertia_t1_v13,inertia,0.0,0.0,0.0,0.0,True,
rts24,0.4,current,inertia_t1_v14,inertia,0.0,0.0,0.0,0.0,True,
rts24,0.4,current,inertia_t1_v15,inertia,0.0,0.0,0.0,0.0,True,
rts24,0.4,current,inertia_t1_v16,inertia,0.0,0.0,0.0,0.0,True,
rts24,0.4,current,inertia_t1_v17,inertia,0.0,0.0,0.0,0.0,True,
rts24,0.4,current,inertia_t1_v18,inertia,0.0,0.0,0.0,0.0,True,
rts24,0.4,current,inertia_t1_v19,inertia,0.0,0.0,0.0,0.0,True,
rts24,0.4,current,inertia_t1_v20,inertia,0.0,0.0,0.0,0.0,True,
rts24,0.4,current,inertia_t1_v21,inertia,0.0,0.0,0.0,0.0,True,
rts24,0.4,current,inertia_t1_v22,inertia,0.0,0.0,0.0,0.0,True,
rts24,0.4,current,inertia_t1_v23,inertia,0.0,0.0,0.0,0.0,True,
rts24,0.4,current,inertia_t1_v24,inertia,0.0,0.0,0.0,0.0,True,
rts24,0.4,current,reactive_t1_z1,reactive,0.03,0.030000000027939677,0.030000000027939677,0.0,True,
rts24,0.4,current,reactive_t1_z2,reactive,0.03,0.030000000027939677,0.030000000027939677,0.0,True,
rts24,0.4,current,reactive_t1_z3,reactive,0.03,0.030000000027939677,0.030000000027939677,0.0,True,
rts24,0.4,current,reactive_t1_z4,reactive,0.03,0.030000000027939677,0.030000000027939677,0.0,True,
rts24,0.4,current,reserve_t2,reserve,12.0,12.0,12.0,0.0,True,
rts24,0.4,current,inertia_t2_w0,inertia,0.0,0.0,0.0,0.0,True,
rts24,0.4,current,inertia_t2_w1,inertia,0.0,0.0,0.0,0.0,True,
rts24,0.4,current,inertia_t2_w2,inertia,0.0,0.0,0.0,0.0,True,
rts24,0.4,current,inertia_t2_w3,inertia,0.0,0.0,0.0,0.0,True,
rts24,0.4,current,inertia_t2_w4,inertia,0.0,0.0,0.0,0.0,True,
rts24,0.4,current,inertia_t2_w5,inertia,9.0,0.0,9.0,9.0,True,
rts24,0.4,current,inertia_t2_w6,inertia,0.0,0.0,9.0,9.0,True,
rts24,0.4,current,inertia_t2_v0,inertia,0.0,0.0,0.0,0.0,True,
rts24,0.4,current,inertia_t2_v1,inertia,0.0,0.0,0.0,0.0,True,
rts24,0.4,current,inertia_t2_v2,inertia,0.0,0.0,0.0,0.0,True,
rts24,0.4,current,inertia_t2_v3,inertia,0.0,0.0,0.0,0.0,True,
rts24,0.4,current,inertia_t2_v4,inertia,0.0,0.0,0.0,0.0,True,
rts24,0.4,current,inertia_t2_v5,inertia,0.0,0.0,0.0,0.0,True,
rts24,0.4,current,inertia_t2_v6,inertia,0.0,0.0,0.0,0.0,True,
rts24,0.4,current,inertia_t2_v7,inertia,0.0,0.0,0.0,0.0,True,
rts24,0.4,current,inertia_t2_v8,inertia,0.0,0.0,0.0,0.0,True,
rts24,0.4,current,inertia_t2_v9,inertia,0.0,0.0,0.0,0.0,True,
rts24,0.4,current,inertia_t2_v10,inertia,0.0,0.0,0.0,0.0,True,
rts24,0.4,current,inertia_t2_v11,inertia,0.0,0.0,0.0,0.0,True,
rts24,0.4,current,inertia_t2_v12,inertia,0.0,0.0,0.0,0.0,True,
rts24,0.4,current,inertia_t2_v13,inertia,0.0,0.0,0.0,0.0,True,
rts24,0.4,current,inertia_t2_v14,inertia,0.0,0.0,0.0,0.0,True,
rts24,0.4,current,inertia_t2_v15,inertia,0.0,0.0,0.0,0.0,True,
rts24,0.4,current,inertia_t2_v16,inertia,0.0,0.0,0.0,0.0,True,
rts24,0.4,current,inertia_t2_v17,inertia,0.0,0.0,0.0,0.0,True,
rts24,0.4,current,inertia_t2_v18,inertia,0.0,0.0,0.0,0.0,True,
rts24,0.4,current,inertia_t2_v19,inertia,0.0,0.0,0.0,0.0,True,
rts24,0.4,current,inertia_t2_v20,inertia,0.0,0.0,0.0,0.0,True,
rts24,0.4,current,inertia_t2_v21,inertia,0.0,0.0,0.0,0.0,True,
rts24,0.4,current,inertia_t2_v22,inertia,0.0,0.0,0.0,0.0,True,
rts24,0.4,current,inertia_t2_v23,inertia,0.0,0.0,0.0,0.0,True,
rts24,0.4,current,inertia_t2_v24,inertia,0.0,0.0,0.0,0.0,True,
rts24,0.4,current,reactive_t2_z1,reactive,0.03,0.030000000027939677,0.030000000027939677,0.0,True,
rts24,0.4,current,reactive_t2_z2,reactive,0.03,0.030000000027939677,0.030000000027939677,0.0,True,
rts24,0.4,current,reactive_t2_z3,reactive,0.03,0.030000000027939677,0.030000000027939677,0.0,True,
rts24,0.4,current,reactive_t2_z4,reactive,0.03,0.030000000027939677,0.030000000027939677,0.0,True,
rts24,0.4,current,reserve_t3,reserve,12.0,12.0,12.0,0.0,True,
rts24,0.4,current,inertia_t3_w0,inertia,0.0,0.0,0.0,0.0,True,
rts24,0.4,current,inertia_t3_w1,inertia,0.0,0.0,0.0,0.0,True,
rts24,0.4,current,inertia_t3_w2,inertia,0.0,0.0,0.0,0.0,True,
rts24,0.4,current,inertia_t3_w3,inertia,0.0,0.0,0.0,0.0,True,
rts24,0.4,current,inertia_t3_w4,inertia,0.0,0.0,0.0,0.0,True,
rts24,0.4,current,inertia_t3_w5,inertia,9.0,0.0,9.0,9.0,True,
rts24,0.4,current,inertia_t3_w6,inertia,0.0,0.0,9.0,9.0,True,
rts24,0.4,current,inertia_t3_v0,inertia,0.0,0.0,0.0,0.0,True,
rts24,0.4,current,inertia_t3_v1,inertia,0.0,0.0,0.0,0.0,True,
rts24,0.4,current,inertia_t3_v2,inertia,0.0,0.0,0.0,0.0,True,
rts24,0.4,current,inertia_t3_v3,inertia,0.0,0.0,0.0,0.0,True,
rts24,0.4,current,inertia_t3_v4,inertia,0.0,0.0,0.0,0.0,True,
rts24,0.4,current,inertia_t3_v5,inertia,0.0,0.0,0.0,0.0,True,
rts24,0.4,current,inertia_t3_v6,inertia,0.0,0.0,0.0,0.0,True,
rts24,0.4,current,inertia_t3_v7,inertia,0.0,0.0,0.0,0.0,True,
rts24,0.4,current,inertia_t3_v8,inertia,0.0,0.0,0.0,0.0,True,
rts24,0.4,current,inertia_t3_v9,inertia,0.0,0.0,0.0,0.0,True,
rts24,0.4,current,inertia_t3_v10,inertia,0.0,0.0,0.0,0.0,True,
rts24,0.4,current,inertia_t3_v11,inertia,0.0,0.0,0.0,0.0,True,
rts24,0.4,current,inertia_t3_v12,inertia,0.0,0.0,0.0,0.0,True,
rts24,0.4,current,inertia_t3_v13,inertia,0.0,0.0,0.0,0.0,True,
rts24,0.4,current,inertia_t3_v14,inertia,0.0,0.0,0.0,0.0,True,
rts24,0.4,current,inertia_t3_v15,inertia,0.0,0.0,0.0,0.0,True,
rts24,0.4,current,inertia_t3_v16,inertia,0.0,0.0,0.0,0.0,True,
rts24,0.4,current,inertia_t3_v17,inertia,0.0,0.0,0.0,0.0,True,
rts24,0.4,current,inertia_t3_v18,inertia,0.0,0.0,0.0,0.0,True,
rts24,0.4,current,inertia_t3_v19,inertia,0.0,0.0,0.0,0.0,True,
rts24,0.4,current,inertia_t3_v20,inertia,0.0,0.0,0.0,0.0,True,
rts24,0.4,current,inertia_t3_v21,inertia,0.0,0.0,0.0,0.0,True,
rts24,0.4,current,inertia_t3_v22,inertia,0.0,0.0,0.0,0.0,True,
rts24,0.4,current,inertia_t3_v23,inertia,0.0,0.0,0.0,0.0,True,
rts24,0.4,current,inertia_t3_v24,inertia,0.0,0.0,0.0,0.0,True,
rts24,0.4,current,reactive_t3_z1,reactive,0.03,0.030000000027939677,0.030000000027939677,0.0,True,
rts24,0.4,current,reactive_t3_z2,reactive,0.03,0.030000000027939677,0.030000000027939677,0.0,True,
rts24,0.4,current,reactive_t3_z3,reactive,0.03,0.030000000027939677,0.030000000027939677,0.0,True,
rts24,0.4,current,reactive_t3_z4,reactive,0.03,0.030000000027939677,0.030000000027939677,0.0,True,
rts24,0.4,current,reserve_t4,reserve,12.0,12.0,12.0,0.0,True,
rts24,0.4,current,inertia_t4_w0,inertia,0.0,0.0,0.0,0.0,True,
rts24,0.4,current,inertia_t4_w1,inertia,0.0,0.0,0.0,0.0,True,
rts24,0.4,current,inertia_t4_w2,inertia,0.0,0.0,0.0,0.0,True,
rts24,0.4,current,inertia_t4_w3,inertia,0.0,0.0,0.0,0.0,True,
rts24,0.4,current,inertia_t4_w4,inertia,0.0,0.0,0.0,0.0,True,
rts24,0.4,current,inertia_t4_w5,inertia,9.0,0.0,9.0,9.0,True,
rts24,0.4,current,inertia_t4_w6,inertia,0.0,0.0,9.0,9.0,True,
rts24,0.4,current,inertia_t4_v0,inertia,0.0,0.0,0.0,0.0,True,
rts24,0.4,current,inertia_t4_v1,inertia,0.0,0.0,0.0,0.0,True,
rts24,0.4,current,inertia_t4_v2,inertia,0.0,0.0,0.0,0.0,True,
rts24,0.4,current,inertia_t4_v3,inertia,0.0,0.0,0.0,0.0,True,
rts24,0.4,current,inertia_t4_v4,inertia,0.0,0.0,0.0,0.0,True,
rts24,0.4,current,inertia_t4_v5,inertia,0.0,0.0,0.0,0.0,True,
rts24,0.4,current,inertia_t4_v6,inertia,0.0,0.0,0.0,0.0,True,
rts24,0.4,current,inertia_t4_v7,inertia,0.0,0.0,0.0,0.0,True,
rts24,0.4,current,inertia_t4_v8,inertia,0.0,0.0,0.0,0.0,True,
rts24,0.4,current,inertia_t4_v9,inertia,0.0,0.0,0.0,0.0,True,
rts24,0.4,current,inertia_t4_v10,inertia,0.0,0.0,0.0,0.0,True,
rts24,0.4,current,inertia_t4_v11,inertia,0.0,0.0,0.0,0.0,True,
rts24,0.4,current,inertia_t4_v12,inertia,0.0,0.0,0.0,0.0,True,
rts24,0.4,current,inertia_t4_v13,inertia,0.0,0.0,0.0,0.0,True,
rts24,0.4,current,inertia_t4_v14,inertia,0.0,0.0,0.0,0.0,True,
rts24,0.4,current,inertia_t4_v15,inertia,0.0,0.0,0.0,0.0,True,
rts24,0.4,current,inertia_t4_v16,inertia,0.0,0.0,0.0,0.0,True,
rts24,0.4,current,inertia_t4_v17,inertia,0.0,0.0,0.0,0.0,True,
rts24,0.4,current,inertia_t4_v18,inertia,0.0,0.0,0.0,0.0,True,
rts24,0.4,current,inertia_t4_v19,inertia,0.0,0.0,0.0,0.0,True,
rts24,0.4,current,inertia_t4_v20,inertia,0.0,0.0,0.0,0.0,True,
rts24,0.4,current,inertia_t4_v21,inertia,0.0,0.0,0.0,0.0,True,
rts24,0.4,current,inertia_t4_v22,inertia,0.0,0.0,0.0,0.0,True,
rts24,0.4,current,inertia_t4_v23,inertia,0.0,0.0,0.0,0.0,True,
rts24,0.4,current,inertia_t4_v24,inertia,0.0,0.0,0.0,0.0,True,
rts24,0.4,current,reactive_t4_z1,reactive,0.03,0.030000000027939677,0.030000000027939677,0.0,True,
rts24,0.4,current,reactive_t4_z2,reactive,0.03,0.030000000027939677,0.030000000027939677,0.0,True,
rts24,0.4,current,reactive_t4_z3,reactive,0.03,0.030000000027939677,0.030000000027939677,0.0,True,
rts24,0.4,current,reactive_t4_z4,reactive,0.03,0.030000000027939677,0.030000000027939677,0.0,True,
rts24,0.4,current,reserve_t5,reserve,12.0,12.0,12.0,0.0,True,
rts24,0.4,current,inertia_t5_w0,inertia,0.0,0.0,0.0,0.0,True,
rts24,0.4,current,inertia_t5_w1,inertia,0.0,0.0,0.0,0.0,True,
rts24,0.4,current,inertia_t5_w2,inertia,0.0,0.0,0.0,0.0,True,
rts24,0.4,current,inertia_t5_w3,inertia,0.0,0.0,0.0,0.0,True,
rts24,0.4,current,inertia_t5_w4,inertia,0.0,0.0,0.0,0.0,True,
rts24,0.4,current,inertia_t5_w5,inertia,9.0,0.0,9.0,9.0,True,
rts24,0.4,current,inertia_t5_w6,inertia,0.0,0.0,9.0,9.0,True,
rts24,0.4,current,inertia_t5_v0,inertia,0.0,0.0,0.0,0.0,True,
rts24,0.4,current,inertia_t5_v1,inertia,0.0,0.0,0.0,0.0,True,
rts24,0.4,current,inertia_t5_v2,inertia,0.0,0.0,0.0,0.0,True,
rts24,0.4,current,inertia_t5_v3,inertia,0.0,0.0,0.0,0.0,True,
rts24,0.4,current,inertia_t5_v4,inertia,0.0,0.0,0.0,0.0,True,
rts24,0.4,current,inertia_t5_v5,inertia,0.0,0.0,0.0,0.0,True,
rts24,0.4,current,inertia_t5_v6,inertia,0.0,0.0,0.0,0.0,True,
rts24,0.4,current,inertia_t5_v7,inertia,0.0,0.0,0.0,0.0,True,
rts24,0.4,current,inertia_t5_v8,inertia,0.0,0.0,0.0,0.0,True,
rts24,0.4,current,inertia_t5_v9,inertia,0.0,0.0,0.0,0.0,True,
rts24,0.4,current,inertia_t5_v10,inertia,0.0,0.0,0.0,0.0,True,
rts24,0.4,current,inertia_t5_v11,inertia,0.0,0.0,0.0,0.0,True,
rts24,0.4,current,inertia_t5_v12,inertia,0.0,0.0,0.0,0.0,True,
rts24,0.4,current,inertia_t5_v13,inertia,0.0,0.0,0.0,0.0,True,
rts24,0.4,current,inertia_t5_v14,inertia,0.0,0.0,0.0,0.0,True,
rts24,0.4,current,inertia_t5_v15,inertia,0.0,0.0,0.0,0.0,True,
rts24,0.4,current,inertia_t5_v16,inertia,0.0,0.0,0.0,0.0,True,
rts24,0.4,current,inertia_t5_v17,inertia,0.0,0.0,0.0,0.0,True,
rts24,0.4,current,inertia_t5_v18,inertia,0.0,0.0,0.0,0.0,True,
rts24,0.4,current,inertia_t5_v19,inertia,0.0,0.0,0.0,0.0,True,
rts24,0.4,current,inertia_t5_v20,inertia,0.0,0.0,0.0,0.0,True,
rts24,0.4,current,inertia_t5_v21,inertia,0.0,0.0,0.0,0.0,True,
rts24,0.4,current,inertia_t5_v22,inertia,0.0,0.0,0.0,0.0,True,
rts24,0.4,current,inertia_t5_v23,inertia,0.0,0.0,0.0,0.0,True,
rts24,0.4,current,inertia_t5_v24,inertia,0.0,0.0,0.0,0.0,True,
rts24,0.4,current,reactive_t5_z1,reactive,0.03,0.030000000027939677,0.030000000027939677,0.0,True,
rts24,0.4,current,reactive_t5_z2,reactive,0.03,0.030000000027939677,0.030000000027939677,0.0,True,
rts24,0.4,current,reactive_t5_z3,reactive,0.03,0.030000000027939677,0.030000000027939677,0.0,True,
rts24,0.4,current,reactive_t5_z4,reactive,0.03,0.030000000027939677,0.030000000027939677,0.0,True,
rts24,0.4,current,reserve_t6,reserve,12.0,12.0,12.0,0.0,True,
rts24,0.4,current,inertia_t6_w0,inertia,0.0,0.0,0.0,0.0,True,
rts24,0.4,current,inertia_t6_w1,inertia,0.0,0.0,0.0,0.0,True,
rts24,0.4,current,inertia_t6_w2,inertia,0.0,0.0,0.0,0.0,True,
rts24,0.4,current,inertia_t6_w3,inertia,0.0,0.0,0.0,0.0,True,
rts24,0.4,current,inertia_t6_w4,inertia,0.0,0.0,0.0,0.0,True,
rts24,0.4,current,inertia_t6_w5,inertia,9.0,0.0,9.0,9.0,True,
rts24,0.4,current,inertia_t6_w6,inertia,0.0,0.0,9.0,9.0,True,
rts24,0.4,current,inertia_t6_v0,inertia,0.0,0.0,0.0,0.0,True,
rts24,0.4,current,inertia_t6_v1,inertia,0.0,0.0,0.0,0.0,True,
rts24,0.4,current,inertia_t6_v2,inertia,0.0,0.0,0.0,0.0,True,
rts24,0.4,current,inertia_t6_v3,inertia,0.0,0.0,0.0,0.0,True,
rts24,0.4,current,inertia_t6_v4,inertia,0.0,0.0,0.0,0.0,True,
rts24,0.4,current,inertia_t6_v5,inertia,0.0,0.0,0.0,0.0,True,
rts24,0.4,current,inertia_t6_v6,inertia,0.0,0.0,0.0,0.0,True,
rts24,0.4,current,inertia_t6_v7,inertia,0.0,0.0,0.0,0.0,True,
rts24,0.4,current,inertia_t6_v8,inertia,0.0,0.0,0.0,0.0,True,
rts24,0.4,current,inertia_t6_v9,inertia,0.0,0.0,0.0,0.0,True,
rts24,0.4,current,inertia_t6_v10,inertia,0.0,0.0,0.0,0.0,True,
rts24,0.4,current,inertia_t6_v11,inertia,0.0,0.0,0.0,0.0,True,
rts24,0.4,current,inertia_t6_v12,inertia,0.0,0.0,0.0,0.0,True,
rts24,0.4,current,inertia_t6_v13,inertia,0.0,0.0,0.0,0.0,True,
rts24,0.4,current,inertia_t6_v14,inertia,0.0,0.0,0.0,0.0,True,
rts24,0.4,current,inertia_t6_v15,inertia,0.0,0.0,0.0,0.0,True,
rts24,0.4,current,inertia_t6_v16,inertia,0.0,0.0,0.0,0.0,True,
rts24,0.4,current,inertia_t6_v17,inertia,0.0,0.0,0.0,0.0,True,
rts24,0.4,current,inertia_t6_v18,inertia,0.0,0.0,0.0,0.0,True,
rts24,0.4,current,inertia_t6_v19,inertia,0.0,0.0,0.0,0.0,True,
rts24,0.4,current,inertia_t6_v20,inertia,0.0,0.0,0.0,0.0,True,
rts24,0.4,current,inertia_t6_v21,inertia,0.0,0.0,0.0,0.0,True,
rts24,0.4,current,inertia_t6_v22,inertia,0.0,0.0,0.0,0.0,True,
rts24,0.4,current,inertia_t6_v23,inertia,0.0,0.0,0.0,0.0,True,
rts24,0.4,current,inertia_t6_v24,inertia,0.0,0.0,0.0,0.0,True,
rts24,0.4,current,reactive_t6_z1,reactive,0.03,0.030000000027939677,0.030000000027939677,0.0,True,
rts24,0.4,current,reactive_t6_z2,reactive,0.03,0.030000000027939677,0.030000000027939677,0.0,True,
rts24,0.4,current,reactive_t6_z3,reactive,0.03,0.030000000027939677,0.030000000027939677,0.0,True,
rts24,0.4,current,reactive_t6_z4,reactive,0.03,0.030000000027939677,0.030000000027939677,0.0,True,
rts24,0.4,current,reserve_t7,reserve,12.0,12.0,12.0,0.0,True,
rts24,0.4,current,inertia_t7_w0,inertia,0.0,0.0,0.0,0.0,True,
rts24,0.4,current,inertia_t7_w1,inertia,0.0,0.0,0.0,0.0,True,
rts24,0.4,current,inertia_t7_w2,inertia,0.0,0.0,0.0,0.0,True,
rts24,0.4,current,inertia_t7_w3,inertia,0.0,0.0,0.0,0.0,True,
rts24,0.4,current,inertia_t7_w4,inertia,0.0,0.0,0.0,0.0,True,
rts24,0.4,current,inertia_t7_w5,inertia,9.0,0.0,9.0,9.0,True,
rts24,0.4,current,inertia_t7_w6,inertia,0.0,0.0,9.0,9.0,True,
rts24,0.4,current,inertia_t7_v0,inertia,0.0,0.0,0.0,0.0,True,
rts24,0.4,current,inertia_t7_v1,inertia,0.0,0.0,0.0,0.0,True,
rts24,0.4,current,inertia_t7_v2,inertia,0.0,0.0,0.0,0.0,True,
rts24,0.4,current,inertia_t7_v3,inertia,0.0,0.0,0.0,0.0,True,
rts24,0.4,current,inertia_t7_v4,inertia,0.0,0.0,0.0,0.0,True,
rts24,0.4,current,inertia_t7_v5,inertia,0.0,0.0,0.0,0.0,True,
rts24,0.4,current,inertia_t7_v6,inertia,0.0,0.0,0.0,0.0,True,
rts24,0.4,current,inertia_t7_v7,inertia,0.0,0.0,0.0,0.0,True,
rts24,0.4,current,inertia_t7_v8,inertia,0.0,0.0,0.0,0.0,True,
rts24,0.4,current,inertia_t7_v9,inertia,0.0,0.0,0.0,0.0,True,
rts24,0.4,current,inertia_t7_v10,inertia,0.0,0.0,0.0,0.0,True,
rts24,0.4,current,inertia_t7_v11,inertia,0.0,0.0,0.0,0.0,True,
rts24,0.4,current,inertia_t7_v12,inertia,0.0,0.0,0.0,0.0,True,
rts24,0.4,current,inertia_t7_v13,inertia,0.0,0.0,0.0,0.0,True,
rts24,0.4,current,inertia_t7_v14,inertia,0.0,0.0,0.0,0.0,True,
rts24,0.4,current,inertia_t7_v15,inertia,0.0,0.0,0.0,0.0,True,
rts24,0.4,current,inertia_t7_v16,inertia,0.0,0.0,0.0,0.0,True,
rts24,0.4,current,inertia_t7_v17,inertia,0.0,0.0,0.0,0.0,True,
rts24,0.4,current,inertia_t7_v18,inertia,0.0,0.0,0.0,0.0,True,
rts24,0.4,current,inertia_t7_v19,inertia,0.0,0.0,0.0,0.0,True,
rts24,0.4,current,inertia_t7_v20,inertia,0.0,0.0,0.0,0.0,True,
rts24,0.4,current,inertia_t7_v21,inertia,0.0,0.0,0.0,0.0,True,
rts24,0.4,current,inertia_t7_v22,inertia,0.0,0.0,0.0,0.0,True,
rts24,0.4,current,inertia_t7_v23,inertia,0.0,0.0,0.0,0.0,True,
rts24,0.4,current,inertia_t7_v24,inertia,0.0,0.0,0.0,0.0,True,
rts24,0.4,current,reactive_t7_z1,reactive,0.03,0.030000000027939677,0.030000000027939677,0.0,True,
rts24,0.4,current,reactive_t7_z2,reactive,0.03,0.030000000027939677,0.030000000027939677,0.0,True,
rts24,0.4,current,reactive_t7_z3,reactive,0.03,0.030000000027939677,0.030000000027939677,0.0,True,
rts24,0.4,current,reactive_t7_z4,reactive,0.03,0.030000000027939677,0.030000000027939677,0.0,True,
rts24,0.4,current,energy_t0,energy,54.31578947368422,54.315789473592304,54.31578947370872,1.1641532182693481e-10,True,
rts24,0.4,current,energy_t1,energy,27.36,27.359999999869615,27.360000000102445,2.3283064365386963e-10,True,
rts24,0.4,current,energy_t2,energy,114.0,114.0,114.0,0.0,True,
rts24,0.4,current,energy_t3,energy,114.0,114.0,114.0,0.0,True,
rts24,0.4,current,energy_t4,energy,114.0,114.0,114.0,0.0,True,
rts24,0.4,current,energy_t5,energy,114.0,114.0,114.0,0.0,True,
rts24,0.4,current,energy_t6,energy,114.0,114.0,114.0,0.0,True,
rts24,0.4,current,energy_t7,energy,114.0,114.0,114.0,0.0,True,
