grid,x_grid,v_pre,q_case,q_set,i_short,priority,reactive_mode,voltage,region,h_scheduled,h_settled,h_mean,settled_frac,mean_frac,h_at_actual_voltage,against_actual,q_scheduled,q_settled,v_min,v_settled,v_settled_drop_pct,v_drop_pct,rise_time,peak_current,limiter_engaged
strong,0.05,0.95,low,0.2,1.1,reactive,hold schedule,grid voltage holds,conservative,0.3256826994738675,0.3245513507002016,0.29182295692530513,0.996526223912128,0.8960345679912934,0.32455135070020114,1.0000000000000013,0.2,0.2000000000000005,0.948990533799467,0.948990533799467,0.10625960005610459,0.10625960005610459,0.119,1.1,True
strong,0.05,0.95,low,0.2,1.1,reactive,hold schedule,grid voltage falls 5%,conservative,0.3256826994738675,0.27234860646785564,0.23975203821103364,0.8362390968504873,0.736152207649799,0.2723486064678614,0.9999999999999788,0.2,0.20000000000002768,0.902458447796907,0.9024584477969068,5.004373916115074,5.00437391611505,0.11730000000000007,1.1,True
strong,0.05,0.95,low,0.2,1.1,reactive,voltage droop,grid voltage holds,conservative,0.3256826994738675,0.3230638600133513,0.290552667409683,0.9919589236249058,0.8921341780790437,0.3230638600133582,0.9999999999999787,0.2,0.21052019382794374,0.9495442556235857,0.9495446554132095,0.0479310091358335,0.047973092254133556,0.11860000000000004,1.0999999999999923,True
strong,0.05,0.95,low,0.2,1.1,reactive,voltage droop,grid voltage falls 5%,conservative,0.3256826994738675,0.04351779257594812,0.035707063077413115,0.13362021576906005,0.10963758018186721,0.04351779257594843,0.999999999999993,0.2,0.7024527666604374,0.926539548178793,0.9298798452843487,2.117911022700127,2.469521244337572,0.06979999999999997,1.1,True
strong,0.05,0.95,low,0.2,1.1,active,hold schedule,grid voltage holds,conservative,0.3256826994738675,0.3245513507002018,0.29182295692530547,0.9965262239121286,0.8960345679912944,0.3245513507002016,1.0000000000000007,0.2,0.199999999999999,0.948990533799467,0.948990533799467,0.10625960005610459,0.10625960005610459,0.119,1.1,True
strong,0.05,0.95,low,0.2,1.1,active,hold schedule,grid voltage falls 5%,conservative,0.3256826994738675,0.27234860646786774,0.23975203821099578,0.8362390968505244,0.7361522076496828,0.2723486064678672,1.000000000000002,0.2,0.20000000000001036,0.902458447796909,0.9024584477969086,5.004373916114875,5.00437391611484,0.11730000000000007,1.1,True
strong,0.05,0.95,low,0.2,1.1,active,voltage droop,grid voltage holds,conservative,0.3256826994738675,0.3230638600133513,0.290552667409683,0.9919589236249058,0.8921341780790437,0.3230638600133582,0.9999999999999787,0.2,0.21052019382794374,0.9495442556235857,0.9495446554132095,0.0479310091358335,0.047973092254133556,0.11860000000000004,1.0999999999999923,True
strong,0.05,0.95,low,0.2,1.1,active,voltage droop,grid voltage falls 5%,conservative,0.3256826994738675,0.04351779257594879,0.03570706307741367,0.1336202157690621,0.10963758018186892,0.04351779257594954,0.9999999999999828,0.2,0.7024527666604362,0.926539548178793,0.9298798452843487,2.117911022700127,2.469521244337572,0.06979999999999997,1.1,True
strong,0.05,0.95,low,0.2,1.5,reactive,hold schedule,grid voltage holds,conservative,0.7108951059522461,0.707288820673369,0.6158917047870593,0.9949271204025992,0.8663608732572023,0.7072888206733694,0.9999999999999993,0.2,0.20000000000000095,0.9476196669766818,0.9476196669766815,0.25056137087562264,0.25056137087559927,0.17380000000000007,1.4999999999999993,True
strong,0.05,0.95,low,0.2,1.5,reactive,hold schedule,grid voltage falls 5%,conservative,0.7108951059522461,0.6366451707540022,0.5466060995265911,0.8955543024891331,0.7688983859220843,0.6366451707540017,1.0000000000000007,0.2,0.2000000000000268,0.901016786747063,0.9010167867470629,5.156127710835483,5.156127710835471,0.17400000000000004,1.5000000000000002,True
strong,0.05,0.95,low,0.2,1.5,reactive,voltage droop,grid voltage holds,conservative,0.7108951059522461,0.7055115307149549,0.6145866015119674,0.9924270469831411,0.8645250141210732,0.7055115307149553,0.9999999999999993,0.2,0.22499627469186653,0.9489369497100378,0.948937648483916,0.1118264753772542,0.1119000305223284,0.17320000000000002,1.5,True
strong,0.05,0.95,low,0.2,1.5,reactive,voltage droop,grid voltage falls 5%,conservative,0.7108951059522461,0.4953490672417169,0.43452934820377753,0.6967962827345608,0.6112425652751177,0.495349067241718,0.9999999999999978,0.2,0.716997452388638,0.926539548178793,0.9292636844506855,2.1827700578225717,2.469521244337572,0.14850000000000008,1.4999999999999984,True
strong,0.05,0.95,low,0.2,1.5,active,hold schedule,grid voltage holds,conservative,0.7108951059522461,0.707288820673369,0.6158917047870593,0.9949271204025992,0.8663608732572023,0.7072888206733694,0.9999999999999993,0.2,0.20000000000000095,0.9476196669766818,0.9476196669766815,0.25056137087562264,0.25056137087559927,0.17380000000000007,1.4999999999999993,True
strong,0.05,0.95,low,0.2,1.5,active,hold schedule,grid voltage falls 5%,conservative,0.7108951059522461,0.6366451707540071,0.5466060995265951,0.89555430248914,0.7688983859220898,0.6366451707540068,1.0000000000000004,0.2,0.19999999999999216,0.901016786747063,0.9010167867470629,5.156127710835483,5.156127710835471,0.17400000000000004,1.5,True
strong,0.05,0.95,low,0.2,1.5,active,voltage droop,grid voltage holds,conservative,0.7108951059522461,0.7055115307149549,0.6145866015119674,0.9924270469831411,0.8645250141210732,0.7055115307149553,0.9999999999999993,0.2,0.22499627469186653,0.9489369497100378,0.948937648483916,0.1118264753772542,0.1119000305223284,0.17320000000000002,1.5,True
strong,0.05,0.95,low,0.2,1.5,active,voltage droop,grid voltage falls 5%,conservative,0.7108951059522461,0.4953490672417169,0.43452934820377753,0.6967962827345608,0.6112425652751177,0.495349067241718,0.9999999999999978,0.2,0.716997452388638,0.926539548178793,0.9292636844506855,2.1827700578225717,2.469521244337572,0.14850000000000008,1.4999999999999984,True
strong,0.05,0.95,high,0.6,1.1,reactive,hold schedule,grid voltage holds,optimistic,0.1555845954667486,0.15485557049064735,0.1411673296295155,0.9953142856211812,0.907334875962612,0.15485557049064844,0.999999999999993,0.6,0.5999999999999999,0.949457455515409,0.949457455515409,0.057109945746410644,0.057109945746410644,0.08360000000000001,1.099999999999999,True
strong,0.05,0.95,high,0.6,1.1,reactive,hold schedule,grid voltage falls 5%,optimistic,0.1555845954667486,0.09444874756020027,0.059117883561722984,0.6070571914710269,0.3799726019428292,0.09444874756020091,0.9999999999999932,0.6,0.600000000000027,0.9050586997537798,0.9050586997537802,4.730663183812609,4.730663183812644,0.08440000000000003,1.1,True
strong,0.05,0.95,high,0.6,1.1,reactive,voltage droop,grid voltage holds,optimistic,0.1555845954667486,0.15130157960727553,0.13792662729435556,0.9724714657860299,0.8865056780241017,0.15130157960727683,0.9999999999999913,0.6,0.6055907419476578,0.9497518275994845,0.9497518275994847,0.026123410580549795,0.02612341058057317,0.08279999999999998,1.099999999999999,True
strong,0.05,0.95,high,0.6,1.1,reactive,voltage droop,grid voltage falls 5%,optimistic,0.1555845954667486,-0.5679218016446008,-0.5679218016446008,-3.650244421312112,-3.650244421312112,-0.5679218016445371,,0.6,1.011691049168975,0.9275237759307831,0.9275237759307833,2.36591832307544,2.365918323075463,,1.099999999999991,True
strong,0.05,0.95,high,0.6,1.1,active,hold schedule,grid voltage holds,optimistic,0.1555845954667486,0.15485557049064735,0.1411673296295155,0.9953142856211812,0.907334875962612,0.15485557049064844,0.999999999999993,0.6,0.5999999999999999,0.949457455515409,0.949457455515409,0.057109945746410644,0.057109945746410644,0.08360000000000001,1.099999999999999,True
strong,0.05,0.95,high,0.6,1.1,active,hold schedule,grid voltage falls 5%,optimistic,0.1555845954667486,0.09444874756020727,0.05891156816094012,0.6070571914710718,0.37864653620885397,0.09444874756020757,0.9999999999999968,0.6,0.6000000000000185,0.9050586997537803,0.9050586997537805,4.730663183812575,4.730663183812597,0.08440000000000003,1.1,True
strong,0.05,0.95,high,0.6,1.1,active,voltage droop,grid voltage holds,optimistic,0.1555845954667486,0.15130157960727553,0.13792662729435556,0.9724714657860299,0.8865056780241017,0.15130157960727683,0.9999999999999913,0.6,0.6055907419476578,0.9497518275994845,0.9497518275994847,0.026123410580549795,0.02612341058057317,0.08279999999999998,1.099999999999999,True
strong,0.05,0.95,high,0.6,1.1,active,voltage droop,grid voltage falls 5%,optimistic,0.1555845954667486,-0.5679218016446008,-0.5679218016446008,-3.650244421312112,-3.650244421312112,-0.5679218016445371,,0.6,1.011691049168975,0.9275237759307831,0.9275237759307833,2.36591832307544,2.365918323075463,,1.099999999999991,True
strong,0.05,0.95,high,0.6,1.5,reactive,hold schedule,grid voltage holds,conservative,0.5925265954710563,0.5893627436164115,0.5180159681251275,0.9946604053238663,0.8742493114816337,0.5893627436164111,1.0000000000000007,0.6,0.5999999999999995,0.9480872638284912,0.948087263828491,0.2013406496325263,0.20134064963250292,0.15910000000000002,1.5,True
strong,0.05,0.95,high,0.6,1.5,reactive,hold schedule,grid voltage falls 5%,conservative,0.5925265954710563,0.5153992399619041,0.44682929567961716,0.869833090871075,0.7541084216218001,0.5153992399619038,1.0000000000000004,0.6,0.6000000000000273,0.9036211872239399,0.90362118722394,4.881980292216835,4.881980292216847,0.15700000000000003,1.5000000000000002,True
strong,0.05,0.95,high,0.6,1.5,reactive,voltage droop,grid voltage holds,conservative,0.5925265954710563,0.5816009793642907,0.5116208164166218,0.9815609692623504,0.8634562909532951,0.5816009793642902,1.0000000000000007,0.6,0.6200543954282435,0.9491442985008228,0.9491442985008227,0.09007384201865701,0.09007384201864532,0.15760000000000007,1.5,True
strong,0.05,0.95,high,0.6,1.5,reactive,voltage droop,grid voltage falls 5%,conservative,0.5925265954710563,0.17105656609167597,0.15167116242810985,0.2886901067380556,0.25597359441314504,0.17105656609167738,0.9999999999999917,0.6,1.090309808280003,0.9270668488716085,0.9303559699534371,2.067792636480305,2.4140159082517316,0.09810000000000008,1.4999999999999991,True
strong,0.05,0.95,high,0.6,1.5,active,hold schedule,grid voltage holds,conservative,0.5925265954710563,0.5893627436164115,0.5180159681251275,0.9946604053238663,0.8742493114816337,0.5893627436164111,1.0000000000000007,0.6,0.5999999999999993,0.9480872638284912,0.948087263828491,0.2013406496325263,0.20134064963250292,0.15910000000000002,1.5,True
strong,0.05,0.95,high,0.6,1.5,active,hold schedule,grid voltage falls 5%,conservative,0.5925265954710563,0.5153992399619047,0.4468292956796176,0.8698330908710762,0.7541084216218008,0.515399239961905,0.9999999999999996,0.6,0.600000000000025,0.9036211872239399,0.90362118722394,4.881980292216835,4.881980292216847,0.15700000000000003,1.5,True
strong,0.05,0.95,high,0.6,1.5,active,voltage droop,grid voltage holds,conservative,0.5925265954710563,0.5816009793642907,0.5116208164166218,0.9815609692623504,0.8634562909532951,0.5816009793642902,1.0000000000000007,0.6,0.6200543954282435,0.9491442985008228,0.9491442985008227,0.09007384201865701,0.09007384201864532,0.15760000000000007,1.5,True
strong,0.05,0.95,high,0.6,1.5,active,voltage droop,grid voltage falls 5%,conservative,0.5925265954710563,0.17105656609167597,0.15167116242810985,0.2886901067380556,0.25597359441314504,0.17105656609167738,0.9999999999999917,0.6,1.090309808280003,0.9270668488716085,0.9303559699534371,2.067792636480305,2.4140159082517316,0.09810000000000008,1.4999999999999991,True
strong,0.05,0.95,critical,0.3033562262423499,1.1,reactive,hold schedule,grid voltage holds,crossing,0.30000000000000004,0.2989268479951003,0.2693888313194823,0.9964228266503341,0.8979627710649409,0.2989268479951025,0.9999999999999926,0.3033562262423499,0.303356226242349,0.9490664606940886,0.9490664606940888,0.09826729535906453,0.0982672953590879,0.11440000000000006,1.0999999999999979,True
strong,0.05,0.95,critical,0.3033562262423499,1.1,reactive,hold schedule,grid voltage falls 5%,crossing,0.30000000000000004,0.2459458405236955,0.21677863461752567,0.8198194684123182,0.7225954487250854,0.24594584052369547,1.0000000000000002,0.3033562262423499,0.30335622624237735,0.9030886090001721,0.9030886090001718,4.938041157876643,4.9380411578766195,0.11209999999999998,1.1,True
strong,0.05,0.95,critical,0.3033562262423499,1.1,reactive,voltage droop,grid voltage holds,crossing,0.30000000000000004,0.29651519071152654,0.2672903712139266,0.9883839690384216,0.8909679040464219,0.2965151907115321,0.9999999999999812,0.3033562262423499,0.3130697308690487,0.9495780627610741,0.9495780627610739,0.04441444620273989,0.04441444620271652,0.11380000000000001,1.0999999999999939,True
strong,0.05,0.95,critical,0.3033562262423499,1.1,reactive,voltage droop,grid voltage falls 5%,crossing,0.30000000000000004,-0.06137684411920186,-0.063168935580312,-0.20458948039733948,-0.21056311860104,-0.06137684411920255,,0.3033562262423499,0.7993864219902947,0.9266758045996623,0.9301462547796755,2.0898679179288906,2.4551784631934424,,1.1,True
strong,0.05,0.95,critical,0.3033562262423499,1.1,active,hold schedule,grid voltage holds,crossing,0.30000000000000004,0.2989268479951003,0.2693888313194823,0.9964228266503341,0.8979627710649409,0.2989268479951025,0.9999999999999926,0.3033562262423499,0.303356226242349,0.9490664606940886,0.9490664606940888,0.09826729535906453,0.0982672953590879,0.11440000000000006,1.0999999999999979,True
strong,0.05,0.95,critical,0.3033562262423499,1.1,active,hold schedule,grid voltage falls 5%,crossing,0.30000000000000004,0.24594584052370216,0.21677863461733138,0.8198194684123404,0.7225954487244378,0.24594584052370225,0.9999999999999997,0.3033562262423499,0.30335622624236136,0.9030886090001732,0.9030886090001732,4.938041157876503,4.938041157876503,0.11209999999999998,1.1,True
strong,0.05,0.95,critical,0.3033562262423499,1.1,active,voltage droop,grid voltage holds,crossing,0.30000000000000004,0.29651519071152654,0.2672903712139266,0.9883839690384216,0.8909679040464219,0.2965151907115321,0.9999999999999812,0.3033562262423499,0.3130697308690487,0.9495780627610741,0.9495780627610739,0.04441444620273989,0.04441444620271652,0.11380000000000001,1.0999999999999939,True
strong,0.05,0.95,critical,0.3033562262423499,1.1,active,voltage droop,grid voltage falls 5%,crossing,0.30000000000000004,-0.06137684411919975,-0.06316893558031023,-0.20458948039733246,-0.21056311860103405,-0.061376844119200774,,0.3033562262423499,0.7993864219902934,0.9266758045996623,0.9301462547796755,2.0898679179288906,2.4551784631934424,,1.1,True
strong,0.05,1.0,low,0.2,1.1,reactive,hold schedule,grid voltage holds,conservative,0.3816653826391969,0.38053216055793593,0.3425145735859916,0.9970308491867279,0.89742111589351,0.3805321605579355,1.000000000000001,0.2,0.19999999999999846,0.9989869869022318,0.9989869869022315,0.1013013097768467,0.1013013097768245,0.12190000000000001,1.1,True
strong,0.05,1.0,low,0.2,1.1,reactive,hold schedule,grid voltage falls 5%,conservative,0.3816653826391969,0.3255809451232954,0.287812065146655,0.8530533811369517,0.7540952840848417,0.32558094512329583,0.9999999999999987,0.2,0.20000000000002713,0.9499092061876243,0.9499092061876245,5.009079381237546,5.009079381237569,0.12060000000000004,1.1,True
strong,0.05,1.0,low,0.2,1.1,reactive,voltage droop,grid voltage holds,conservative,0.3816653826391969,0.3790731962822418,0.34127354640338403,0.9932082225036227,0.8941695053491481,0.3790731962822418,1.0,0.2,0.21086966803589582,0.9995308733618935,0.9995308733618931,0.046912663810694255,0.046912663810649846,0.12150000000000005,1.0999999999999999,True
strong,0.05,1.0,low,0.2,1.1,reactive,voltage droop,grid voltage falls 5%,conservative,0.3816653826391969,0.07633290515774549,0.06639898929890597,0.1999995509938766,0.17397173628836943,0.07633290515774535,1.0000000000000018,0.2,0.7450317708984255,0.9752736961405021,0.9781772217189695,2.182277828103052,2.4726303859497922,0.07400000000000007,1.1,True
strong,0.05,1.0,low,0.2,1.1,active,hold schedule,grid voltage holds,conservative,0.3816653826391969,0.3805321605579366,0.342514573585992,0.9970308491867296,0.8974211158935111,0.38053216055793615,1.000000000000001,0.2,0.19999999999999415,0.9989869869022318,0.9989869869022315,0.1013013097768467,0.1013013097768245,0.12190000000000001,1.1,True
strong,0.05,1.0,low,0.2,1.1,active,hold schedule,grid voltage falls 5%,conservative,0.3816653826391969,0.3255809451233018,0.28781206514665336,0.8530533811369686,0.7540952840848374,0.3255809451233016,1.0000000000000007,0.2,0.20000000000000406,0.9499092061876258,0.9499092061876255,5.009079381237447,5.009079381237425,0.12060000000000004,1.1,True
strong,0.05,1.0,low,0.2,1.1,active,voltage droop,grid voltage holds,conservative,0.3816653826391969,0.3790731962822418,0.34127354640338403,0.9932082225036227,0.8941695053491481,0.3790731962822418,1.0,0.2,0.21086966803589582,0.9995308733618935,0.9995308733618931,0.046912663810694255,0.046912663810649846,0.12150000000000005,1.0999999999999999,True
strong,0.05,1.0,low,0.2,1.1,active,voltage droop,grid voltage falls 5%,conservative,0.3816653826391969,0.0763329051577466,0.06639898929890686,0.1999995509938795,0.17397173628837176,0.07633290515774624,1.0000000000000047,0.2,0.7450317708984245,0.9752736961405021,0.9781772217189695,2.182277828103052,2.4726303859497922,0.07400000000000007,1.1,True
strong,0.05,1.0,low,0.2,1.5,reactive,hold schedule,grid voltage holds,conservative,0.7866068747318506,0.7831027442493652,0.6832967709851943,0.995545258254093,0.8686636144873839,0.783102744249365,1.0000000000000002,0.2,0.19999999999999926,0.9976848199707158,0.9976848199707153,0.2315180029284658,0.2315180029284214,0.1734,1.5,True
strong,0.05,1.0,low,0.2,1.5,reactive,hold schedule,grid voltage falls 5%,conservative,0.7866068747318506,0.708682673635187,0.6104629676235205,0.9009362826593302,0.7760712335899982,0.7086826736351923,0.9999999999999925,0.2,0.20000000000002632,0.9485396670672251,0.9485396670672249,5.146033293277508,5.146033293277485,0.17380000000000007,1.4999999999999938,True
strong,0.05,1.0,low,0.2,1.5,reactive,voltage droop,grid voltage holds,conservative,0.7866068747318506,0.7814147092125536,0.6820546249064277,0.9933992878957904,0.8670844952110746,0.7814147092125621,0.9999999999999892,0.2,0.2250187065721123,0.998937871269886,0.9989378712698861,0.10621287301139093,0.10621287301140203,0.17280000000000006,1.4999999999999913,True
strong,0.05,1.0,low,0.2,1.5,reactive,voltage droop,grid voltage falls 5%,conservative,0.7866068747318506,0.554486991389538,0.48770878667836515,0.7049099228614791,0.6200159219872341,0.5544869913895438,0.9999999999999896,0.2,0.7592654238086726,0.9752736961405021,0.9775755942027541,2.2424405797245917,2.4726303859497922,0.14860000000000007,1.4999999999999958,True
strong,0.05,1.0,low,0.2,1.5,active,hold schedule,grid voltage holds,conservative,0.7866068747318506,0.7831027442493652,0.6832967709851943,0.995545258254093,0.8686636144873839,0.783102744249365,1.0000000000000002,0.2,0.19999999999999926,0.9976848199707158,0.9976848199707153,0.2315180029284658,0.2315180029284214,0.1734,1.5,True
strong,0.05,1.0,low,0.2,1.5,active,hold schedule,grid voltage falls 5%,conservative,0.7866068747318506,0.708682673635187,0.6104629676235205,0.9009362826593302,0.7760712335899982,0.7086826736351923,0.9999999999999925,0.2,0.20000000000002632,0.9485396670672251,0.9485396670672249,5.146033293277508,5.146033293277485,0.17380000000000007,1.4999999999999938,True
strong,0.05,1.0,low,0.2,1.5,active,voltage droop,grid voltage holds,conservative,0.7866068747318506,0.7814147092125536,0.6820546249064277,0.9933992878957904,0.8670844952110746,0.7814147092125621,0.9999999999999892,0.2,0.2250187065721123,0.998937871269886,0.9989378712698861,0.10621287301139093,0.10621287301140203,0.17280000000000006,1.4999999999999913,True
strong,0.05,1.0,low,0.2,1.5,active,voltage droop,grid voltage falls 5%,conservative,0.7866068747318506,0.554486991389538,0.48770878667836515,0.7049099228614791,0.6200159219872341,0.5544869913895438,0.9999999999999896,0.2,0.7592654238086726,0.9752736961405021,0.9775755942027541,2.2424405797245917,2.4726303859497922,0.14860000000000007,1.4999999999999958,True
strong,0.05,1.0,high,0.6,1.1,reactive,hold schedule,grid voltage holds,optimistic,0.22195444572928888,0.2211502320468678,0.20167877733454065,0.9963766723402244,0.908649415297237,0.2211502320468691,0.9999999999999941,0.6,0.5999999999999993,0.9993873123068953,0.9993873123068953,0.06126876931047409,0.06126876931047409,0.09400000000000008,1.099999999999999,True
strong,0.05,1.0,high,0.6,1.1,reactive,hold schedule,grid voltage falls 5%,optimistic,0.22195444572928888,0.15872515684586708,0.11747332353667195,0.7151249272089794,0.5292677204580556,0.15872515684587427,0.9999999999999547,0.6,0.6000000000000273,0.9523389627648354,0.9523389627648357,4.766103723516435,4.766103723516457,0.0948,1.1,True
strong,0.05,1.0,high,0.6,1.1,reactive,voltage droop,grid voltage holds,optimistic,0.22195444572928888,0.21729550684300758,0.19820726867158234,0.979009481558375,0.8930087794381454,0.21729550684300777,0.9999999999999991,0.6,0.6065283446174108,0.9997138762974839,0.9997138762974841,0.02861237025159058,0.028612370251612784,0.09310000000000007,1.1,True
strong,0.05,1.0,high,0.6,1.1,reactive,voltage droop,grid voltage falls 5%,optimistic,0.22195444572928888,-0.5233300782709478,-0.5233300782709478,-2.357826519542833,-2.357826519542833,-0.5233300782709506,,0.6,1.0591275000000007,0.9761466334521672,0.9761466334521671,2.3853366547832877,2.3853366547832766,,1.1,True
strong,0.05,1.0,high,0.6,1.1,active,hold schedule,grid voltage holds,optimistic,0.22195444572928888,0.2211502320468678,0.20167877733454065,0.9963766723402244,0.908649415297237,0.2211502320468691,0.9999999999999941,0.6,0.5999999999999993,0.9993873123068953,0.9993873123068953,0.06126876931047409,0.06126876931047409,0.09400000000000008,1.099999999999999,True
strong,0.05,1.0,high,0.6,1.1,active,hold schedule,grid voltage falls 5%,optimistic,0.22195444572928888,0.15872515684587818,0.11729761937313121,0.7151249272090294,0.5284760978214222,0.15872515684587826,0.9999999999999994,0.6,0.600000000000022,0.9523389627648357,0.9523389627648359,4.766103723516412,4.766103723516435,0.0948,1.1,True
strong,0.05,1.0,high,0.6,1.1,active,voltage droop,grid voltage holds,optimistic,0.22195444572928888,0.2172955068430128,0.1982072686715869,0.9790094815583985,0.8930087794381659,0.21729550684301266,1.0000000000000007,0.6,0.6065283446174032,0.9997138762974839,0.9997138762974841,0.02861237025159058,0.028612370251612784,0.09310000000000007,1.1,True
strong,0.05,1.0,high,0.6,1.1,active,voltage droop,grid voltage falls 5%,optimistic,0.22195444572928888,-0.5233300782709243,-0.5233300782709243,-2.357826519542727,-2.357826519542727,-0.5233300782709217,,0.6,1.0591274999999958,0.9761466334521672,0.9761466334521671,2.3853366547832877,2.3853366547832766,,1.1,True
strong,0.05,1.0,high,0.6,1.5,reactive,hold schedule,grid voltage holds,conservative,0.6747727084867521,0.6716390742465732,0.5907853924391173,0.9953560151429266,0.87553243486094,0.6716390742465745,0.999999999999998,0.6,0.5999999999999995,0.9980856676658572,0.998085667665857,0.1914332334142954,0.1914332334142843,0.16090000000000004,1.4999999999999987,True
strong,0.05,1.0,high,0.6,1.5,reactive,hold schedule,grid voltage falls 5%,conservative,0.6747727084867521,0.5941353773852158,0.5162205744927895,0.880497047246659,0.7650288282264227,0.5941353773852156,1.0000000000000004,0.6,0.6000000000000264,0.9509729228532232,0.9509729228532233,4.902707714677668,4.902707714677678,0.1594,1.5,True
strong,0.05,1.0,high,0.6,1.5,reactive,voltage droop,grid voltage holds,conservative,0.6747727084867521,0.6641185634007574,0.5846060500061405,0.9842107646738,0.8663747698349868,0.6641185634007658,0.9999999999999873,0.6,0.6206638957909464,0.9991203078604171,0.9991203078604173,0.08796921395827217,0.08796921395829438,0.15960000000000008,1.4999999999999927,True
strong,0.05,1.0,high,0.6,1.5,reactive,voltage droop,grid voltage falls 5%,conservative,0.6747727084867521,0.23266393319500367,0.20785914738891964,0.34480341345869886,0.3080432044370398,0.2326639331950134,0.9999999999999581,0.6,1.1335683682874564,0.9757747976034824,0.9786247170538593,2.137528294614066,2.4225202396517598,0.10370000000000001,1.499999999999994,True
strong,0.05,1.0,high,0.6,1.5,active,hold schedule,grid voltage holds,conservative,0.6747727084867521,0.6716390742465732,0.5907853924391173,0.9953560151429266,0.87553243486094,0.6716390742465745,0.999999999999998,0.6,0.5999999999999995,0.9980856676658572,0.998085667665857,0.1914332334142954,0.1914332334142843,0.16090000000000004,1.4999999999999987,True
strong,0.05,1.0,high,0.6,1.5,active,hold schedule,grid voltage falls 5%,conservative,0.6747727084867521,0.5941353773852174,0.5162205744927906,0.8804970472466613,0.7650288282264244,0.5941353773852178,0.9999999999999992,0.6,0.600000000000022,0.9509729228532232,0.9509729228532233,4.902707714677668,4.902707714677678,0.1594,1.5,True
strong,0.05,1.0,high,0.6,1.5,active,voltage droop,grid voltage holds,conservative,0.6747727084867521,0.6641185634007574,0.5846060500061405,0.9842107646738,0.8663747698349868,0.6641185634007658,0.9999999999999873,0.6,0.6206638957909464,0.9991203078604171,0.9991203078604173,0.08796921395827217,0.08796921395829438,0.15960000000000008,1.4999999999999927,True
strong,0.05,1.0,high,0.6,1.5,active,voltage droop,grid voltage falls 5%,conservative,0.6747727084867521,0.23266393319500367,0.20785914738891964,0.34480341345869886,0.3080432044370398,0.2326639331950134,0.9999999999999581,0.6,1.1335683682874564,0.9757747976034824,0.9786247170538593,2.137528294614066,2.4225202396517598,0.10370000000000001,1.499999999999994,True
strong,0.05,1.0,critical,0.4582575694955842,1.1,reactive,hold schedule,grid voltage holds,crossing,0.30000000000000004,0.299031531033932,0.2709853191689592,0.9967717701131065,0.9032843972298638,0.2990315310339313,1.0000000000000022,0.4582575694955842,0.45825756949558283,0.9991996797437438,0.9991996797437436,0.0800320256256426,0.0800320256256204,0.10860000000000003,1.1,True
strong,0.05,1.0,critical,0.4582575694955842,1.1,reactive,hold schedule,grid voltage falls 5%,crossing,0.30000000000000004,0.2409182638790165,0.21231504802903634,0.8030608795967216,0.7077168267634544,0.24091826387901646,1.0000000000000002,0.4582575694955842,0.45825756949561147,0.95143527042179,0.95143527042179,4.856472957821001,4.856472957821001,0.10599999999999998,1.1,True
strong,0.05,1.0,critical,0.4582575694955842,1.1,reactive,voltage droop,grid voltage holds,crossing,0.30000000000000004,0.29557751495420626,0.26793758874014284,0.9852583831806874,0.893125295800476,0.2955775149542067,0.9999999999999984,0.4582575694955842,0.4668256031911381,0.9996280669733285,0.9996283326164561,0.03716673835438833,0.03719330266714893,0.1078,1.1,True
strong,0.05,1.0,critical,0.4582575694955842,1.1,reactive,voltage droop,grid voltage falls 5%,crossing,0.30000000000000004,-0.1543698775089255,-0.1543698775089255,-0.5145662583630849,-0.5145662583630849,-0.1543698775089173,,0.4582575694955842,0.9241122004826733,0.9756098282106893,0.9756098282106896,2.4390171789310355,2.439017178931069,,1.0999999999999965,True
strong,0.05,1.0,critical,0.4582575694955842,1.1,active,hold schedule,grid voltage holds,crossing,0.30000000000000004,0.29903153103394253,0.27098531916896884,0.9967717701131417,0.903284397229896,0.299031531033942,1.0000000000000018,0.4582575694955842,0.4582575694955597,0.9991996797437438,0.9991996797437436,0.0800320256256426,0.0800320256256204,0.10860000000000003,1.1,True
strong,0.05,1.0,critical,0.4582575694955842,1.1,active,hold schedule,grid voltage falls 5%,crossing,0.30000000000000004,0.2409182638790216,0.2123089143201018,0.8030608795967386,0.7076963810670058,0.24091826387902102,1.0000000000000024,0.4582575694955842,0.4582575694956032,0.9514352704217907,0.9514352704217904,4.856472957820957,4.856472957820934,0.10599999999999998,1.1,True
strong,0.05,1.0,critical,0.4582575694955842,1.1,active,voltage droop,grid voltage holds,crossing,0.30000000000000004,0.2955775149542219,0.26793758874015683,0.9852583831807395,0.8931252958005226,0.29557751495422246,0.9999999999999981,0.4582575694955842,0.46682560319110444,0.9996280669733285,0.9996283326164561,0.03716673835438833,0.03719330266714893,0.1078,1.1,True
strong,0.05,1.0,critical,0.4582575694955842,1.1,active,voltage droop,grid voltage falls 5%,crossing,0.30000000000000004,-0.1543698775089255,-0.1543698775089255,-0.5145662583630849,-0.5145662583630849,-0.1543698775089173,,0.4582575694955842,0.9241122004826733,0.9756098282106893,0.9756098282106896,2.4390171789310355,2.439017178931069,,1.0999999999999965,True
strong,0.05,1.05,low,0.2,1.1,reactive,hold schedule,grid voltage holds,conservative,0.4375521966046221,0.43642520900802584,0.3932190051436155,0.9974243356442006,0.8986790791932269,0.43642520900802584,1.0,0.2,0.19999999999999934,1.0489909577677292,1.0489909577677294,0.0960992602162483,0.09609926021626945,0.124,1.1,True
strong,0.05,1.05,low,0.2,1.1,reactive,hold schedule,grid voltage falls 5%,conservative,0.4375521966046221,0.37872485433784187,0.3358886798074936,0.8655535437296927,0.7676539677185235,0.3787248543378421,0.9999999999999994,0.2,0.20000000000005513,0.9973714674605014,0.9973714674605015,5.012241194237953,5.012241194237963,0.123,1.1,True
strong,0.05,1.05,low,0.2,1.1,reactive,voltage droop,grid voltage holds,conservative,0.4375521966046221,0.43500385400218744,0.39201318115890427,0.9941759117604491,0.8959232388750468,0.4350038540021901,0.9999999999999939,0.2,0.21112787613555992,1.0495212323207255,1.0495212323207253,0.04559692183569468,0.04559692183567353,0.12360000000000004,1.0999999999999976,True
strong,0.05,1.05,low,0.2,1.1,reactive,voltage droop,grid voltage falls 5%,conservative,0.4375521966046221,0.10827835765369431,0.09625347477239132,0.24746386486898628,0.21998169708508453,0.10827835765369495,0.9999999999999941,0.2,0.7883692588060445,1.0240086924224452,1.0264437490602756,2.243452470449949,2.4753626264337956,0.07700000000000007,1.1,True
strong,0.05,1.05,low,0.2,1.1,active,hold schedule,grid voltage holds,conservative,0.4375521966046221,0.4364252090080294,0.3932190051436186,0.9974243356442087,0.898679079193234,0.4364252090080296,0.9999999999999994,0.2,0.1999999999999781,1.0489909577677292,1.0489909577677294,0.0960992602162483,0.09609926021626945,0.124,1.1,True
strong,0.05,1.05,low,0.2,1.1,active,hold schedule,grid voltage falls 5%,conservative,0.4375521966046221,0.37872485433784653,0.3358886798074969,0.8655535437297034,0.7676539677185311,0.37872485433784675,0.9999999999999994,0.2,0.20000000000004353,0.997371467460504,0.9973714674605038,5.012241194237742,5.01224119423772,0.123,1.1,True
strong,0.05,1.05,low,0.2,1.1,active,voltage droop,grid voltage holds,conservative,0.4375521966046221,0.43500385400218744,0.39201318115890427,0.9941759117604491,0.8959232388750468,0.4350038540021901,0.9999999999999939,0.2,0.21112787613555992,1.0495212323207255,1.0495212323207253,0.04559692183569468,0.04559692183567353,0.12360000000000004,1.0999999999999976,True
strong,0.05,1.05,low,0.2,1.1,active,voltage droop,grid voltage falls 5%,conservative,0.4375521966046221,0.1082783576537325,0.09625347477242663,0.24746386486907357,0.2199816970851652,0.10827835765373314,0.9999999999999941,0.2,0.7883692588060054,1.0240086924224452,1.0264437490602756,2.243452470449949,2.4753626264337956,0.07700000000000007,1.1,True
strong,0.05,1.05,low,0.2,1.5,reactive,hold schedule,grid voltage holds,conservative,0.8622499799967995,0.8588487952096318,0.7508895287420305,0.9960554539100361,0.8708489952586809,0.8588487952096358,0.9999999999999953,0.2,0.19999999999999887,1.0477509386674193,1.0477509386674195,0.2141963173886205,0.21419631738864164,0.1726000000000001,1.499999999999997,True
strong,0.05,1.05,low,0.2,1.5,reactive,hold schedule,grid voltage falls 5%,conservative,0.8622499799967995,0.7806542976787927,0.6745065200700409,0.9053688788507601,0.7822633061383713,0.7806542976787949,0.9999999999999971,0.2,0.20000000000005344,0.9960671885492032,0.9960671885492032,5.1364582334092255,5.1364582334092255,0.1733,1.4999999999999976,True
strong,0.05,1.05,low,0.2,1.5,reactive,voltage droop,grid voltage holds,conservative,0.8622499799967995,0.8572469851674638,0.7497077368401024,0.9941977443370259,0.8694784044447124,0.8572469851674651,0.9999999999999984,0.2,0.22496174244325318,1.0489414682062976,1.0489414682062979,0.10081255178116083,0.10081255178118198,0.17210000000000003,1.4999999999999993,True
strong,0.05,1.05,low,0.2,1.5,reactive,voltage droop,grid voltage falls 5%,conservative,0.8622499799967995,0.6130744032723965,0.5405831147004905,0.7110170107219627,0.6269447691984835,0.6130744032724025,0.9999999999999902,0.2,0.8023036029954613,1.0240086924224452,1.025855839971609,2.2994438122277283,2.4753626264337956,0.1483,1.4999999999999951,True
strong,0.05,1.05,low,0.2,1.5,active,hold schedule,grid voltage holds,conservative,0.8622499799967995,0.8588487952096318,0.7508895287420305,0.9960554539100361,0.8708489952586809,0.8588487952096358,0.9999999999999953,0.2,0.19999999999999887,1.0477509386674193,1.0477509386674195,0.2141963173886205,0.21419631738864164,0.1726000000000001,1.499999999999997,True
strong,0.05,1.05,low,0.2,1.5,active,hold schedule,grid voltage falls 5%,conservative,0.8622499799967995,0.7806542976787927,0.6745065200700409,0.9053688788507601,0.7822633061383713,0.7806542976787949,0.9999999999999971,0.2,0.20000000000005344,0.9960671885492032,0.9960671885492032,5.1364582334092255,5.1364582334092255,0.1733,1.4999999999999976,True
strong,0.05,1.05,low,0.2,1.5,active,voltage droop,grid voltage holds,conservative,0.8622499799967995,0.8572469851674638,0.7497077368401024,0.9941977443370259,0.8694784044447124,0.8572469851674651,0.9999999999999984,0.2,0.22496174244325318,1.0489414682062976,1.0489414682062979,0.10081255178116083,0.10081255178118198,0.17210000000000003,1.4999999999999993,True
strong,0.05,1.05,low,0.2,1.5,active,voltage droop,grid voltage falls 5%,conservative,0.8622499799967995,0.6130744032723965,0.5405831147004905,0.7110170107219627,0.6269447691984835,0.6130744032724025,0.9999999999999902,0.2,0.8023036029954613,1.0240086924224452,1.025855839971609,2.2994438122277283,2.4753626264337956,0.1483,1.4999999999999951,True
strong,0.05,1.05,high,0.6,1.1,reactive,hold schedule,grid voltage holds,optimistic,0.28692704897575927,0.28607315154813473,0.26080787595231103,0.9970239911828714,0.9089692898711167,0.2860731515481416,0.9999999999999759,0.6,0.5999999999999981,1.0493367681832293,1.0493367681832293,0.06316493493054748,0.06316493493054748,0.10110000000000008,1.0999999999999945,True
strong,0.05,1.05,high,0.6,1.1,reactive,hold schedule,grid voltage falls 5%,optimistic,0.28692704897575927,0.22149807946577593,0.17442852590809865,0.7719665338505223,0.6079194224830127,0.22149807946578157,0.9999999999999746,0.6,0.6000000000000556,0.9996522992459732,0.9996522992459732,4.795019119431126,4.795019119431126,0.10210000000000008,1.1,True
strong,0.05,1.05,high,0.6,1.1,reactive,voltage droop,grid voltage holds,optimistic,0.28692704897575927,0.2820556881589581,0.25722135311442573,0.9830223018910541,0.8964695173655685,0.28205568815895776,1.000000000000001,0.6,0.6072788726338262,1.0496835429426372,1.049683542942637,0.030138767367909613,0.030138767367888467,0.10030000000000006,1.1,True
strong,0.05,1.05,high,0.6,1.1,reactive,voltage droop,grid voltage falls 5%,optimistic,0.28692704897575927,-0.4979209296396696,-0.4979209296396696,-1.7353572324989686,-1.7353572324989686,-0.4979209296396706,,0.6,1.1090146683673474,1.0247956802331328,1.0247956802331328,2.4004114063683057,2.4004114063683057,,1.1,True
strong,0.05,1.05,high,0.6,1.1,active,hold schedule,grid voltage holds,optimistic,0.28692704897575927,0.28607315154813473,0.26080787595231103,0.9970239911828714,0.9089692898711167,0.2860731515481416,0.9999999999999759,0.6,0.5999999999999981,1.0493367681832293,1.0493367681832293,0.06316493493054748,0.06316493493054748,0.10110000000000008,1.0999999999999945,True
strong,0.05,1.05,high,0.6,1.1,active,hold schedule,grid voltage falls 5%,optimistic,0.28692704897575927,0.22149807946577593,0.17426166690618738,0.7719665338505223,0.6073378844143401,0.22149807946578157,0.9999999999999746,0.6,0.6000000000000556,0.9996522992459732,0.9996522992459732,4.795019119431126,4.795019119431126,0.10210000000000008,1.1,True
strong,0.05,1.05,high,0.6,1.1,active,voltage droop,grid voltage holds,optimistic,0.28692704897575927,0.28205568815896176,0.25722135311442906,0.9830223018910669,0.89646951736558,0.2820556881589614,1.000000000000001,0.6,0.6072788726338201,1.0496835429426372,1.049683542942637,0.030138767367909613,0.030138767367888467,0.10030000000000006,1.1,True
strong,0.05,1.05,high,0.6,1.1,active,voltage droop,grid voltage falls 5%,optimistic,0.28692704897575927,-0.4979209296396261,-0.49792092963962614,-1.735357232498817,-1.7353572324988171,-0.4979209296396244,,0.6,1.109014668367339,1.0247956802331328,1.0247956802331328,2.4004114063683057,2.4004114063683057,,1.1,True
strong,0.05,1.05,high,0.6,1.5,reactive,hold schedule,grid voltage holds,conservative,0.7562365879210702,0.7531490699125523,0.6631176548346807,0.9959172591516556,0.8768653427066021,0.7531490699125665,0.9999999999999811,0.6,0.5999999999999976,1.0480971582163672,1.048097158216367,0.18122302701267534,0.18122302701265422,0.16190000000000004,1.4999999999999873,True
strong,0.05,1.05,high,0.6,1.5,reactive,hold schedule,grid voltage falls 5%,conservative,0.7562365879210702,0.6720734742069663,0.585140817779916,0.8887079585166962,0.7737536468428425,0.6720734742069747,0.9999999999999875,0.6,0.6000000000000545,0.9983510000935345,0.998351000093535,4.918952372044295,4.9189523720443376,0.16090000000000004,1.4999999999999925,True
strong,0.05,1.05,high,0.6,1.5,reactive,voltage droop,grid voltage holds,conservative,0.7562365879210702,0.745894366780095,0.6571662939095597,0.986324093139415,0.8689956349720405,0.7458943667801166,0.9999999999999711,0.6,0.6211137527645912,1.0491035576501926,1.0491039168441245,0.08534125294052634,0.08537546188642457,0.16070000000000007,1.4999999999999807,True
strong,0.05,1.05,high,0.6,1.5,reactive,voltage droop,grid voltage falls 5%,conservative,0.7562365879210702,0.29297376309815315,0.2627964473564589,0.3874101938171912,0.3475055975258995,0.2929737630981588,0.9999999999999807,0.6,1.1775093776212167,1.0244860895500734,1.0268669130660881,2.2031511365630396,2.4298962333263505,0.1078,1.4999999999999962,True
strong,0.05,1.05,high,0.6,1.5,active,hold schedule,grid voltage holds,conservative,0.7562365879210702,0.7531490699125523,0.6631176548346807,0.9959172591516556,0.8768653427066021,0.7531490699125665,0.9999999999999811,0.6,0.5999999999999976,1.0480971582163672,1.048097158216367,0.18122302701267534,0.18122302701265422,0.16190000000000004,1.4999999999999873,True
strong,0.05,1.05,high,0.6,1.5,active,hold schedule,grid voltage falls 5%,conservative,0.7562365879210702,0.6720734742069663,0.585140817779916,0.8887079585166962,0.7737536468428425,0.6720734742069747,0.9999999999999875,0.6,0.6000000000000545,0.9983510000935345,0.998351000093535,4.918952372044295,4.9189523720443376,0.16090000000000004,1.4999999999999925,True
strong,0.05,1.05,high,0.6,1.5,active,voltage droop,grid voltage holds,conservative,0.7562365879210702,0.745894366780095,0.6571662939095597,0.986324093139415,0.8689956349720405,0.7458943667801166,0.9999999999999711,0.6,0.6211137527645912,1.0491035576501926,1.0491039168441245,0.08534125294052634,0.08537546188642457,0.16070000000000007,1.4999999999999807,True
strong,0.05,1.05,high,0.6,1.5,active,voltage droop,grid voltage falls 5%,conservative,0.7562365879210702,0.29297376309815315,0.2627964473564589,0.3874101938171912,0.3475055975258995,0.2929737630981588,0.9999999999999807,0.6,1.1775093776212167,1.0244860895500734,1.0268669130660881,2.2031511365630396,2.4298962333263505,0.1078,1.4999999999999962,True
strong,0.05,1.05,critical,0.5779489596841582,1.1,reactive,hold schedule,grid voltage holds,crossing,0.30000000000000004,0.29912160968007584,0.2724242116217538,0.9970720322669193,0.9080807054058458,0.29912160968007606,0.9999999999999992,0.5779489596841582,0.5779489596841579,1.049308702353348,1.0493087023533485,0.06583787110967097,0.06583787110971327,0.10330000000000006,1.1,True
strong,0.05,1.05,critical,0.5779489596841582,1.1,reactive,hold schedule,grid voltage falls 5%,crossing,0.30000000000000004,0.23531237711838626,0.19219113740614646,0.7843745903946208,0.6406371246871547,0.23531237711840178,0.999999999999934,0.5779489596841582,0.5779489596842128,0.9995181660630449,0.9995181660630447,4.807793708281465,4.807793708281443,0.10360000000000003,1.1,True
strong,0.05,1.05,critical,0.5779489596841582,1.1,reactive,voltage droop,grid voltage holds,crossing,0.30000000000000004,0.2951524674690381,0.2688913376506916,0.9838415582301269,0.8963044588356386,0.295152467469041,0.9999999999999902,0.5779489596841582,0.5855418871844431,1.0496704461803692,1.0496704461803692,0.031386078060080536,0.031386078060080536,0.10250000000000004,1.0999999999999979,True
strong,0.05,1.05,critical,0.5779489596841582,1.1,reactive,voltage droop,grid voltage falls 5%,crossing,0.30000000000000004,-0.4054052459292156,-0.40540524592921556,-1.3513508197640518,-1.3513508197640516,-0.4054052459292192,,0.5779489596841582,1.0880099024063588,1.0247158916315522,1.0247158916315517,2.4080103208045998,2.4080103208045576,,1.1,True
strong,0.05,1.05,critical,0.5779489596841582,1.1,active,hold schedule,grid voltage holds,crossing,0.30000000000000004,0.29912160968008494,0.2724242116217621,0.9970720322669496,0.9080807054058736,0.29912160968008583,0.999999999999997,0.5779489596841582,0.5779489596841411,1.049308702353348,1.0493087023533485,0.06583787110967097,0.06583787110971327,0.10330000000000006,1.1,True
strong,0.05,1.05,critical,0.5779489596841582,1.1,active,hold schedule,grid voltage falls 5%,crossing,0.30000000000000004,0.23531237711838626,0.1920910220610762,0.7843745903946208,0.6403034068702539,0.23531237711840178,0.999999999999934,0.5779489596841582,0.5779489596842128,0.9995181660630449,0.9995181660630447,4.807793708281465,4.807793708281443,0.10370000000000001,1.1,True
strong,0.05,1.05,critical,0.5779489596841582,1.1,active,voltage droop,grid voltage holds,crossing,0.30000000000000004,0.2951524674690381,0.2688913376506916,0.9838415582301269,0.8963044588356386,0.295152467469041,0.9999999999999902,0.5779489596841582,0.5855418871844431,1.0496704461803692,1.0496704461803692,0.031386078060080536,0.031386078060080536,0.10250000000000004,1.0999999999999979,True
strong,0.05,1.05,critical,0.5779489596841582,1.1,active,voltage droop,grid voltage falls 5%,crossing,0.30000000000000004,-0.4054052459291309,-0.40540524592913096,-1.3513508197637696,-1.3513508197637696,-0.40540524592913396,,0.5779489596841582,1.0880099024063357,1.0247158916315522,1.0247158916315517,2.4080103208045998,2.4080103208045576,,1.1,True
ordinary,0.15,0.95,low,0.2,1.1,reactive,hold schedule,grid voltage holds,conservative,0.3256826994738675,0.31545518544769413,0.26942644513803427,0.9685966922937703,0.8272666788051257,0.3154551854476939,1.0000000000000007,0.2,0.1999999551850542,0.9408758078112601,0.9408758078112599,0.960441283025269,0.9604412830252456,0.17220000000000002,1.1,True
ordinary,0.15,0.95,low,0.2,1.1,reactive,hold schedule,grid voltage falls 5%,conservative,0.3256826994738675,0.26466513074294074,0.21875181255121812,0.8126471905646226,0.6716715775956363,0.26466513074294096,0.9999999999999991,0.2,0.19999994672165922,0.8956177946068833,0.8956177946068832,5.72444267295966,5.72444267295965,0.17020000000000002,1.1,True
ordinary,0.15,0.95,low,0.2,1.1,reactive,voltage droop,grid voltage holds,conservative,0.3256826994738675,0.31359096976678824,0.2682873883114981,0.9628726680090371,0.8237692353475019,0.31359096976678824,1.0,0.2,0.24572482387427852,0.9481375144625692,0.9481375144625693,0.1960511092032237,0.19605110920323537,0.16960000000000008,1.1,True
ordinary,0.15,0.95,low,0.2,1.1,reactive,voltage droop,grid voltage falls 5%,conservative,0.3256826994738675,0.22161201938257913,0.18723858369306678,0.6804537660139391,0.5749110529836131,0.2216120193825792,0.9999999999999997,0.2,0.46707371767997863,0.938538773777499,0.9392834318266202,1.1280598077241828,1.206444865526422,0.15080000000000005,1.1,True
ordinary,0.15,0.95,low,0.2,1.1,active,hold schedule,grid voltage holds,conservative,0.3256826994738675,0.3154551846312392,0.26942624010988603,0.9685966897868674,0.8272660492716917,0.3154551846312388,1.0000000000000013,0.2,0.20000000000002627,0.9408758149559308,0.9408758149559305,0.960440530954676,0.9604405309546526,0.17220000000000002,1.1,True
ordinary,0.15,0.95,low,0.2,1.1,active,hold schedule,grid voltage falls 5%,conservative,0.3256826994738675,0.2646651297211918,0.21875156911153393,0.81264718742737,0.6716708301206106,0.2646651297211913,1.000000000000002,0.2,0.200000000000021,0.8956178035300602,0.8956178035300599,5.724441733677898,5.724441733677875,0.17020000000000002,1.1,True
ordinary,0.15,0.95,low,0.2,1.1,active,voltage droop,grid voltage holds,conservative,0.3256826994738675,0.3135909697667887,0.26828738831149845,0.9628726680090385,0.823769235347503,0.3135909697667887,1.0,0.2,0.2457248238742763,0.9481375144625692,0.9481375144625693,0.1960511092032237,0.19605110920323537,0.16960000000000008,1.1,True
ordinary,0.15,0.95,low,0.2,1.1,active,voltage droop,grid voltage falls 5%,conservative,0.3256826994738675,0.22161201938258035,0.1872385836930679,0.6804537660139429,0.5749110529836164,0.2216120193825802,1.0000000000000007,0.2,0.4670737176799768,0.938538773777499,0.9392834318266202,1.1280598077241828,1.206444865526422,0.15080000000000005,1.1,True
ordinary,0.15,0.95,low,0.2,1.5,reactive,hold schedule,grid voltage holds,conservative,0.7108951059522461,0.6780988334796296,0.5520864074894654,0.9538662283675651,0.7766074106670687,0.678098833479629,1.0000000000000009,0.2,0.19999989711902605,0.9283572956058905,0.9283572956058902,2.2781794099062904,2.2781794099062553,0.2512000000000001,1.5000000000000002,True
ordinary,0.15,0.95,low,0.2,1.5,reactive,hold schedule,grid voltage falls 5%,conservative,0.7108951059522461,0.6084897028987661,0.48443063462567904,0.8559486453120145,0.6814375715483126,0.6084897028987659,1.0000000000000004,0.2,0.19999996397128372,0.8824574999349174,0.8824574999349172,7.109736848956082,7.109736848956059,0.2519,1.5000000000000002,True
ordinary,0.15,0.95,low,0.2,1.5,reactive,voltage droop,grid voltage holds,conservative,0.7108951059522461,0.6846241694739306,0.5586752053059092,0.9630452703101317,0.7858757229135261,0.6846241694739301,1.0000000000000007,0.2,0.30785910867025124,0.9456241493162334,0.9456241493162333,0.46061586144912303,0.4606158614491114,0.2471,1.4999999999999998,True
ordinary,0.15,0.95,low,0.2,1.5,reactive,voltage droop,grid voltage falls 5%,conservative,0.7108951059522461,0.601635213287613,0.4887226158586202,0.8463065904522171,0.6874750040710644,0.601635213287613,1.0,0.2,0.5293263121412429,0.9367652553560964,0.9367652553560964,1.3931310151477376,1.3931310151477376,0.23720000000000008,1.5,True
ordinary,0.15,0.95,low,0.2,1.5,active,hold schedule,grid voltage holds,conservative,0.7108951059522461,0.6780988437446027,0.5520883489911952,0.9538662428070697,0.7766101417334575,0.6780988437446032,0.9999999999999993,0.2,0.20000000000002144,0.9283573122289641,0.9283573122289644,2.2781776601090007,2.2781776601090358,0.2512000000000001,1.5,True
ordinary,0.15,0.95,low,0.2,1.5,active,hold schedule,grid voltage falls 5%,conservative,0.7108951059522461,0.6084897066847779,0.4844327943238602,0.8559486506377113,0.6814406095466939,0.6084897066847774,1.0000000000000007,0.2,0.20000000000002435,0.88245750605908,0.8824575060590798,7.109736204307385,7.109736204307362,0.2519,1.5,True
ordinary,0.15,0.95,low,0.2,1.5,active,voltage droop,grid voltage holds,conservative,0.7108951059522461,0.6846241694739337,0.5586752053059114,0.963045270310136,0.7858757229135293,0.6846241694739332,1.0000000000000007,0.2,0.3078591086702378,0.9456241493162334,0.9456241493162333,0.46061586144912303,0.4606158614491114,0.2471,1.5,True
ordinary,0.15,0.95,low,0.2,1.5,active,voltage droop,grid voltage falls 5%,conservative,0.7108951059522461,0.6016352132876133,0.4887226158586204,0.8463065904522173,0.6874750040710648,0.601635213287613,1.0000000000000004,0.2,0.5293263121412426,0.9367652553560964,0.9367652553560964,1.3931310151477376,1.3931310151477376,0.23720000000000008,1.5,True
ordinary,0.15,0.95,high,0.6,1.1,reactive,hold schedule,grid voltage holds,optimistic,0.1555845954667486,0.14900084886896292,0.1292800289754168,0.9576838145316722,0.8309307781247945,0.1490008488689661,0.9999999999999786,0.6,0.5999999715768245,0.945105882944976,0.9451058829449758,0.515170216318335,0.5151702163183117,0.12409999999999999,1.1,True
ordinary,0.15,0.95,high,0.6,1.1,reactive,hold schedule,grid voltage falls 5%,optimistic,0.1555845954667486,0.09589436722362343,0.07756512061985477,0.6163487261444073,0.4985398482874348,0.09589436722362374,0.9999999999999968,0.6,0.5999999626304737,0.9061077412698461,0.9061077412698461,4.620237761068831,4.620237761068831,0.11650000000000005,1.1,True
ordinary,0.15,0.95,high,0.6,1.1,reactive,voltage droop,grid voltage holds,optimistic,0.1555845954667486,0.13645044301456655,0.11842229557101924,0.8770176932055501,0.761144091519834,0.1364504430145674,0.9999999999999937,0.6,0.6245522813063503,0.9489945317620633,0.948994637970131,0.1058275820914743,0.10583876188807155,0.1189,1.0999999999999988,True
ordinary,0.15,0.95,high,0.6,1.1,reactive,voltage droop,grid voltage falls 5%,optimistic,0.1555845954667486,-0.06361988893896386,-0.06597817502882508,-0.4089086631494996,-0.4240662440320184,-0.06361988893896467,,0.6,0.8168034052686507,0.9393280593967183,0.9413141195055954,0.9143032099373213,1.123362168766494,,1.1,True
ordinary,0.15,0.95,high,0.6,1.1,active,hold schedule,grid voltage holds,optimistic,0.1555845954667486,0.14900083485824867,0.12927837346967386,0.9576837244796063,0.8309201375743083,0.14900083485824975,0.9999999999999928,0.6,0.6000000000000278,0.94510588745609,0.9451058874560901,0.5151697414641908,0.5151697414642025,0.12409999999999999,1.1,True
ordinary,0.15,0.95,high,0.6,1.1,active,hold schedule,grid voltage falls 5%,optimistic,0.1555845954667486,0.09589434757383308,0.07756301569491875,0.6163485998479041,0.49852631915282025,0.09589434757383261,1.0000000000000049,0.6,0.6000000000000278,0.9061077474561227,0.9061077474561224,4.6202371098818436,4.620237109881821,0.11650000000000005,1.1,True
ordinary,0.15,0.95,high,0.6,1.1,active,voltage droop,grid voltage holds,optimistic,0.1555845954667486,0.13645044301456655,0.11842229557101924,0.8770176932055501,0.761144091519834,0.1364504430145674,0.9999999999999937,0.6,0.6245522813063503,0.9489945317620633,0.948994637970131,0.1058275820914743,0.10583876188807155,0.1189,1.0999999999999988,True
ordinary,0.15,0.95,high,0.6,1.1,active,voltage droop,grid voltage falls 5%,optimistic,0.1555845954667486,-0.06361988893896264,-0.06597817502882397,-0.40890866314949176,-0.42406624403201126,-0.063619888938964,,0.6,0.8168034052686501,0.9393280593967183,0.9413141195055954,0.9143032099373213,1.123362168766494,,1.1,True
ordinary,0.15,0.95,high,0.6,1.5,reactive,hold schedule,grid voltage holds,conservative,0.5925265954710563,0.563766835280286,0.46322194037373143,0.9514624990496732,0.781774090672625,0.5637668352802876,0.9999999999999972,0.6,0.5999999003428329,0.9326441489694798,0.93264414896948,1.8269316874231532,1.8269316874231765,0.2348,1.5000000000000002,True
ordinary,0.15,0.95,high,0.6,1.5,reactive,hold schedule,grid voltage falls 5%,conservative,0.5925265954710563,0.4977772584438813,0.40016325135014585,0.8400926848661541,0.675350700557192,0.4977772584438813,1.0,0.6,0.5999999079136205,0.8931020223771113,0.8931020223771111,5.989260802409352,5.989260802409328,0.23299999999999998,1.5000000000000002,True
ordinary,0.15,0.95,high,0.6,1.5,reactive,voltage droop,grid voltage holds,conservative,0.5925265954710563,0.5426137898492998,0.44823426598540195,0.9157627589997439,0.7564795730882888,0.5426137898492998,1.0,0.6,0.6866758595761019,0.9464812844668529,0.9464818521118014,0.37033135665248396,0.370391108752325,0.2259,1.5,True
ordinary,0.15,0.95,high,0.6,1.5,reactive,voltage droop,grid voltage falls 5%,conservative,0.5925265954710563,0.40016171710950044,0.33059386132555657,0.6753481112377301,0.5579392787639106,0.40016171710950066,0.9999999999999994,0.6,0.8789986229961032,0.9387922224320092,0.9387922224320094,1.1797660597884756,1.179766059788499,0.2007,1.5,True
ordinary,0.15,0.95,high,0.6,1.5,active,hold schedule,grid voltage holds,conservative,0.5925265954710563,0.563766814580261,0.46322036968807834,0.9514624641144902,0.7817714398453625,0.5637668145802612,0.9999999999999996,0.6,0.600000000000025,0.9326441649976501,0.9326441649976505,1.8269300002473154,1.8269300002473505,0.2348,1.5000000000000002,True
ordinary,0.15,0.95,high,0.6,1.5,active,hold schedule,grid voltage falls 5%,conservative,0.5925265954710563,0.49777723826260356,0.40016151122879906,0.8400926508064547,0.6753477637753496,0.4977772382626042,0.9999999999999987,0.6,0.6000000000000247,0.893102037843386,0.8931020378433862,5.9892591743804,5.989259174380412,0.23299999999999998,1.5000000000000002,True
ordinary,0.15,0.95,high,0.6,1.5,active,voltage droop,grid voltage holds,conservative,0.5925265954710563,0.5426137898492998,0.44823426598540195,0.9157627589997439,0.7564795730882888,0.5426137898492998,1.0,0.6,0.6866758595761019,0.9464812844668529,0.9464818521118014,0.37033135665248396,0.370391108752325,0.2259,1.5,True
ordinary,0.15,0.95,high,0.6,1.5,active,voltage droop,grid voltage falls 5%,conservative,0.5925265954710563,0.40016171710950044,0.33059386132555657,0.6753481112377301,0.5579392787639106,0.40016171710950066,0.9999999999999994,0.6,0.8789986229961032,0.9387922224320092,0.9387922224320094,1.1797660597884756,1.179766059788499,0.2007,1.5,True
ordinary,0.15,0.95,critical,0.3033562262423499,1.1,reactive,hold schedule,grid voltage holds,crossing,0.30000000000000004,0.29029977218964076,0.2485108841785324,0.9676659072988024,0.8283696139284412,0.29029977218964154,0.9999999999999973,0.3033562262423499,0.3033561852514518,0.9415648193472238,0.941564819347224,0.8879137529237823,0.8879137529238056,0.16649999999999998,1.1,True
ordinary,0.15,0.95,critical,0.3033562262423499,1.1,reactive,hold schedule,grid voltage falls 5%,crossing,0.30000000000000004,0.24001501525539937,0.1985614561390856,0.8000500508513311,0.6618715204636185,0.2400150152554,0.9999999999999973,0.3033562262423499,0.30335622401296847,0.8979560019559834,0.8979560019559831,5.478315583580719,5.478315583580695,0.16380000000000006,1.1,True
ordinary,0.15,0.95,critical,0.3033562262423499,1.1,reactive,voltage droop,grid voltage holds,crossing,0.30000000000000004,0.284175439683248,0.24376794882549335,0.9472514656108265,0.8125598294183111,0.2841754396832482,0.9999999999999992,0.3033562262423499,0.34563796820716336,0.9482767760095593,0.948276776009559,0.1813919989937898,0.18139199899375474,0.16290000000000004,1.0999999999999992,True
ordinary,0.15,0.95,critical,0.3033562262423499,1.1,reactive,voltage droop,grid voltage falls 5%,crossing,0.30000000000000004,0.1693503271784912,0.14268290906695336,0.5645010905949706,0.47560969688984445,0.1693503271784915,0.9999999999999982,0.3033562262423499,0.5592660345649936,0.9387427330580859,0.9397329006767733,1.0807472971817547,1.1849754675699042,0.1372,1.1,True
ordinary,0.15,0.95,critical,0.3033562262423499,1.1,active,hold schedule,grid voltage holds,crossing,0.30000000000000004,0.2902997671457178,0.24850993179256364,0.9676658904857259,0.8283664393085454,0.29029976714571715,1.0000000000000022,0.3033562262423499,0.3033562262423742,0.9415648258774592,0.9415648258774589,0.887913065530634,0.8879130655306107,0.16649999999999998,1.1,True
ordinary,0.15,0.95,critical,0.3033562262423499,1.1,active,hold schedule,grid voltage falls 5%,crossing,0.30000000000000004,0.24001501496639854,0.198560328909264,0.800050049887995,0.6618677630308799,0.24001501496639796,1.0000000000000024,0.3033562262423499,0.30335622624237624,0.8979560023283981,0.8979560023283978,5.478315544379176,5.478315544379141,0.16380000000000006,1.1,True
ordinary,0.15,0.95,critical,0.3033562262423499,1.1,active,voltage droop,grid voltage holds,crossing,0.30000000000000004,0.284175439683248,0.24376794882549335,0.9472514656108265,0.8125598294183111,0.2841754396832482,0.9999999999999992,0.3033562262423499,0.34563796820716336,0.9482767760095593,0.948276776009559,0.1813919989937898,0.18139199899375474,0.16290000000000004,1.0999999999999992,True
ordinary,0.15,0.95,critical,0.3033562262423499,1.1,active,voltage droop,grid voltage falls 5%,crossing,0.30000000000000004,0.16935032717849252,0.1426829090669547,0.564501090594975,0.4756096968898489,0.16935032717849305,0.9999999999999969,0.3033562262423499,0.5592660345649911,0.9387427330580859,0.9397329006767733,1.0807472971817547,1.1849754675699042,0.1372,1.1,True
ordinary,0.15,1.0,low,0.2,1.1,reactive,hold schedule,grid voltage holds,conservative,0.3816653826391969,0.37142323610549055,0.31791702316737713,0.9731645912896726,0.8329731687191458,0.3714232361054919,0.9999999999999964,0.2,0.19999997657391527,0.990845594919902,0.9908455949199019,0.9154405080098127,0.9154405080098016,0.17600000000000005,1.1,True
ordinary,0.15,1.0,low,0.2,1.1,reactive,hold schedule,grid voltage falls 5%,conservative,0.3816653826391969,0.3178356829595834,0.26461020919751943,0.8327600495537889,0.6933041906178473,0.31783568295958453,0.9999999999999966,0.2,0.1999999322754729,0.9429991938928908,0.942999193892891,5.7000806107109,5.7000806107109225,0.1745,1.1,True
ordinary,0.15,1.0,low,0.2,1.1,reactive,voltage droop,grid voltage holds,conservative,0.3816653826391969,0.3695297624925411,0.3167642803285968,0.9682035083644772,0.8299528716442339,0.36952976249254377,0.9999999999999928,0.2,0.24780299497491853,0.9980560597944765,0.9980560597944769,0.19439402055231314,0.19439402055234645,0.1736000000000001,1.099999999999998,True
ordinary,0.15,1.0,low,0.2,1.1,reactive,voltage droop,grid voltage falls 5%,conservative,0.3816653826391969,0.26960690645582097,0.2292432073661299,0.7063960178717357,0.6006392452491359,0.2696069064558214,0.9999999999999983,0.2,0.49165185305455056,0.987891965074196,0.9883031194508921,1.169688054910789,1.2108034925804034,0.1553,1.0999999999999992,True
ordinary,0.15,1.0,low,0.2,1.1,active,hold schedule,grid voltage holds,conservative,0.3816653826391969,0.3714232357009959,0.3179168172983493,0.9731645902298577,0.8329726293224985,0.3714232357009988,0.9999999999999922,0.2,0.20000000000005527,0.9908455984662882,0.9908455984662881,0.9154401533711942,0.9154401533711831,0.17600000000000005,1.1,True
ordinary,0.15,1.0,low,0.2,1.1,active,hold schedule,grid voltage falls 5%,conservative,0.3816653826391969,0.3178356817286383,0.26460996609840104,0.8327600463285943,0.693303553674783,0.3178356817286385,0.9999999999999993,0.2,0.20000000000002197,0.942999204665629,0.9429992046656289,5.700079533437108,5.700079533437097,0.1745,1.1,True
ordinary,0.15,1.0,low,0.2,1.1,active,voltage droop,grid voltage holds,conservative,0.3816653826391969,0.3695297624925411,0.3167642803285968,0.9682035083644772,0.8299528716442339,0.36952976249254377,0.9999999999999928,0.2,0.24780299497491853,0.9980560597944765,0.9980560597944769,0.19439402055231314,0.19439402055234645,0.1736000000000001,1.099999999999998,True
ordinary,0.15,1.0,low,0.2,1.1,active,voltage droop,grid voltage falls 5%,conservative,0.3816653826391969,0.26960690645582097,0.2292432073661299,0.7063960178717357,0.6006392452491359,0.2696069064558214,0.9999999999999983,0.2,0.49165185305455056,0.987891965074196,0.9883031194508921,1.169688054910789,1.2108034925804034,0.1553,1.0999999999999992,True
ordinary,0.15,1.0,low,0.2,1.5,reactive,hold schedule,grid voltage holds,conservative,0.7866068747318506,0.7547658654539535,0.6167358466655466,0.9595210640782265,0.7840458384956119,0.7547658654539529,1.0000000000000009,0.2,0.19999990287272418,0.9789662766723974,0.9789662766723973,2.103372332760267,2.103372332760256,0.25,1.5000000000000002,True
ordinary,0.15,1.0,low,0.2,1.5,reactive,hold schedule,grid voltage falls 5%,conservative,0.7866068747318506,0.6813605043764799,0.5456054956798848,0.8662020715350999,0.6936190277587878,0.6813605043764792,1.0000000000000009,0.2,0.19999988382274997,0.9305092504359237,0.9305092504359235,6.949074956407653,6.94907495640763,0.2511,1.5000000000000002,True
ordinary,0.15,1.0,low,0.2,1.5,reactive,voltage droop,grid voltage holds,conservative,0.7866068747318506,0.760977208963733,0.623010357062822,0.9674174399036944,0.7920225173155299,0.760977208963733,1.0,0.2,0.30929370835185,0.9955712294947905,0.9955717515606571,0.44282484393428634,0.44287705052095117,0.24640000000000006,1.4999999999999998,True
ordinary,0.15,1.0,low,0.2,1.5,reactive,voltage droop,grid voltage falls 5%,conservative,0.7866068747318506,0.6713163446458406,0.5476676557991276,0.8534331013502623,0.6962406169992146,0.6713163446458399,1.0000000000000009,0.2,0.553265168428946,0.9858119220473835,0.9858128881936387,1.418711180636134,1.4188077952616451,0.23670000000000002,1.5,True
ordinary,0.15,1.0,low,0.2,1.5,active,hold schedule,grid voltage holds,conservative,0.7866068747318506,0.7547658746341326,0.616737773918582,0.9595210757488326,0.784048288579761,0.7547658746341326,1.0,0.2,0.20000000000002596,0.9789662915545202,0.9789662915545204,2.103370844547958,2.1033708445479804,0.25,1.5,True
ordinary,0.15,1.0,low,0.2,1.5,active,hold schedule,grid voltage falls 5%,conservative,0.7866068747318506,0.6813605159407217,0.5456076386714348,0.8662020862365247,0.6936217521076574,0.6813605159407219,0.9999999999999997,0.2,0.20000000000002638,0.9305092691639415,0.9305092691639415,6.94907308360585,6.94907308360585,0.2511,1.5,True
ordinary,0.15,1.0,low,0.2,1.5,active,voltage droop,grid voltage holds,conservative,0.7866068747318506,0.7609772089637343,0.6230103570628232,0.9674174399036961,0.7920225173155313,0.7609772089637346,0.9999999999999997,0.2,0.30929370835184233,0.9955712294947905,0.9955717515606571,0.44282484393428634,0.44287705052095117,0.24640000000000006,1.5,True
ordinary,0.15,1.0,low,0.2,1.5,active,voltage droop,grid voltage falls 5%,conservative,0.7866068747318506,0.6713163446458408,0.5476676557991276,0.8534331013502625,0.6962406169992146,0.6713163446458401,1.0000000000000009,0.2,0.5532651684289454,0.9858119220473835,0.9858128881936387,1.418711180636134,1.4188077952616451,0.23670000000000002,1.5,True
ordinary,0.15,1.0,high,0.6,1.1,reactive,hold schedule,grid voltage holds,optimistic,0.22195444572928888,0.21469107014392386,0.18670633024526917,0.9672753768842101,0.8411921177419858,0.21469107014392438,0.9999999999999976,0.6,0.5999999954587375,0.9944722211492996,0.9944722211492998,0.5527778850700216,0.5527778850700438,0.13850000000000007,1.1,True
ordinary,0.15,1.0,high,0.6,1.1,reactive,hold schedule,grid voltage falls 5%,optimistic,0.22195444572928888,0.1590745506936755,0.13269871832921953,0.7166990963888775,0.5978646559351559,0.159074550693677,0.9999999999999905,0.6,0.5999999657711543,0.9525993332620732,0.9525993332620732,4.7400666737926755,4.7400666737926755,0.13230000000000008,1.1,True
ordinary,0.15,1.0,high,0.6,1.1,reactive,voltage droop,grid voltage holds,optimistic,0.22195444572928888,0.20091000229888423,0.17501268565496897,0.9051857539448797,0.7885072321030535,0.20091000229888487,0.9999999999999968,0.6,0.628895985406467,0.9988212030298216,0.9988212030298216,0.11787969701784196,0.11787969701784196,0.13350000000000006,1.0999999999999994,True
ordinary,0.15,1.0,high,0.6,1.1,reactive,voltage droop,grid voltage falls 5%,optimistic,0.22195444572928888,-0.011089435197489395,-0.016990141713087548,-0.049962663108874344,-0.07654787745864712,-0.011089435197488534,,0.6,0.8437337492936196,0.9886420392027473,0.9902351361106541,0.9764863889345943,1.1357960797252709,,1.0999999999999996,True
ordinary,0.15,1.0,high,0.6,1.1,active,hold schedule,grid voltage holds,optimistic,0.22195444572928888,0.2146910680661297,0.1867045970559783,0.967275367522856,0.8411843089806647,0.21469106806612967,1.0000000000000002,0.6,0.600000000000053,0.9944722218342836,0.9944722218342837,0.5527778165716257,0.5527778165716368,0.13850000000000007,1.1,True
ordinary,0.15,1.0,high,0.6,1.1,active,hold schedule,grid voltage falls 5%,optimistic,0.22195444572928888,0.1590745340190084,0.1326965977667438,0.7166990212623485,0.5978551018914477,0.15907453401900848,0.9999999999999994,0.6,0.6000000000000277,0.9525993386518848,0.9525993386518846,4.7400661348115385,4.740066134811515,0.13230000000000008,1.1,True
ordinary,0.15,1.0,high,0.6,1.1,active,voltage droop,grid voltage holds,optimistic,0.22195444572928888,0.20091000229888423,0.17501268565496897,0.9051857539448797,0.7885072321030535,0.20091000229888487,0.9999999999999968,0.6,0.628895985406467,0.9988212030298216,0.9988212030298216,0.11787969701784196,0.11787969701784196,0.13350000000000006,1.0999999999999994,True
ordinary,0.15,1.0,high,0.6,1.1,active,voltage droop,grid voltage falls 5%,optimistic,0.22195444572928888,-0.011089435197489395,-0.016990141713087548,-0.049962663108874344,-0.07654787745864712,-0.011089435197488534,,0.6,0.8437337492936196,0.9886420392027473,0.9902351361106541,0.9764863889345943,1.1357960797252709,,1.0999999999999996,True
ordinary,0.15,1.0,high,0.6,1.5,reactive,hold schedule,grid voltage holds,conservative,0.6747727084867521,0.6463074611846087,0.5322468811706487,0.9578150583979905,0.7887795023071807,0.6463074611846087,1.0,0.6,0.5999999427783802,0.9826367501948592,0.982636750194859,1.7363249805141034,1.7363249805140812,0.23650000000000004,1.5000000000000002,True
ordinary,0.15,1.0,high,0.6,1.5,reactive,hold schedule,grid voltage falls 5%,conservative,0.6747727084867521,0.5763629714246927,0.4655195643769925,0.8541586880673443,0.6898909195971611,0.576362971424693,0.9999999999999997,0.6,0.5999998860493647,0.9402369200445223,0.9402369200445225,5.976307995547748,5.976307995547769,0.23530000000000006,1.5000000000000002,True
ordinary,0.15,1.0,high,0.6,1.5,reactive,voltage droop,grid voltage holds,conservative,0.6747727084867521,0.6254927115558697,0.5175684164552479,0.9269680052096388,0.7670263037400383,0.6254927115558697,1.0,0.6,0.6903725996904093,0.9963360201294852,0.9963366799968386,0.36633200031613855,0.3663979870514811,0.22850000000000004,1.5,True
ordinary,0.15,1.0,high,0.6,1.5,reactive,voltage droop,grid voltage falls 5%,conservative,0.6747727084867521,0.47286617556461064,0.39211363310234737,0.7007784541628279,0.5811047604188126,0.47286617556460997,1.0000000000000013,0.6,0.9052971109616924,0.9877421896874243,0.987742189687424,1.2257810312576,1.2257810312575668,0.20450000000000002,1.5,True
ordinary,0.15,1.0,high,0.6,1.5,active,hold schedule,grid voltage holds,conservative,0.6747727084867521,0.646307450027658,0.5322452867737826,0.9578150418636071,0.7887771394421063,0.6463074500276578,1.0000000000000004,0.6,0.600000000000054,0.9826367589297775,0.9826367589297773,1.736324107022269,1.7363241070222468,0.23650000000000004,1.5,True
ordinary,0.15,1.0,high,0.6,1.5,active,hold schedule,grid voltage falls 5%,conservative,0.6747727084867521,0.5763629479893209,0.46551779727961873,0.85415865333658,0.6898883007933009,0.5763629479893206,1.0000000000000004,0.6,0.6000000000000245,0.9402369382235568,0.9402369382235566,5.976306177644341,5.97630617764432,0.23530000000000006,1.5,True
ordinary,0.15,1.0,high,0.6,1.5,active,voltage droop,grid voltage holds,conservative,0.6747727084867521,0.6254927115558713,0.517568416455249,0.9269680052096412,0.76702630374004,0.6254927115558715,0.9999999999999997,0.6,0.6903725996904059,0.9963360201294852,0.9963366799968386,0.36633200031613855,0.3663979870514811,0.22850000000000004,1.5,True
ordinary,0.15,1.0,high,0.6,1.5,active,voltage droop,grid voltage falls 5%,conservative,0.6747727084867521,0.47286617556461263,0.3921136331023487,0.7007784541628309,0.5811047604188146,0.47286617556461175,1.0000000000000018,0.6,0.9052971109616901,0.9877421896874243,0.987742189687424,1.2257810312576,1.2257810312575668,0.20450000000000002,1.5,True
ordinary,0.15,1.0,critical,0.4582575694955842,1.1,reactive,hold schedule,grid voltage holds,crossing,0.30000000000000004,0.2912497252587418,0.2512481485316326,0.9708324175291393,0.8374938284387752,0.29124972525874426,0.9999999999999916,0.4582575694955842,0.4582575372913411,0.9927738868134713,0.9927738868134716,0.7226113186528438,0.722611318652866,0.15880000000000005,1.1,True
ordinary,0.15,1.0,critical,0.4582575694955842,1.1,reactive,hold schedule,grid voltage falls 5%,crossing,0.30000000000000004,0.23771364986143095,0.19872414141705952,0.7923788328714364,0.6624138047235316,0.23771364986143148,0.9999999999999978,0.4582575694955842,0.45825750177732755,0.9488169349733745,0.9488169349733743,5.118306502662573,5.11830650266255,0.15510000000000002,1.1,True
ordinary,0.15,1.0,critical,0.4582575694955842,1.1,reactive,voltage droop,grid voltage holds,crossing,0.30000000000000004,0.27992369914067017,0.24200695017623075,0.9330789971355671,0.8066898339207691,0.27992369914067017,1.0,0.4582575694955842,0.4960159711931463,0.9984625784220802,0.99846257842208,0.15374215779200284,0.15374215779198064,0.15439999999999998,1.1,True
ordinary,0.15,1.0,critical,0.4582575694955842,1.1,reactive,voltage droop,grid voltage falls 5%,crossing,0.30000000000000004,0.11543170918103784,0.09671407864054826,0.38477236393679276,0.3223802621351608,0.11543170918103793,0.9999999999999993,0.4582575694955842,0.7209188832332122,0.9883762623881623,0.9894705607187277,1.0529439281272257,1.162373761183766,0.1169,1.1,True
ordinary,0.15,1.0,critical,0.4582575694955842,1.1,active,hold schedule,grid voltage holds,crossing,0.30000000000000004,0.2912497162672858,0.251246607771216,0.9708323875576191,0.8374886925707199,0.29124971626728613,0.9999999999999989,0.4582575694955842,0.45825756949563434,0.9927738916792771,0.9927738916792773,0.722610832072268,0.7226108320722902,0.15880000000000005,1.1,True
ordinary,0.15,1.0,critical,0.4582575694955842,1.1,active,hold schedule,grid voltage falls 5%,crossing,0.30000000000000004,0.23771362987500555,0.19872231325591905,0.7923787662500184,0.6624077108530634,0.23771362987500563,0.9999999999999997,0.4582575694955842,0.4582575694956119,0.9488169456790679,0.9488169456790682,5.118305432093184,5.118305432093207,0.15510000000000002,1.1,True
ordinary,0.15,1.0,critical,0.4582575694955842,1.1,active,voltage droop,grid voltage holds,crossing,0.30000000000000004,0.2799236991406706,0.24200695017623097,0.9330789971355685,0.8066898339207698,0.2799236991406707,0.9999999999999996,0.4582575694955842,0.49601597119314533,0.9984625784220802,0.99846257842208,0.15374215779200284,0.15374215779198064,0.15439999999999998,1.1,True
ordinary,0.15,1.0,critical,0.4582575694955842,1.1,active,voltage droop,grid voltage falls 5%,crossing,0.30000000000000004,0.11543170918104262,0.09671407864055248,0.3847723639368087,0.3223802621351749,0.11543170918104215,1.000000000000004,0.4582575694955842,0.7209188832332074,0.9883762623881623,0.9894705607187277,1.0529439281272257,1.162373761183766,0.1169,1.1,True
ordinary,0.15,1.05,low,0.2,1.1,reactive,hold schedule,grid voltage holds,conservative,0.4375521966046221,0.4273687520373395,0.36652193225693064,0.9767263319752352,0.8376644777494391,0.42736875203733904,1.000000000000001,0.2,0.19999994459940496,1.0408833982180445,1.0408833982180443,0.868247788757688,0.8682477887576668,0.1785,1.1,True
ordinary,0.15,1.05,low,0.2,1.1,reactive,hold schedule,grid voltage falls 5%,conservative,0.4375521966046221,0.37098473603699444,0.3105911100086787,0.847863955239656,0.7098378488757374,0.3709847360369942,1.0000000000000007,0.2,0.19999993166712174,0.990453722512522,0.9904537225125218,5.6710740464264955,5.671074046426485,0.1775,1.1,True
ordinary,0.15,1.05,low,0.2,1.1,reactive,voltage droop,grid voltage holds,conservative,0.4375521966046221,0.42546884299155696,0.3653659927632771,0.9723842007723166,0.8350226455231959,0.4254688429915561,1.000000000000002,0.2,0.24948848781710173,1.0479908452134747,1.0479908452134745,0.1913480749071928,0.19134807490717165,0.1764,1.1,True
ordinary,0.15,1.05,low,0.2,1.1,reactive,voltage droop,grid voltage falls 5%,conservative,0.4375521966046221,0.3173547175394795,0.27111890668905236,0.7252956790118584,0.619626432670018,0.3173547175394802,0.9999999999999979,0.2,0.5166714949038527,1.0372467316758374,1.03730422027963,1.2091218781304713,1.2145969832535886,0.15850000000000009,1.0999999999999992,True
ordinary,0.15,1.05,low,0.2,1.1,active,hold schedule,grid voltage holds,conservative,0.4375521966046221,0.42736875112822337,0.3665217260862046,0.9767263298975034,0.8376640065582814,0.4273687511282236,0.9999999999999994,0.2,0.20000000000005477,1.0408834062017427,1.0408834062017427,0.8682470284054624,0.8682470284054624,0.1785,1.1,True
ordinary,0.15,1.05,low,0.2,1.1,active,hold schedule,grid voltage falls 5%,conservative,0.4375521966046221,0.3709847348566284,0.3105908695677473,0.8478639525419983,0.7098372993620262,0.37098473485662864,0.9999999999999994,0.2,0.2000000000000469,0.9904537328612554,0.9904537328612553,5.6710730608328355,5.671073060832825,0.1775,1.1,True
ordinary,0.15,1.05,low,0.2,1.1,active,voltage droop,grid voltage holds,conservative,0.4375521966046221,0.4254688429915576,0.36536599276327775,0.9723842007723181,0.8350226455231975,0.4254688429915576,1.0,0.2,0.24948848781709468,1.0479908452134747,1.0479908452134745,0.1913480749071928,0.19134807490717165,0.1764,1.1,True
ordinary,0.15,1.05,low,0.2,1.1,active,voltage droop,grid voltage falls 5%,conservative,0.4375521966046221,0.3173547175394795,0.27111890668905236,0.7252956790118584,0.619626432670018,0.3173547175394802,0.9999999999999979,0.2,0.5166714949038527,1.0372467316758374,1.03730422027963,1.2091218781304713,1.2145969832535886,0.15850000000000009,1.0999999999999992,True
ordinary,0.15,1.05,low,0.2,1.5,reactive,hold schedule,grid voltage holds,conservative,0.8622499799967995,0.8313673838166122,0.6816785721118888,0.9641837090210174,0.7905811399548179,0.8313673838166127,0.9999999999999994,0.2,0.19999988101299893,1.0295815798711738,1.0295815798711738,1.9446114408405923,1.9446114408405923,0.24850000000000005,1.5000000000000002,True
ordinary,0.15,1.05,low,0.2,1.5,reactive,hold schedule,grid voltage falls 5%,conservative,0.8622499799967995,0.7541653400398478,0.6070689621678207,0.8746481386321947,0.7040521614973815,0.7541653400398483,0.9999999999999994,0.2,0.1999999747671342,0.978569665056564,0.9785696650565642,6.802889042231988,6.802889042232008,0.24980000000000002,1.5000000000000002,True
ordinary,0.15,1.05,low,0.2,1.5,reactive,voltage droop,grid voltage holds,conservative,0.8622499799967995,0.8372881490356463,0.6876587911064116,0.9710503548388069,0.7975167376738751,0.8372881490356487,0.9999999999999971,0.2,0.31034316341461743,1.0455334639590452,1.0455339374360393,0.4253392918057866,0.4253843848528396,0.24530000000000007,1.4999999999999976,True
ordinary,0.15,1.05,low,0.2,1.5,reactive,voltage droop,grid voltage falls 5%,conservative,0.8622499799967995,0.7407736512813272,0.6067458484235815,0.8591170408424675,0.703677428239353,0.7407736512813268,1.0000000000000007,0.2,0.5776549060205075,1.0348406006457844,1.0348406006457844,1.4437523194491064,1.4437523194491064,0.2358,1.5000000000000002,True
ordinary,0.15,1.05,low,0.2,1.5,active,hold schedule,grid voltage holds,conservative,0.8622499799967995,0.8313673945003539,0.681680477654584,0.9641837214115561,0.7905833499203029,0.8313673945003541,0.9999999999999998,0.2,0.20000000000005388,1.0295815972064304,1.0295815972064304,1.9446097898637766,1.9446097898637766,0.24850000000000005,1.5,True
ordinary,0.15,1.05,low,0.2,1.5,active,hold schedule,grid voltage falls 5%,conservative,0.8622499799967995,0.754165342425771,0.607071070528199,0.8746481413992846,0.7040546066819883,0.7541653424257713,0.9999999999999997,0.2,0.20000000000002507,0.9785696689243881,0.9785696689243882,6.80288867386779,6.802888673867802,0.24980000000000002,1.5,True
ordinary,0.15,1.05,low,0.2,1.5,active,voltage droop,grid voltage holds,conservative,0.8622499799967995,0.8372881490356463,0.6876587911064116,0.9710503548388069,0.7975167376738751,0.8372881490356487,0.9999999999999971,0.2,0.31034316341461743,1.0455334639590452,1.0455339374360393,0.4253392918057866,0.4253843848528396,0.24530000000000007,1.4999999999999976,True
ordinary,0.15,1.05,low,0.2,1.5,active,voltage droop,grid voltage falls 5%,conservative,0.8622499799967995,0.7407736512813272,0.6067458484235815,0.8591170408424675,0.703677428239353,0.7407736512813268,1.0000000000000007,0.2,0.5776549060205073,1.0348406006457844,1.0348406006457844,1.4437523194491064,1.4437523194491064,0.2358,1.5,True
ordinary,0.15,1.05,high,0.6,1.1,reactive,hold schedule,grid voltage holds,optimistic,0.28692704897575927,0.2792151775419899,0.24296284549288394,0.9731225359850234,0.8467756747235441,0.27921517754199,0.9999999999999996,0.6,0.5999999736059065,1.044015742042615,1.0440157420426153,0.5699293292747405,0.5699293292747616,0.14839999999999998,1.1,True
ordinary,0.15,1.05,high,0.6,1.1,reactive,hold schedule,grid voltage falls 5%,optimistic,0.28692704897575927,0.2210303606497851,0.18656871212644632,0.7703364372191296,0.6502304777205177,0.22103036064978474,1.0000000000000016,0.6,0.5999999628362945,0.999295983850973,0.9992959838509727,4.828953918954982,4.82895391895496,0.14329999999999998,1.1,True
ordinary,0.15,1.05,high,0.6,1.1,reactive,voltage droop,grid voltage holds,optimistic,0.28692704897575927,0.264669938687459,0.23078858272842662,0.9224293758021378,0.8043458556879541,0.26466993868746014,0.9999999999999958,0.6,0.632517185071108,1.0486769002930747,1.0486772778468847,0.12597353839193828,0.12600949589765198,0.14360000000000006,1.099999999999999,True
ordinary,0.15,1.05,high,0.6,1.1,reactive,voltage droop,grid voltage falls 5%,optimistic,0.28692704897575927,0.04046520627047567,0.030317452939619405,0.1410295976448506,0.10566258234573327,0.04046520627047798,0.999999999999943,0.6,0.8708115568706739,1.0379613280942284,1.039151548885435,1.0331858204347624,1.1465401815020648,0.09120000000000006,1.0999999999999992,True
ordinary,0.15,1.05,high,0.6,1.1,active,hold schedule,grid voltage holds,optimistic,0.28692704897575927,0.27921516626158216,0.24296103182108253,0.9731224966704738,0.8467693537028949,0.27921516626158216,1.0,0.6,0.600000000000049,1.0440157458348214,1.0440157458348214,0.5699289681122544,0.5699289681122544,0.14839999999999998,1.1,True
ordinary,0.15,1.05,high,0.6,1.1,active,hold schedule,grid voltage falls 5%,optimistic,0.28692704897575927,0.22103034376322772,0.18656656041334474,0.770336378365991,0.6502229785561507,0.22103034376322703,1.000000000000003,0.6,0.6000000000000545,0.9992959894294648,0.9992959894294646,4.8289533876700395,4.828953387670018,0.14329999999999998,1.1,True
ordinary,0.15,1.05,high,0.6,1.1,active,voltage droop,grid voltage holds,optimistic,0.28692704897575927,0.264669938687459,0.23078858272842662,0.9224293758021378,0.8043458556879541,0.26466993868746014,0.9999999999999958,0.6,0.632517185071108,1.0486769002930747,1.0486772778468847,0.12597353839193828,0.12600949589765198,0.14360000000000006,1.099999999999999,True
ordinary,0.15,1.05,high,0.6,1.1,active,voltage droop,grid voltage falls 5%,optimistic,0.28692704897575927,0.04046520627047567,0.030317452939619405,0.1410295976448506,0.10566258234573327,0.04046520627047798,0.999999999999943,0.6,0.8708115568706739,1.0379613280942284,1.039151548885435,1.0331858204347624,1.1465401815020648,0.09120000000000006,1.0999999999999992,True
ordinary,0.15,1.05,high,0.6,1.5,reactive,hold schedule,grid voltage holds,conservative,0.7562365879210702,0.7282086824081082,0.6011015295447317,0.9629376494596592,0.7948590945555649,0.7282086824081107,0.9999999999999967,0.6,0.5999998742549895,1.0327481976878574,1.0327481976878572,1.6430287916326523,1.6430287916326312,0.2371000000000001,1.5000000000000002,True
ordinary,0.15,1.05,high,0.6,1.5,reactive,hold schedule,grid voltage falls 5%,conservative,0.7562365879210702,0.6543201616844452,0.5307101123665252,0.8652320875973509,0.7017778838570509,0.654320161684445,1.0000000000000004,0.6,0.5999999376324859,0.9875183318701186,0.9875183318701185,5.950635059988718,5.9506350599887075,0.23650000000000004,1.5000000000000002,True
ordinary,0.15,1.05,high,0.6,1.5,reactive,voltage droop,grid voltage holds,conservative,0.7562365879210702,0.7078544242035718,0.5867850569283468,0.9360224505263581,0.7759278859297808,0.7078544242035725,0.9999999999999991,0.6,0.6933541059763458,1.0462194365160324,1.0462194365160327,0.3600536651397505,0.36005366513977166,0.22999999999999998,1.5,True
ordinary,0.15,1.05,high,0.6,1.5,reactive,voltage droop,grid voltage falls 5%,conservative,0.7562365879210702,0.5449683771154461,0.4533307942028906,0.7206321220368215,0.5994563096307178,0.5449683771154468,0.9999999999999988,0.6,0.9317584097718542,1.0366869183059273,1.0366870296388166,1.2679019391603235,1.2679125422926427,0.20700000000000007,1.5,True
ordinary,0.15,1.05,high,0.6,1.5,active,hold schedule,grid voltage holds,conservative,0.7562365879210702,0.728208659296594,0.601099904134295,0.9629376188984372,0.7948569452143897,0.728208659296594,1.0,0.6,0.6000000000000514,1.0327482159515156,1.0327482159515156,1.6430270522366177,1.6430270522366177,0.2371000000000001,1.5000000000000002,True
ordinary,0.15,1.05,high,0.6,1.5,active,hold schedule,grid voltage falls 5%,conservative,0.7562365879210702,0.6543201495961024,0.5307083376104165,0.865232071612482,0.7017755370304928,0.6543201495961031,0.999999999999999,0.6,0.6000000000000553,0.9875183413434975,0.9875183413434973,5.95063415776217,5.95063415776215,0.23650000000000004,1.5,True
ordinary,0.15,1.05,high,0.6,1.5,active,voltage droop,grid voltage holds,conservative,0.7562365879210702,0.7078544242035729,0.5867850569283475,0.9360224505263596,0.7759278859297817,0.7078544242035729,1.0,0.6,0.6933541059763452,1.0462194365160324,1.0462194365160327,0.3600536651397505,0.36005366513977166,0.22999999999999998,1.5,True
ordinary,0.15,1.05,high,0.6,1.5,active,voltage droop,grid voltage falls 5%,conservative,0.7562365879210702,0.5449683771154497,0.45333079420289324,0.7206321220368261,0.5994563096307213,0.5449683771154505,0.9999999999999983,0.6,0.9317584097718493,1.0366869183059273,1.0366870296388166,1.2679019391603235,1.2679125422926427,0.20700000000000007,1.5,True
ordinary,0.15,1.05,critical,0.5779489596841582,1.1,reactive,hold schedule,grid voltage holds,crossing,0.30000000000000004,0.2920665082123498,0.2537999588864407,0.9735550273744992,0.8459998629548022,0.2920665082123499,0.9999999999999997,0.5779489596841582,0.5779489113181592,1.043761831549901,1.0437618315499013,0.5941112809617832,0.5941112809618044,0.15139999999999998,1.1,True
ordinary,0.15,1.05,critical,0.5779489596841582,1.1,reactive,hold schedule,grid voltage falls 5%,crossing,0.30000000000000004,0.23429792800388272,0.19772001383243465,0.7809930933462756,0.659066712774782,0.23429792800388513,0.9999999999999897,0.5779489596841582,0.5779488962898628,0.9987337209939555,0.9987337209939556,4.882502762480421,4.8825027624804305,0.14670000000000005,1.1,True
ordinary,0.15,1.05,critical,0.5779489596841582,1.1,reactive,voltage droop,grid voltage holds,crossing,0.30000000000000004,0.2778414769414652,0.2419576170667389,0.9261382564715506,0.806525390222463,0.277841476941465,1.0000000000000009,0.5779489596841582,0.6118414248883466,1.048621244812187,1.048621244812187,0.13131001788695734,0.13131001788695734,0.14680000000000004,1.1,True
ordinary,0.15,1.05,critical,0.5779489596841582,1.1,reactive,voltage droop,grid voltage falls 5%,crossing,0.30000000000000004,0.062189648057289215,0.049926299952073316,0.20729882685763068,0.16642099984024436,0.062189648057289854,0.9999999999999898,0.5779489596841582,0.8516875006564267,1.0379219375176354,1.0390335060816862,1.0444279922203652,1.1502916649871093,0.09760000000000002,1.1,True
ordinary,0.15,1.05,critical,0.5779489596841582,1.1,active,hold schedule,grid voltage holds,crossing,0.30000000000000004,0.2920664888843374,0.2537981604738605,0.9735549629477912,0.8459938682462016,0.2920664888843405,0.9999999999999893,0.5779489596841582,0.5779489596842128,1.0437618385006324,1.0437618385006324,0.5941106189873926,0.5941106189873926,0.15139999999999998,1.1,True
ordinary,0.15,1.05,critical,0.5779489596841582,1.1,active,hold schedule,grid voltage falls 5%,crossing,0.30000000000000004,0.23429790110387738,0.1977178857140428,0.7809930036795911,0.6590596190468092,0.2342979011038778,0.9999999999999982,0.5779489596841582,0.5779489596842103,0.9987337305151645,0.9987337305151646,4.882501855698616,4.882501855698628,0.14670000000000005,1.1,True
ordinary,0.15,1.05,critical,0.5779489596841582,1.1,active,voltage droop,grid voltage holds,crossing,0.30000000000000004,0.27784147694146566,0.24195761706673946,0.926138256471552,0.8065253902224647,0.2778414769414659,0.9999999999999992,0.5779489596841582,0.6118414248883453,1.048621244812187,1.048621244812187,0.13131001788695734,0.13131001788695734,0.14680000000000004,1.1,True
ordinary,0.15,1.05,critical,0.5779489596841582,1.1,active,voltage droop,grid voltage falls 5%,crossing,0.30000000000000004,0.062189648057293656,0.049926299952077535,0.2072988268576455,0.16642099984025843,0.06218964805729385,0.9999999999999969,0.5779489596841582,0.8516875006564231,1.0379219375176354,1.0390335060816862,1.0444279922203652,1.1502916649871093,0.09760000000000002,1.1,True
weak,0.3,0.95,low,0.2,1.1,reactive,hold schedule,grid voltage holds,conservative,0.3256826994738675,0.28413510835720424,0.2272388642083225,0.8724292350076243,0.6977308422443728,0.2841351083572039,1.000000000000001,0.2,0.19999994945831023,0.912956278444311,0.9129562784443107,3.899339111125184,3.899339111125149,0.2339,1.1,True
weak,0.3,0.95,low,0.2,1.1,reactive,hold schedule,grid voltage falls 5%,conservative,0.3256826994738675,0.2335419418271193,0.1769778466638252,0.7170842731419281,0.5434057349368837,0.23354194182711926,1.0000000000000002,0.2,0.19999998359002683,0.8679321633365225,0.8679321633365226,8.638719648787095,8.638719648787106,0.23199999999999998,1.1,True
weak,0.3,0.95,low,0.2,1.1,reactive,voltage droop,grid voltage holds,conservative,0.3256826994738675,0.2956763197394524,0.23796454311740278,0.907866215236825,0.7306637518720789,0.29567631973945274,0.9999999999999989,0.2,0.3020115233184305,0.9458831744524786,0.9458837722822812,0.43328712818092646,0.43335005763382656,0.22699999999999998,1.0999999999999996,True
weak,0.3,0.95,low,0.2,1.1,reactive,voltage droop,grid voltage falls 5%,conservative,0.3256826994738675,0.24590649771499384,0.19357503805482723,0.7550493106089141,0.5943669662758967,0.24590649771499393,0.9999999999999997,0.2,0.42071013845550714,0.9411335362600272,0.9411335362600272,0.9333119726287155,0.9333119726287155,0.21640000000000004,1.1,True
weak,0.3,0.95,low,0.2,1.1,active,hold schedule,grid voltage holds,conservative,0.3256826994738675,0.2841351167286952,0.22724216229015948,0.8724292607120628,0.6977409689162601,0.2841351167286953,0.9999999999999996,0.2,0.2000000000023355,0.9129562950524626,0.9129562950532205,3.8993373628188888,3.899337362898673,0.2339,1.1,True
weak,0.3,0.95,low,0.2,1.1,active,hold schedule,grid voltage falls 5%,conservative,0.3256826994738675,0.23354194469347267,0.17698170890975917,0.7170842819429893,0.5434175938595106,0.23354194469347275,0.9999999999999997,0.2,0.2000000000063511,0.8679321690086256,0.8679321690108109,8.638719051493581,8.63871905172362,0.23199999999999998,1.1,True
weak,0.3,0.95,low,0.2,1.1,active,voltage droop,grid voltage holds,conservative,0.3256826994738675,0.2956763197394524,0.23796454311740278,0.907866215236825,0.7306637518720789,0.29567631973945274,0.9999999999999989,0.2,0.3020115233184305,0.9458831744524786,0.9458837722822812,0.43328712818092646,0.43335005763382656,0.22699999999999998,1.0999999999999996,True
weak,0.3,0.95,low,0.2,1.1,active,voltage droop,grid voltage falls 5%,conservative,0.3256826994738675,0.24590649771499495,0.19357503805482834,0.7550493106089176,0.5943669662759001,0.2459064977149947,1.000000000000001,0.2,0.42071013845550537,0.9411335362600272,0.9411335362600272,0.9333119726287155,0.9333119726287155,0.21640000000000004,1.1,True
weak,0.3,0.95,low,0.2,1.5,reactive,hold schedule,grid voltage holds,conservative,0.7108951059522461,0.5746570562640796,0.4313670685148163,0.8083570296834788,0.6067942582569883,0.5746570562640798,0.9999999999999997,0.2,0.19999991427688624,0.8601680912717188,0.8601680912717188,9.455990392450651,9.455990392450651,0.34040000000000004,1.5000000000000002,True
weak,0.3,0.95,low,0.2,1.5,reactive,hold schedule,grid voltage falls 5%,conservative,0.7108951059522461,0.501806553652004,0.36270551109189886,0.7058798822082656,0.5102096048418475,0.5018065536520049,0.9999999999999982,0.2,0.19999992621148793,0.8122230024610807,0.812223002461081,14.502841846201992,14.502841846202028,0.34220000000000006,1.5000000000000002,True
weak,0.3,0.95,low,0.2,1.5,reactive,voltage droop,grid voltage holds,conservative,0.7108951059522461,0.6399201084316699,0.48248586562593343,0.9001610829413363,0.6787019091651252,0.6399201084316699,1.0,0.2,0.44050096899723196,0.9403136594106455,0.9403136594106454,1.0196147988794295,1.019614798879418,0.3304,1.5,True
weak,0.3,0.95,low,0.2,1.5,reactive,voltage droop,grid voltage falls 5%,conservative,0.7108951059522461,0.587079101913242,0.4367201780499741,0.8258308391740126,0.6143243558625799,0.5870791019132431,0.9999999999999981,0.2,0.5592785762349914,0.9355604714506675,0.9355604714506676,1.5199503736139361,1.5199503736139477,0.3255,1.499999999999999,True
weak,0.3,0.95,low,0.2,1.5,active,hold schedule,grid voltage holds,conservative,0.7108951059522461,0.5746570884350561,0.4313800849340035,0.8083570749376607,0.6068125681582356,0.5746570884350566,0.9999999999999992,0.2,0.20000000060732512,0.860168121171082,0.8601681213811029,9.455987223041797,9.45598724514926,0.34040000000000004,1.5000000000000002,True
weak,0.3,0.95,low,0.2,1.5,active,hold schedule,grid voltage falls 5%,conservative,0.7108951059522461,0.5018065834299341,0.3627197837184448,0.7058799240962036,0.510229681821456,0.5018065834299346,0.9999999999999991,0.2,0.2000000015531919,0.8122230297219516,0.8122230302890426,14.502838916942878,14.502838976636669,0.34220000000000006,1.5,True
weak,0.3,0.95,low,0.2,1.5,active,voltage droop,grid voltage holds,conservative,0.7108951059522461,0.6399201084316699,0.48248586562593343,0.9001610829413363,0.6787019091651252,0.6399201084316699,1.0,0.2,0.44050096899723196,0.9403136594106455,0.9403136594106454,1.0196147988794295,1.019614798879418,0.3304,1.5,True
weak,0.3,0.95,low,0.2,1.5,active,voltage droop,grid voltage falls 5%,conservative,0.7108951059522461,0.587079101913242,0.4367201780499741,0.8258308391740126,0.6143243558625799,0.5870791019132431,0.9999999999999981,0.2,0.5592785762349914,0.9355604714506675,0.9355604714506676,1.5199503736139361,1.5199503736139477,0.3255,1.499999999999999,True
weak,0.3,0.95,high,0.6,1.1,reactive,hold schedule,grid voltage holds,optimistic,0.1555845954667486,0.12893587150878283,0.10373297758128741,0.8287187502206084,0.6667303872217679,0.12893587150878258,1.000000000000002,0.6,0.5999999816162146,0.9302690702083722,0.9302690702083721,2.076939978066087,2.0769399780660756,0.1745,1.1,True
weak,0.3,0.95,high,0.6,1.1,reactive,hold schedule,grid voltage falls 5%,optimistic,0.1555845954667486,0.08400419081032195,0.05982619342132356,0.539926144733752,0.38452517257153235,0.0840041908103216,1.0000000000000042,0.6,0.59999998162838,0.8974999938590684,0.8974999938590682,5.526316435887553,5.52631643588753,0.16649999999999998,1.1,True
weak,0.3,0.95,high,0.6,1.1,reactive,voltage droop,grid voltage holds,optimistic,0.1555845954667486,0.11126242027631095,0.08970833247181542,0.7151249128651034,0.5765887824735695,0.1112624202763117,0.9999999999999932,0.6,0.6548166475846304,0.9477819066469874,0.9477819066469876,0.23348351084340777,0.23348351084343114,0.15960000000000008,1.1,True
weak,0.3,0.95,high,0.6,1.1,reactive,voltage droop,grid voltage falls 5%,optimistic,0.1555845954667486,0.025313845606662055,0.012596003148392487,0.16270149066314285,0.08095919207557083,0.025313845606662805,0.9999999999999704,0.6,0.7434620715278657,0.944236989805377,0.9442369898053771,0.606632652065567,0.6066326520655787,0.12760000000000005,1.1,True
weak,0.3,0.95,high,0.6,1.1,active,hold schedule,grid voltage holds,optimistic,0.1555845954667486,0.12893586625268494,0.10373133181745486,0.8287187164377143,0.6667198092861593,0.12893586625268502,0.9999999999999993,0.6,0.600000000000047,0.9302690761369192,0.9302690761369258,2.0769393540078083,2.076939354008498,0.1745,1.1,True
weak,0.3,0.95,high,0.6,1.1,active,hold schedule,grid voltage falls 5%,optimistic,0.1555845954667486,0.0840041852566632,0.05982411135237431,0.5399261090383237,0.38451179034083655,0.08400418525666362,0.999999999999995,0.6,0.6000000000000772,0.8975000000000093,0.8975000000000264,5.526315789470902,5.526315789472702,0.16649999999999998,1.1,True
weak,0.3,0.95,high,0.6,1.1,active,voltage droop,grid voltage holds,optimistic,0.1555845954667486,0.11126242027631206,0.08970833247181631,0.7151249128651105,0.5765887824735753,0.11126242027631236,0.9999999999999972,0.6,0.6548166475846297,0.9477819066469874,0.9477819066469876,0.23348351084340777,0.23348351084343114,0.15960000000000008,1.1,True
weak,0.3,0.95,high,0.6,1.1,active,voltage droop,grid voltage falls 5%,optimistic,0.1555845954667486,0.0253138456066625,0.01259600314839282,0.1627014906631457,0.08095919207557298,0.025313845606663027,0.9999999999999791,0.6,0.7434620715278656,0.944236989805377,0.9442369898053771,0.606632652065567,0.6066326520655787,0.12760000000000005,1.1,True
weak,0.3,0.95,high,0.6,1.5,reactive,hold schedule,grid voltage holds,conservative,0.5925265954710563,0.4732652059334683,0.35481403676628487,0.7987239890172766,0.5988153771970507,0.47326520593346966,0.9999999999999972,0.6,0.5999999794447384,0.8785217935165092,0.878521793516509,7.524021735104306,7.524021735104294,0.32930000000000004,1.5000000000000002,True
weak,0.3,0.95,high,0.6,1.5,reactive,hold schedule,grid voltage falls 5%,conservative,0.5925265954710563,0.4143558914847172,0.2988411677919094,0.6993034484052245,0.5043506402515685,0.41435589148471896,0.9999999999999957,0.6,0.5999999359113649,0.8437453475704735,0.8437453475704739,11.184700255739584,11.184700255739628,0.32900000000000007,1.5000000000000002,True
weak,0.3,0.95,high,0.6,1.5,reactive,voltage droop,grid voltage holds,conservative,0.5925265954710563,0.4696952748400276,0.35795193715006857,0.7926990592998137,0.6041111738883184,0.46969527484002715,1.0000000000000009,0.6,0.7932759931444573,0.9422129052277339,0.9422134311838768,0.8196388227498066,0.8196941865543182,0.3034,1.4999999999999998,True
weak,0.3,0.95,high,0.6,1.5,reactive,voltage droop,grid voltage falls 5%,conservative,0.5925265954710563,0.39753082738968515,0.2985474021378578,0.6709079903386441,0.5038548554947374,0.3975308273896849,1.0000000000000007,0.6,0.8819786110430559,0.9386648695079304,0.9386657640639894,1.1930774669484814,1.1931716307441662,0.28970000000000007,1.5,True
weak,0.3,0.95,high,0.6,1.5,active,hold schedule,grid voltage holds,conservative,0.5925265954710563,0.47326520725355614,0.3548148381262113,0.7987239912451729,0.5988167296425485,0.4732652072535568,0.9999999999999986,0.6,0.6000000000955625,0.8785218005359844,0.8785218005684085,7.524020992799106,7.524020996212165,0.32930000000000004,1.5000000000000002,True
weak,0.3,0.95,high,0.6,1.5,active,hold schedule,grid voltage falls 5%,conservative,0.5925265954710563,0.4143558958098976,0.29884204496150535,0.6993034557047795,0.5043521206401328,0.4143558958098976,1.0,0.6,0.6000000001751982,0.8437453703581745,0.843745370419962,11.184697850530311,11.184697857034255,0.32900000000000007,1.5,True
weak,0.3,0.95,high,0.6,1.5,active,voltage droop,grid voltage holds,conservative,0.5925265954710563,0.4696952748400276,0.35795193715006857,0.7926990592998137,0.6041111738883184,0.46969527484002715,1.0000000000000009,0.6,0.7932759931444573,0.9422129052277339,0.9422134311838768,0.8196388227498066,0.8196941865543182,0.3034,1.4999999999999998,True
weak,0.3,0.95,high,0.6,1.5,active,voltage droop,grid voltage falls 5%,conservative,0.5925265954710563,0.39753082738968515,0.2985474021378578,0.6709079903386441,0.5038548554947374,0.3975308273896849,1.0000000000000007,0.6,0.8819786110430559,0.9386648695079304,0.9386657640639894,1.1930774669484814,1.1931716307441662,0.28970000000000007,1.5,True
weak,0.3,0.95,critical,0.3033562262423499,1.1,reactive,hold schedule,grid voltage holds,crossing,0.30000000000000004,0.260611531792995,0.20848836545846572,0.86870510597665,0.6949612181948857,0.2606115317929949,1.0000000000000004,0.3033562262423499,0.3033562243832003,0.9157932540716106,0.9157932540716106,3.600710097725195,3.600710097725195,0.22820000000000007,1.1,True
weak,0.3,0.95,critical,0.3033562262423499,1.1,reactive,hold schedule,grid voltage falls 5%,crossing,0.30000000000000004,0.21239089672503897,0.16060962013645586,0.7079696557501298,0.5353654004548528,0.21239089672503872,1.000000000000001,0.3033562262423499,0.3033561671595586,0.8740908441263427,0.8740908441263427,7.99043746038497,7.99043746038497,0.22560000000000002,1.1,True
weak,0.3,0.95,critical,0.3033562262423499,1.1,reactive,voltage droop,grid voltage holds,crossing,0.30000000000000004,0.2618358539163518,0.21109779761082137,0.8727861797211725,0.7036593253694045,0.26183585391635156,1.0000000000000009,0.3033562262423499,0.39769416528053714,0.9461919619864938,0.9461923952037825,0.40080050486499424,0.40084610668485837,0.21820000000000006,1.1,True
weak,0.3,0.95,critical,0.3033562262423499,1.1,reactive,voltage droop,grid voltage falls 5%,crossing,0.30000000000000004,0.2027378210320122,0.15914857051593057,0.6757927367733739,0.5304952350531018,0.2027378210320114,1.000000000000004,0.3033562262423499,0.5081859555914205,0.9417710320691648,0.9417710320691643,0.8662071506142744,0.8662071506142277,0.20330000000000004,1.1,True
weak,0.3,0.95,critical,0.3033562262423499,1.1,active,hold schedule,grid voltage holds,crossing,0.30000000000000004,0.2606115319085056,0.20848920539140336,0.8687051063616853,0.6949640179713444,0.2606115319085055,1.0000000000000004,0.3033562262423499,0.30335622624359365,0.9157932546806492,0.9157932546810474,3.600710033573949,3.6007100336158686,0.22820000000000007,1.1,True
weak,0.3,0.95,critical,0.3033562262423499,1.1,active,hold schedule,grid voltage falls 5%,crossing,0.30000000000000004,0.21239090058753463,0.16061060918506354,0.7079696686251153,0.5353686972835451,0.2123909005875347,0.9999999999999996,0.3033562262423499,0.3033562262454283,0.8740908644043789,0.8740908644054259,7.990435325744634,7.99043532585485,0.22560000000000002,1.1,True
weak,0.3,0.95,critical,0.3033562262423499,1.1,active,voltage droop,grid voltage holds,crossing,0.30000000000000004,0.2618358539163522,0.2110977976108216,0.872786179721174,0.7036593253694052,0.2618358539163522,1.0,0.3033562262423499,0.3976941652805356,0.9461919619864938,0.9461923952037825,0.40080050486499424,0.40084610668485837,0.21820000000000006,1.1,True
weak,0.3,0.95,critical,0.3033562262423499,1.1,active,voltage droop,grid voltage falls 5%,crossing,0.30000000000000004,0.2027378210320122,0.15914857051593057,0.6757927367733739,0.5304952350531018,0.2027378210320114,1.000000000000004,0.3033562262423499,0.5081859555914205,0.9417710320691648,0.9417710320691643,0.8662071506142744,0.8662071506142277,0.20330000000000004,1.1,True
weak,0.3,1.0,low,0.2,1.1,reactive,hold schedule,grid voltage holds,conservative,0.3816653826391969,0.3400918207088197,0.27336363606005976,0.8910732704053532,0.7162390106479241,0.34009182070881994,0.9999999999999993,0.2,0.19999998621284473,0.9628603178694751,0.9628603178694755,3.7139682130524543,3.7139682130524876,0.23850000000000005,1.1,True
weak,0.3,1.0,low,0.2,1.1,reactive,hold schedule,grid voltage falls 5%,conservative,0.3816653826391969,0.2867754976945237,0.22058985012733656,0.7513793776933227,0.5779666172550647,0.28677549769452415,0.9999999999999984,0.2,0.19999994739349292,0.9153086738560361,0.915308673856036,8.469132614396402,8.46913261439639,0.23720000000000008,1.1,True
weak,0.3,1.0,low,0.2,1.1,reactive,voltage droop,grid voltage holds,conservative,0.3816653826391969,0.35130364075376574,0.2838106277013177,0.9204493169501482,0.7436111332360863,0.35130364075376597,0.9999999999999993,0.2,0.3071371774981157,0.9956816260227466,0.995681829953158,0.4318170046841985,0.43183739772534313,0.23220000000000007,1.0999999999999999,True
weak,0.3,1.0,low,0.2,1.1,reactive,voltage droop,grid voltage falls 5%,conservative,0.3816653826391969,0.297287670785239,0.2360871021456471,0.7789222819463208,0.6185709076183873,0.29728767078523854,1.0000000000000016,0.2,0.4385791088843547,0.9904225055585651,0.9904228719746995,0.957712802530053,0.9577494441434853,0.2219,1.1,True
weak,0.3,1.0,low,0.2,1.1,active,hold schedule,grid voltage holds,conservative,0.3816653826391969,0.3400918228696528,0.2733670075834391,0.8910732760669436,0.7162478443633531,0.3400918228696528,1.0,0.2,0.20000000000096696,0.9628603221651716,0.9628603221654644,3.7139677834535645,3.713967783482841,0.23850000000000005,1.1,True
weak,0.3,1.0,low,0.2,1.1,active,hold schedule,grid voltage falls 5%,conservative,0.3816653826391969,0.28677550638477056,0.22059375343683862,0.7513794004626051,0.5779768443012671,0.28677550638477056,1.0,0.2,0.20000000000281873,0.9153086910982648,0.915308691099179,8.469130890082099,8.469130890173515,0.23720000000000008,1.1,True
weak,0.3,1.0,low,0.2,1.1,active,voltage droop,grid voltage holds,conservative,0.3816653826391969,0.35130364075376574,0.2838106277013177,0.9204493169501482,0.7436111332360863,0.35130364075376597,0.9999999999999993,0.2,0.3071371774981157,0.9956816260227466,0.995681829953158,0.4318170046841985,0.43183739772534313,0.23220000000000007,1.0999999999999999,True
weak,0.3,1.0,low,0.2,1.1,active,voltage droop,grid voltage falls 5%,conservative,0.3816653826391969,0.297287670785239,0.2360871021456471,0.7789222819463208,0.6185709076183873,0.29728767078523877,1.0000000000000007,0.2,0.43857910888435403,0.9904225055585651,0.9904228719746995,0.957712802530053,0.9577494441434853,0.2219,1.1,True
weak,0.3,1.0,low,0.2,1.5,reactive,hold schedule,grid voltage holds,conservative,0.7866068747318506,0.6547601100564453,0.4945601039708243,0.8323854406683757,0.6287258856457576,0.6547601100564457,0.9999999999999993,0.2,0.19999995347384708,0.9129621964157705,0.9129621964157707,8.70378035842293,8.703780358422952,0.33840000000000003,1.5000000000000002,True
weak,0.3,1.0,low,0.2,1.5,reactive,hold schedule,grid voltage falls 5%,conservative,0.7866068747318506,0.5784472570087515,0.4227502103998202,0.7353702028169289,0.5374351839270831,0.5784472570087511,1.0000000000000007,0.2,0.19999988310864752,0.8626644364207836,0.8626644364207834,13.73355635792166,13.733556357921639,0.3406,1.5000000000000002,True
weak,0.3,1.0,low,0.2,1.5,reactive,voltage droop,grid voltage holds,conservative,0.7866068747318506,0.7170454069197949,0.5434892097114998,0.911567683875419,0.6909286292428755,0.7170454069197962,0.9999999999999981,0.2,0.4448211244976852,0.9901473742870226,0.9901478044709344,0.9852195529065577,0.9852625712977403,0.32930000000000004,1.499999999999999,True
weak,0.3,1.0,low,0.2,1.5,reactive,voltage droop,grid voltage falls 5%,conservative,0.7866068747318506,0.660264538608013,0.49466863355036184,0.8393831274778689,0.6288638574624602,0.6602645386080135,0.9999999999999993,0.2,0.5763446149187555,0.9848841398617671,0.9848841398617675,1.5115860138232518,1.511586013823285,0.3246,1.5,True
weak,0.3,1.0,low,0.2,1.5,active,hold schedule,grid voltage holds,conservative,0.7866068747318506,0.6547601264488476,0.49457320871417343,0.8323854615077592,0.6287425454840708,0.6547601264488481,0.9999999999999993,0.2,0.20000000022705083,0.9129622117047369,0.9129622117789051,8.703778822109488,8.70377882952631,0.33840000000000003,1.5,True
weak,0.3,1.0,low,0.2,1.5,active,hold schedule,grid voltage falls 5%,conservative,0.7866068747318506,0.5784473006674336,0.42276453805464875,0.735370258319472,0.5374533984320523,0.578447300667434,0.9999999999999992,0.2,0.2000000006145767,0.8626644770726771,0.8626644772846197,13.73355227153803,13.733552292732288,0.3406,1.5,True
weak,0.3,1.0,low,0.2,1.5,active,voltage droop,grid voltage holds,conservative,0.7866068747318506,0.7170454069197949,0.5434892097114998,0.911567683875419,0.6909286292428755,0.7170454069197962,0.9999999999999981,0.2,0.4448211244976852,0.9901473742870226,0.9901478044709344,0.9852195529065577,0.9852625712977403,0.32930000000000004,1.499999999999999,True
weak,0.3,1.0,low,0.2,1.5,active,voltage droop,grid voltage falls 5%,conservative,0.7866068747318506,0.660264538608013,0.49466863355036184,0.8393831274778689,0.6288638574624602,0.6602645386080135,0.9999999999999993,0.2,0.5763446149187555,0.9848841398617671,0.9848841398617675,1.5115860138232518,1.511586013823285,0.3246,1.5,True
weak,0.3,1.0,high,0.6,1.1,reactive,hold schedule,grid voltage holds,optimistic,0.22195444572928888,0.1925463707142817,0.15659089807029847,0.8675040055251909,0.705509175794062,0.1925463707142818,0.9999999999999996,0.6,0.5999999496302993,0.9777013704491672,0.9777013704491674,2.2298629550832616,2.229862955083284,0.1935,1.1,True
weak,0.3,1.0,high,0.6,1.1,reactive,hold schedule,grid voltage falls 5%,optimistic,0.22195444572928888,0.14468350990121492,0.11000934410324736,0.6518612836333137,0.49563929094451403,0.144683509901215,0.9999999999999994,0.6,0.5999999748965477,0.9419033840781805,0.9419033840781805,5.809661592181947,5.809661592181947,0.18700000000000006,1.1,True
weak,0.3,1.0,high,0.6,1.1,reactive,voltage droop,grid voltage holds,optimistic,0.22195444572928888,0.1727712170712643,0.14138885578081795,0.7784084545077693,0.6370174533618743,0.17277121707126428,1.0000000000000002,0.6,0.6647919857318011,0.9973841744478807,0.9973841744478805,0.26158255521194773,0.2615825552119255,0.17890000000000006,1.1,True
weak,0.3,1.0,high,0.6,1.1,reactive,voltage droop,grid voltage falls 5%,optimistic,0.22195444572928888,0.07931075821525069,0.059196641351055845,0.35732899133718465,0.26670626558774224,0.07931075821525121,0.9999999999999933,0.6,0.7659068901495372,0.99334056097502,0.9933408952065362,0.6659104793463766,0.6659439024980007,0.14850000000000008,1.1,True
weak,0.3,1.0,high,0.6,1.1,active,hold schedule,grid voltage holds,optimistic,0.22195444572928888,0.19254635733947745,0.15658912426950222,0.8675039452659598,0.7055011840604861,0.19254635733947742,1.0000000000000002,0.6,0.6000000000000644,0.9777013859047319,0.9777013859047348,2.2298614095265235,2.229861409526812,0.1935,1.1,True
weak,0.3,1.0,high,0.6,1.1,active,hold schedule,grid voltage falls 5%,optimistic,0.22195444572928888,0.14468350285770848,0.11000720465282177,0.6518612518992954,0.49562965180248847,0.14468350285770867,0.9999999999999987,0.6,0.6000000000000661,0.9419033920737395,0.9419033920737516,5.809660792624838,5.8096607926260475,0.18700000000000006,1.1,True
weak,0.3,1.0,high,0.6,1.1,active,voltage droop,grid voltage holds,optimistic,0.22195444572928888,0.17277121707126553,0.14138885578081883,0.7784084545077747,0.6370174533618783,0.17277121707126494,1.0000000000000033,0.6,0.6647919857318001,0.9973841744478807,0.9973841744478805,0.26158255521194773,0.2615825552119255,0.17890000000000006,1.1,True
weak,0.3,1.0,high,0.6,1.1,active,voltage droop,grid voltage falls 5%,optimistic,0.22195444572928888,0.07931075821525113,0.05919664135105618,0.35732899133718665,0.26670626558774374,0.07931075821525144,0.9999999999999961,0.6,0.7659068901495368,0.99334056097502,0.9933408952065362,0.6659104793463766,0.6659439024980007,0.14850000000000008,1.1,True
weak,0.3,1.0,high,0.6,1.5,reactive,hold schedule,grid voltage holds,conservative,0.6747727084867521,0.5570501157828529,0.42038118846608374,0.8255374124897489,0.6229967264218973,0.5570501157828534,0.9999999999999992,0.6,0.5999999572645727,0.9286010846207018,0.9286010846207019,7.13989153792981,7.139891537929821,0.33020000000000005,1.5000000000000002,True
weak,0.3,1.0,high,0.6,1.5,reactive,hold schedule,grid voltage falls 5%,conservative,0.6747727084867521,0.4939679610920782,0.36069323821537824,0.7320508889576354,0.5345403477035553,0.4939679610920793,0.9999999999999978,0.6,0.5999999474291947,0.8908321774933352,0.8908321774933352,10.91678225066648,10.91678225066648,0.3305,1.5000000000000002,True
weak,0.3,1.0,high,0.6,1.5,reactive,voltage droop,grid voltage holds,conservative,0.6747727084867521,0.552819836424423,0.4231489365337644,0.8192682209453594,0.6270984751038907,0.5528198364244239,0.9999999999999984,0.6,0.8024459001360227,0.9918505633822133,0.9918505633822133,0.8149436617786665,0.8149436617786665,0.3068000000000001,1.4999999999999993,True
weak,0.3,1.0,high,0.6,1.5,reactive,voltage droop,grid voltage falls 5%,conservative,0.6747727084867521,0.4742719129605226,0.35913375705515693,0.7028617295802118,0.5322292270245365,0.4742719129605222,1.0000000000000009,0.6,0.9036262767750786,0.9878036427377214,0.9878045181436693,1.219548185633068,1.2196357262278634,0.2936000000000001,1.4999999999999998,True
weak,0.3,1.0,high,0.6,1.5,active,hold schedule,grid voltage holds,conservative,0.6747727084867521,0.557050118335205,0.42038200728368835,0.8255374162722849,0.6229979398936254,0.557050118335205,1.0,0.6,0.6000000000436895,0.9286010984271473,0.9286010984412056,7.139890155879436,7.139890157285267,0.33020000000000005,1.5,True
weak,0.3,1.0,high,0.6,1.5,active,hold schedule,grid voltage falls 5%,conservative,0.6747727084867521,0.4939679643997663,0.3606941286678593,0.7320508938595647,0.5345416673367739,0.493967964399767,0.9999999999999987,0.6,0.600000000086147,0.8908321951974493,0.8908321952262886,10.916780477371136,10.916780480255072,0.3305,1.5,True
weak,0.3,1.0,high,0.6,1.5,active,voltage droop,grid voltage holds,conservative,0.6747727084867521,0.552819836424423,0.4231489365337644,0.8192682209453594,0.6270984751038907,0.5528198364244239,0.9999999999999984,0.6,0.8024459001360227,0.9918505633822133,0.9918505633822133,0.8149436617786665,0.8149436617786665,0.3068000000000001,1.4999999999999993,True
weak,0.3,1.0,high,0.6,1.5,active,voltage droop,grid voltage falls 5%,conservative,0.6747727084867521,0.4742719129605226,0.35913375705515693,0.7028617295802118,0.5322292270245365,0.4742719129605222,1.0000000000000009,0.6,0.9036262767750786,0.9878036427377214,0.9878045181436693,1.219548185633068,1.2196357262278634,0.2936000000000001,1.4999999999999998,True
weak,0.3,1.0,critical,0.4582575694955842,1.1,reactive,hold schedule,grid voltage holds,crossing,0.30000000000000004,0.26452267991959855,0.21364325087584013,0.8817422663986617,0.7121441695861337,0.2645226799195991,0.9999999999999979,0.4582575694955842,0.4582575690794244,0.9707728878323211,0.9707728878323213,2.9227112167678704,2.9227112167678926,0.21950000000000003,1.1,True
weak,0.3,1.0,critical,0.4582575694955842,1.1,reactive,hold schedule,grid voltage falls 5%,crossing,0.30000000000000004,0.21581365736871905,0.1657650936616838,0.7193788578957301,0.5525503122056126,0.21581365736871835,1.000000000000003,0.4582575694955842,0.45825751455859964,0.9309706143876404,0.9309706143876402,6.902938561235983,6.902938561235961,0.2158,1.1,True
weak,0.3,1.0,critical,0.4582575694955842,1.1,reactive,voltage droop,grid voltage holds,crossing,0.30000000000000004,0.2523731013480306,0.20543229009522623,0.8412436711601019,0.6847743003174207,0.2523731013480318,0.9999999999999951,0.4582575694955842,0.5428985279954761,0.9965859124986935,0.996586461427174,0.34135385728260026,0.3414087501306451,0.2067,1.1,True
weak,0.3,1.0,critical,0.4582575694955842,1.1,reactive,voltage droop,grid voltage falls 5%,crossing,0.30000000000000004,0.17346500532305997,0.13705348311785215,0.5782166844101998,0.45684494372617374,0.1734650053230605,0.999999999999997,0.4582575694955842,0.6542859996274059,0.9921307252043878,0.9921307252043879,0.7869274795612058,0.7869274795612169,0.18530000000000002,1.0999999999999999,True
weak,0.3,1.0,critical,0.4582575694955842,1.1,active,hold schedule,grid voltage holds,crossing,0.30000000000000004,0.2645226798784813,0.21364228145167818,0.8817422662616042,0.7121409381722605,0.26452267987848166,0.9999999999999988,0.4582575694955842,0.4582575694957567,0.9707728879609365,0.9707728879609814,2.922711203901862,2.9227112039063474,0.21950000000000003,1.1,True
weak,0.3,1.0,critical,0.4582575694955842,1.1,active,hold schedule,grid voltage falls 5%,crossing,0.30000000000000004,0.21581365165445776,0.16576395100355357,0.7193788388481924,0.5525465033451785,0.21581365165445807,0.9999999999999986,0.4582575694955842,0.4582575694959703,0.9309706320907815,0.9309706320908971,6.902936790910285,6.902936790921855,0.2158,1.1,True
weak,0.3,1.0,critical,0.4582575694955842,1.1,active,voltage droop,grid voltage holds,crossing,0.30000000000000004,0.2523731013480317,0.20543229009522723,0.8412436711601056,0.684774300317424,0.25237310134803237,0.9999999999999973,0.4582575694955842,0.5428985279954751,0.9965859124986935,0.996586461427174,0.34135385728260026,0.3414087501306451,0.2067,1.1,True
weak,0.3,1.0,critical,0.4582575694955842,1.1,active,voltage droop,grid voltage falls 5%,crossing,0.30000000000000004,0.17346500532305997,0.13705348311785215,0.5782166844101998,0.45684494372617374,0.1734650053230605,0.999999999999997,0.4582575694955842,0.6542859996274059,0.9921307252043878,0.9921307252043879,0.7869274795612058,0.7869274795612169,0.18530000000000002,1.0999999999999999,True
weak,0.3,1.05,low,0.2,1.1,reactive,hold schedule,grid voltage holds,conservative,0.4375521966046221,0.39625096647385183,0.31981535909750813,0.9056084498003547,0.7309193316346152,0.3962509664738527,0.9999999999999978,0.2,0.19999993071542166,1.0130414698588321,1.0130414698588321,3.519860013444562,3.519860013444562,0.24150000000000005,1.1,True
weak,0.3,1.05,low,0.2,1.1,reactive,hold schedule,grid voltage falls 5%,conservative,0.4375521966046221,0.3401939734579791,0.26452119786720185,0.7774934650034059,0.6045477543476412,0.3401939734579795,0.9999999999999987,0.2,0.1999999409037705,0.9629515056831078,0.962951505683108,8.290332792084952,8.290332792084971,0.24080000000000001,1.1,True
weak,0.3,1.05,low,0.2,1.1,reactive,voltage droop,grid voltage holds,conservative,0.4375521966046221,0.40710152637826247,0.3299506210084384,0.9304067709803426,0.7540828810113052,0.40710152637826424,0.9999999999999957,0.2,0.3114111022355456,1.045514094867122,1.0455140948671222,0.42722906027407925,0.4272290602741004,0.23570000000000002,1.0999999999999992,True
weak,0.3,1.05,low,0.2,1.1,reactive,voltage droop,grid voltage falls 5%,conservative,0.4375521966046221,0.3487513296088687,0.278806218185362,0.7970508028874209,0.6371953342912707,0.34875132960886823,1.0000000000000013,0.2,0.45623717245446654,1.0397198273010944,1.0397201263935316,0.9790355815684215,0.9790640665624464,0.2258,1.1,True
weak,0.3,1.05,low,0.2,1.1,active,hold schedule,grid voltage holds,conservative,0.4375521966046221,0.39625097677573584,0.31981879649809075,0.9056084733447092,0.7309271876129632,0.39625097677573584,1.0,0.2,0.20000000000037102,1.0130414903766403,1.0130414903767335,3.5198580593587163,3.519858059367598,0.24150000000000005,1.1,True
weak,0.3,1.05,low,0.2,1.1,active,hold schedule,grid voltage falls 5%,conservative,0.4375521966046221,0.3401939827186351,0.26452512733182054,0.7774934861680945,0.6045567349096157,0.3401939827186351,1.0,0.2,0.20000000000117155,0.9629515240940837,0.9629515240944403,8.290331038624737,8.2903310386587,0.24080000000000001,1.1,True
weak,0.3,1.05,low,0.2,1.1,active,voltage droop,grid voltage holds,conservative,0.4375521966046221,0.40710152637826247,0.3299506210084384,0.9304067709803426,0.7540828810113052,0.40710152637826424,0.9999999999999957,0.2,0.3114111022355456,1.045514094867122,1.0455140948671222,0.42722906027407925,0.4272290602741004,0.23570000000000002,1.0999999999999992,True
weak,0.3,1.05,low,0.2,1.1,active,voltage droop,grid voltage falls 5%,conservative,0.4375521966046221,0.3487513296088691,0.2788062181853622,0.7970508028874219,0.6371953342912713,0.3487513296088687,1.0000000000000013,0.2,0.4562371724544656,1.0397198273010944,1.0397201263935316,0.9790355815684215,0.9790640665624464,0.2258,1.1,True
weak,0.3,1.05,low,0.2,1.5,reactive,hold schedule,grid voltage holds,conservative,0.8622499799967995,0.7347366944078129,0.5581133657610116,0.8521156410006991,0.6472755914277704,0.7347366944078129,1.0,0.2,0.19999999423700734,0.9657396428472295,0.9657396428472292,8.024795919311504,8.024795919311483,0.3359000000000001,1.5000000000000002,True
weak,0.3,1.05,low,0.2,1.5,reactive,hold schedule,grid voltage falls 5%,conservative,0.8622499799967995,0.6549059631406235,0.48310634100147865,0.7595314332660865,0.5602857085636254,0.6549059631406233,1.0000000000000004,0.2,0.19999998316320097,0.9130583922471895,0.9130583922471894,13.042057881220057,13.042057881220048,0.33830000000000005,1.5000000000000002,True
weak,0.3,1.05,low,0.2,1.5,reactive,voltage droop,grid voltage holds,conservative,0.8622499799967995,0.794222364163947,0.6049816179431122,0.9211045318515344,0.7016313505108551,0.7942223641639472,0.9999999999999997,0.2,0.4482977411065223,1.0400147401011113,1.0400152431038705,0.9509292282028136,0.9509771332275014,0.3276,1.4999999999999998,True
weak,0.3,1.05,low,0.2,1.5,reactive,voltage droop,grid voltage falls 5%,conservative,0.8622499799967995,0.7334246576713537,0.5530235437618887,0.8505939978961506,0.6413726373921648,0.7334246576713557,0.9999999999999972,0.2,0.5932140860004794,1.0342166549400518,1.0342166549400515,1.5031757199950946,1.5031757199950735,0.32300000000000006,1.4999999999999984,True
weak,0.3,1.05,low,0.2,1.5,active,hold schedule,grid voltage holds,conservative,0.8622499799967995,0.734736696343053,0.5581265305080463,0.8521156432451065,0.6472908593284258,0.7347366963430539,0.9999999999999988,0.2,0.2000000000823974,0.9657396446375426,0.9657396446630574,8.02479574637549,8.024795748805472,0.3359000000000001,1.5,True
weak,0.3,1.05,low,0.2,1.5,active,hold schedule,grid voltage falls 5%,conservative,0.8622499799967995,0.6549059691261425,0.4831206866463702,0.7595314402078309,0.5603023460182202,0.654905969126143,0.9999999999999993,0.2,0.20000000023649733,0.9130583977796518,0.9130583978568954,13.04205734696235,13.04205735431888,0.33830000000000005,1.5,True
weak,0.3,1.05,low,0.2,1.5,active,voltage droop,grid voltage holds,conservative,0.8622499799967995,0.794222364163947,0.6049816179431122,0.9211045318515344,0.7016313505108551,0.7942223641639472,0.9999999999999997,0.2,0.4482977411065223,1.0400147401011113,1.0400152431038705,0.9509292282028136,0.9509771332275014,0.3276,1.4999999999999998,True
weak,0.3,1.05,low,0.2,1.5,active,voltage droop,grid voltage falls 5%,conservative,0.8622499799967995,0.7334246576713537,0.5530235437618887,0.8505939978961506,0.6413726373921648,0.7334246576713557,0.9999999999999972,0.2,0.5932140860004794,1.0342166549400518,1.0342166549400515,1.5031757199950946,1.5031757199950735,0.32300000000000006,1.4999999999999984,True
weak,0.3,1.05,high,0.6,1.1,reactive,hold schedule,grid voltage holds,optimistic,0.28692704897575927,0.2557062147992777,0.2089166958106512,0.8911889475463178,0.7281178144633597,0.25570621479927746,1.0000000000000009,0.6,0.5999999964999511,1.0258535510023117,1.0258535510023117,2.2996618093036534,2.2996618093036534,0.20620000000000005,1.1,True
weak,0.3,1.05,high,0.6,1.1,reactive,hold schedule,grid voltage falls 5%,optimistic,0.28692704897575927,0.20489993785611338,0.15963561717045094,0.7141185837568912,0.5563630816275449,0.20489993785611302,1.0000000000000018,0.6,0.5999999820645872,0.9870416086457228,0.9870416086457224,5.996037271835962,5.996037271835931,0.20090000000000008,1.1,True
weak,0.3,1.05,high,0.6,1.1,reactive,voltage droop,grid voltage holds,optimistic,0.28692704897575927,0.23450696619532319,0.19298356714887988,0.8173051897074203,0.6725875717809509,0.23450696619532316,1.0000000000000002,0.6,0.6732258813821835,1.0470485170666493,1.0470487281083876,0.2810735134869032,0.2810936127000753,0.19230000000000003,1.1,True
weak,0.3,1.05,high,0.6,1.1,reactive,voltage droop,grid voltage falls 5%,optimistic,0.28692704897575927,0.13354667231472817,0.10553226179847297,0.4654377229036037,0.3678017188521977,0.1335466723147278,1.0000000000000027,0.6,0.7875148220070252,1.0424778372528591,1.0424778372528591,0.7163964521086574,0.7163964521086574,0.16349999999999998,1.1,True
weak,0.3,1.05,high,0.6,1.1,active,hold schedule,grid voltage holds,optimistic,0.28692704897575927,0.25570621393130666,0.2089148331769839,0.8911889445212596,0.7281113228004998,0.25570621393130677,0.9999999999999996,0.6,0.6000000000000568,1.02585355202588,1.0258535520258807,2.299661711820891,2.2996617118209546,0.20620000000000005,1.1,True
weak,0.3,1.05,high,0.6,1.1,active,hold schedule,grid voltage falls 5%,optimistic,0.28692704897575927,0.2048999331586776,0.15963342070259268,0.7141185673853578,0.5563554264836117,0.20489993315867824,0.9999999999999969,0.6,0.6000000000000705,0.9870416140970032,0.9870416140970081,5.9960367526659,5.996036752666366,0.20090000000000008,1.1,True
weak,0.3,1.05,high,0.6,1.1,active,voltage droop,grid voltage holds,optimistic,0.28692704897575927,0.23450696619532485,0.1929835671488812,0.817305189707426,0.6725875717809554,0.23450696619532493,0.9999999999999997,0.6,0.6732258813821811,1.0470485170666493,1.0470487281083876,0.2810735134869032,0.2810936127000753,0.19230000000000003,1.1,True
weak,0.3,1.05,high,0.6,1.1,active,voltage droop,grid voltage falls 5%,optimistic,0.28692704897575927,0.13354667231472817,0.10553226179847297,0.4654377229036037,0.3678017188521977,0.1335466723147278,1.0000000000000027,0.6,0.7875148220070252,1.0424778372528591,1.0424778372528591,0.7163964521086574,0.7163964521086574,0.16349999999999998,1.1,True
weak,0.3,1.05,high,0.6,1.5,reactive,hold schedule,grid voltage holds,conservative,0.7562365879210702,0.6406136201152186,0.4862446740013937,0.8471074136683805,0.6429795671988089,0.640613620115219,0.9999999999999993,0.6,0.5999998698617628,0.9791707880248164,0.9791707880248166,6.745639235731756,6.745639235731777,0.3297,1.5000000000000002,True
weak,0.3,1.05,high,0.6,1.5,reactive,hold schedule,grid voltage falls 5%,conservative,0.7562365879210702,0.5733676128765683,0.42283481878634377,0.7581854964896406,0.5591303377012431,0.5733676128765688,0.9999999999999992,0.6,0.5999999640987194,0.9384301393382544,0.9384301393382545,10.62570101540434,10.62570101540435,0.3304,1.5000000000000002,True
weak,0.3,1.05,high,0.6,1.5,reactive,voltage droop,grid voltage holds,conservative,0.7562365879210702,0.6358975882797058,0.48867876288475154,0.8408712279153513,0.6461982542105671,0.6358975882797053,1.0000000000000007,0.6,0.81008342454813,1.0415495979227103,1.0415495979227103,0.8048001978371193,0.8048001978371193,0.3087000000000001,1.5000000000000002,True
weak,0.3,1.05,high,0.6,1.5,reactive,voltage droop,grid voltage falls 5%,conservative,0.7562365879210702,0.5509463990629291,0.41997764217498545,0.7285370846410731,0.5553521859204454,0.5509463990629291,1.0,0.6,0.9244457648060074,1.0369757021467707,1.0369757021467707,1.240409319355175,1.240409319355175,0.29590000000000005,1.5,True
weak,0.3,1.05,high,0.6,1.5,active,hold schedule,grid voltage holds,conservative,0.7562365879210702,0.6406136273967895,0.4862455099490772,0.8471074232970748,0.6429806726037799,0.64061362739679,0.9999999999999993,0.6,0.6000000000186253,0.9791708278968058,0.979170827902495,6.745635437857624,6.745635438399455,0.3297,1.5,True
weak,0.3,1.05,high,0.6,1.5,active,hold schedule,grid voltage falls 5%,conservative,0.7562365879210702,0.5733676149934432,0.4228357203230231,0.7581854992888637,0.5591315298370029,0.5733676149934435,0.9999999999999997,0.6,0.6000000000395111,0.9384301508153241,0.9384301508279083,10.625699921151599,10.625699922350089,0.3304,1.5000000000000002,True
weak,0.3,1.05,high,0.6,1.5,active,voltage droop,grid voltage holds,conservative,0.7562365879210702,0.6358975882797069,0.488678762884752,0.8408712279153527,0.6461982542105676,0.635897588279706,1.0000000000000013,0.6,0.8100834245481286,1.0415495979227103,1.0415495979227103,0.8048001978371193,0.8048001978371193,0.3087000000000001,1.5,True
weak,0.3,1.05,high,0.6,1.5,active,voltage droop,grid voltage falls 5%,conservative,0.7562365879210702,0.5509463990629295,0.4199776421749859,0.7285370846410738,0.555352185920446,0.5509463990629291,1.0000000000000009,0.6,0.9244457648060073,1.0369757021467707,1.0369757021467707,1.240409319355175,1.240409319355175,0.29590000000000005,1.5,True
weak,0.3,1.05,critical,0.5779489596841582,1.1,reactive,hold schedule,grid voltage holds,crossing,0.30000000000000004,0.2678758622943336,0.21855553677410855,0.8929195409811118,0.728518455913695,0.2678758622943336,1.0,0.5779489596841582,0.5779489332997235,1.0248195383628065,1.0248195383628063,2.3981392035422653,2.398139203542244,0.21010000000000006,1.1,True
weak,0.3,1.05,critical,0.5779489596841582,1.1,reactive,hold schedule,grid voltage falls 5%,crossing,0.30000000000000004,0.21702915365648467,0.16915101057008608,0.7234305121882821,0.5638367019002869,0.21702915365648576,0.999999999999995,0.5779489596841582,0.5779489568030918,0.9854174201853346,0.985417420185335,6.150721887110961,6.150721887110992,0.20530000000000004,1.1,True
weak,0.3,1.05,critical,0.5779489596841582,1.1,reactive,voltage droop,grid voltage holds,crossing,0.30000000000000004,0.24770611819678978,0.2035960034418215,0.8256870606559659,0.6786533448060715,0.24770611819679053,0.999999999999997,0.5779489596841582,0.6542727969980398,1.0469237815758823,1.0469237815758825,0.29297318324928934,0.2929731832493105,0.1965,1.1,True
weak,0.3,1.05,critical,0.5779489596841582,1.1,reactive,voltage droop,grid voltage falls 5%,crossing,0.30000000000000004,0.1493376001400416,0.11861565532729257,0.4977920004668053,0.39538551775764186,0.14933760014004213,0.9999999999999964,0.5779489596841582,0.7701500505649257,1.0422898580825877,1.042289858082588,0.7342992302297285,0.7342992302297496,0.16920000000000002,1.1,True
weak,0.3,1.05,critical,0.5779489596841582,1.1,active,hold schedule,grid voltage holds,crossing,0.30000000000000004,0.26787585643478107,0.21855376573849272,0.8929195214492701,0.7285125524616423,0.26787585643478207,0.9999999999999962,0.5779489596841582,0.5779489596842177,1.0248195460864562,1.0248195460864575,2.3981384679564295,2.3981384679565565,0.21010000000000006,1.1,True
weak,0.3,1.05,critical,0.5779489596841582,1.1,active,hold schedule,grid voltage falls 5%,crossing,0.30000000000000004,0.21702915298115333,0.16914893893473315,0.7234305099371776,0.5638297964491105,0.21702915298115275,1.0000000000000027,0.5779489596841582,0.5779489596842395,0.9854174210624622,0.9854174210624698,6.150721803574312,6.150721803575031,0.20530000000000004,1.1,True
weak,0.3,1.05,critical,0.5779489596841582,1.1,active,voltage droop,grid voltage holds,crossing,0.30000000000000004,0.24770611819679111,0.20359600344182238,0.8256870606559703,0.6786533448060745,0.24770611819679098,1.0000000000000007,0.5779489596841582,0.6542727969980391,1.0469237815758823,1.0469237815758825,0.29297318324928934,0.2929731832493105,0.1965,1.1,True
weak,0.3,1.05,critical,0.5779489596841582,1.1,active,voltage droop,grid voltage falls 5%,crossing,0.30000000000000004,0.1493376001400416,0.11861565532729257,0.4977920004668053,0.39538551775764186,0.14933760014004213,0.9999999999999964,0.5779489596841582,0.7701500505649257,1.0422898580825877,1.042289858082588,0.7342992302297285,0.7342992302297496,0.16920000000000002,1.1,True
