voltage,i_short,available,bound,limit,reactive,difference,predicted,observed
0.9,1.0,0.0,100.0,90.0,0.0,-10.0,optimistic,optimistic
0.9,1.0,0.0,100.0,90.0,22.5,-12.857874710333121,optimistic,optimistic
0.9,1.0,0.0,100.0,90.0,45.0,-22.05771365940052,optimistic,optimistic
0.9,1.0,0.0,100.0,90.0,67.5,-40.47059550104671,optimistic,optimistic
0.9,1.0,0.0,100.0,90.0,85.5,-71.8975090072072,optimistic,optimistic
0.9,1.0,0.0,90.0,90.0,0.0,0.0,exact,exact
0.9,1.0,0.0,90.0,90.0,22.5,-2.857874710333121,optimistic,optimistic
0.9,1.0,0.0,90.0,90.0,45.0,-12.05771365940052,optimistic,optimistic
0.9,1.0,0.0,90.0,90.0,67.5,-30.47059550104671,optimistic,optimistic
0.9,1.0,0.0,90.0,90.0,85.5,-61.897509007207205,optimistic,optimistic
0.9,1.0,0.5,100.0,90.0,0.0,-10.0,optimistic,optimistic
0.9,1.0,0.5,100.0,90.0,22.5,-12.857874710333121,optimistic,optimistic
0.9,1.0,0.5,100.0,90.0,45.0,-22.05771365940052,optimistic,optimistic
0.9,1.0,0.5,100.0,90.0,67.5,-40.47059550104671,optimistic,optimistic
0.9,1.0,0.5,100.0,90.0,85.5,-71.8975090072072,optimistic,optimistic
0.9,1.0,0.5,90.0,90.0,0.0,0.0,exact,exact
0.9,1.0,0.5,90.0,90.0,22.5,-2.857874710333121,optimistic,optimistic
0.9,1.0,0.5,90.0,90.0,45.0,-12.05771365940052,optimistic,optimistic
0.9,1.0,0.5,90.0,90.0,67.5,-30.47059550104671,optimistic,optimistic
0.9,1.0,0.5,90.0,90.0,85.5,-61.897509007207205,optimistic,optimistic
0.9,1.0,1.0,100.0,90.0,0.0,-10.0,optimistic,optimistic
0.9,1.0,1.0,100.0,90.0,22.5,-12.857874710333121,optimistic,optimistic
0.9,1.0,1.0,100.0,90.0,45.0,-22.05771365940052,optimistic,optimistic
0.9,1.0,1.0,100.0,90.0,67.5,-40.47059550104671,optimistic,optimistic
0.9,1.0,1.0,100.0,90.0,85.5,-71.8975090072072,optimistic,optimistic
0.9,1.0,1.0,90.0,90.0,0.0,0.0,exact,exact
0.9,1.0,1.0,90.0,90.0,22.5,-2.857874710333121,optimistic,optimistic
0.9,1.0,1.0,90.0,90.0,45.0,-12.05771365940052,optimistic,optimistic
0.9,1.0,1.0,90.0,90.0,67.5,-30.47059550104671,optimistic,optimistic
0.9,1.0,1.0,90.0,90.0,85.5,-61.897509007207205,optimistic,optimistic
0.9,1.1,0.0,100.0,90.0,0.0,-10.0,optimistic,optimistic
0.9,1.1,0.0,100.0,90.0,22.5,-12.857874710333121,optimistic,optimistic
0.9,1.1,0.0,100.0,90.0,45.0,-22.05771365940052,optimistic,optimistic
0.9,1.1,0.0,100.0,90.0,67.5,-40.47059550104671,optimistic,optimistic
0.9,1.1,0.0,100.0,90.0,85.5,-71.8975090072072,optimistic,optimistic
0.9,1.1,0.0,90.0,90.0,0.0,0.0,exact,exact
0.9,1.1,0.0,90.0,90.0,22.5,-2.857874710333121,optimistic,optimistic
0.9,1.1,0.0,90.0,90.0,45.0,-12.05771365940052,optimistic,optimistic
0.9,1.1,0.0,90.0,90.0,67.5,-30.47059550104671,optimistic,optimistic
0.9,1.1,0.0,90.0,90.0,85.5,-61.897509007207205,optimistic,optimistic
0.9,1.1,0.5,100.0,94.5,0.0,-5.5,optimistic,optimistic
0.9,1.1,0.5,100.0,94.5,23.625,-8.500768445849772,optimistic,optimistic
0.9,1.1,0.5,100.0,94.5,47.25,-18.160599342370546,optimistic,optimistic
0.9,1.1,0.5,100.0,94.5,70.875,-37.49412527609905,optimistic,optimistic
0.9,1.1,0.5,100.0,94.5,89.77499999999999,-70.49238445756754,optimistic,optimistic
0.9,1.1,0.5,90.0,94.5,0.0,4.5,conservative,conservative
0.9,1.1,0.5,90.0,94.5,14.40702953422391,3.3953291123276728,conservative,conservative
0.9,1.1,0.5,90.0,94.5,23.625,1.499231554150228,conservative,conservative
0.9,1.1,0.5,90.0,94.5,28.81405906844782,0.0,exact,exact
0.9,1.1,0.5,90.0,94.5,30.25476202187021,-0.4740296059294309,optimistic,optimistic
0.9,1.1,0.5,90.0,94.5,47.25,-8.160599342370546,optimistic,optimistic
0.9,1.1,0.5,90.0,94.5,70.875,-27.494125276099048,optimistic,optimistic
0.9,1.1,0.5,90.0,94.5,89.77499999999999,-60.49238445756754,optimistic,optimistic
0.9,1.1,1.0,100.0,99.00000000000001,0.0,-0.9999999999999858,optimistic,optimistic
0.9,1.1,1.0,100.0,99.00000000000001,24.750000000000004,-4.143662181366409,optimistic,optimistic
0.9,1.1,1.0,100.0,99.00000000000001,49.50000000000001,-14.263485025340557,optimistic,optimistic
0.9,1.1,1.0,100.0,99.00000000000001,74.25000000000001,-34.517655051151365,optimistic,optimistic
0.9,1.1,1.0,100.0,99.00000000000001,94.05000000000001,-69.0872599079279,optimistic,optimistic
0.9,1.1,1.0,90.0,99.00000000000001,0.0,9.000000000000014,conservative,conservative
0.9,1.1,1.0,90.0,99.00000000000001,20.621590627301302,6.828456561075086,conservative,conservative
0.9,1.1,1.0,90.0,99.00000000000001,24.750000000000004,5.856337818633591,conservative,conservative
0.9,1.1,1.0,90.0,99.00000000000001,41.243181254602604,0.0,exact,exact
0.9,1.1,1.0,90.0,99.00000000000001,43.305340317332735,-0.9738942781388431,optimistic,optimistic
0.9,1.1,1.0,90.0,99.00000000000001,49.50000000000001,-4.263485025340557,optimistic,optimistic
0.9,1.1,1.0,90.0,99.00000000000001,74.25000000000001,-24.517655051151365,optimistic,optimistic
0.9,1.1,1.0,90.0,99.00000000000001,94.05000000000001,-59.0872599079279,optimistic,optimistic
0.9,1.2,0.0,100.0,90.0,0.0,-10.0,optimistic,optimistic
0.9,1.2,0.0,100.0,90.0,22.5,-12.857874710333121,optimistic,optimistic
0.9,1.2,0.0,100.0,90.0,45.0,-22.05771365940052,optimistic,optimistic
0.9,1.2,0.0,100.0,90.0,67.5,-40.47059550104671,optimistic,optimistic
0.9,1.2,0.0,100.0,90.0,85.5,-71.8975090072072,optimistic,optimistic
0.9,1.2,0.0,90.0,90.0,0.0,0.0,exact,exact
0.9,1.2,0.0,90.0,90.0,22.5,-2.857874710333121,optimistic,optimistic
0.9,1.2,0.0,90.0,90.0,45.0,-12.05771365940052,optimistic,optimistic
0.9,1.2,0.0,90.0,90.0,67.5,-30.47059550104671,optimistic,optimistic
0.9,1.2,0.0,90.0,90.0,85.5,-61.897509007207205,optimistic,optimistic
0.9,1.2,0.5,100.0,99.00000000000001,0.0,-0.9999999999999858,optimistic,optimistic
0.9,1.2,0.5,100.0,99.00000000000001,24.750000000000004,-4.143662181366409,optimistic,optimistic
0.9,1.2,0.5,100.0,99.00000000000001,49.50000000000001,-14.263485025340557,optimistic,optimistic
0.9,1.2,0.5,100.0,99.00000000000001,74.25000000000001,-34.517655051151365,optimistic,optimistic
0.9,1.2,0.5,100.0,99.00000000000001,94.05000000000001,-69.0872599079279,optimistic,optimistic
0.9,1.2,0.5,90.0,99.00000000000001,0.0,9.000000000000014,conservative,conservative
0.9,1.2,0.5,90.0,99.00000000000001,20.621590627301302,6.828456561075086,conservative,conservative
0.9,1.2,0.5,90.0,99.00000000000001,24.750000000000004,5.856337818633591,conservative,conservative
0.9,1.2,0.5,90.0,99.00000000000001,41.243181254602604,0.0,exact,exact
0.9,1.2,0.5,90.0,99.00000000000001,43.305340317332735,-0.9738942781388431,optimistic,optimistic
0.9,1.2,0.5,90.0,99.00000000000001,49.50000000000001,-4.263485025340557,optimistic,optimistic
0.9,1.2,0.5,90.0,99.00000000000001,74.25000000000001,-24.517655051151365,optimistic,optimistic
0.9,1.2,0.5,90.0,99.00000000000001,94.05000000000001,-59.0872599079279,optimistic,optimistic
0.9,1.2,1.0,100.0,108.0,0.0,8.0,conservative,conservative
0.9,1.2,1.0,100.0,108.0,20.396078054371138,6.056588668502812,conservative,conservative
0.9,1.2,1.0,100.0,108.0,27.0,4.5705503476002605,conservative,conservative
0.9,1.2,1.0,100.0,108.0,40.792156108742276,0.0,exact,exact
0.9,1.2,1.0,100.0,108.0,42.83176391417939,-0.856467684472733,optimistic,optimistic
0.9,1.2,1.0,100.0,108.0,54.0,-6.469256391280624,optimistic,optimistic
0.9,1.2,1.0,100.0,108.0,81.0,-28.564714601256057,optimistic,optimistic
0.9,1.2,1.0,100.0,108.0,102.6,-66.27701080864863,optimistic,optimistic
0.9,1.2,1.0,90.0,108.0,0.0,18.0,conservative,conservative
0.9,1.2,1.0,90.0,108.0,27.0,14.57055034760026,conservative,conservative
0.9,1.2,1.0,90.0,108.0,29.8496231131986,13.793063352037166,conservative,conservative
0.9,1.2,1.0,90.0,108.0,54.0,3.5307436087193764,conservative,conservative
0.9,1.2,1.0,90.0,108.0,59.6992462263972,0.0,exact,exact
0.9,1.2,1.0,90.0,108.0,62.68420853771706,-2.0529136355274176,optimistic,optimistic
0.9,1.2,1.0,90.0,108.0,81.0,-18.564714601256057,optimistic,optimistic
0.9,1.2,1.0,90.0,108.0,102.6,-56.277010808648626,optimistic,optimistic
0.9,1.35,0.0,100.0,90.0,0.0,-10.0,optimistic,optimistic
0.9,1.35,0.0,100.0,90.0,22.5,-12.857874710333121,optimistic,optimistic
0.9,1.35,0.0,100.0,90.0,45.0,-22.05771365940052,optimistic,optimistic
0.9,1.35,0.0,100.0,90.0,67.5,-40.47059550104671,optimistic,optimistic
0.9,1.35,0.0,100.0,90.0,85.5,-71.8975090072072,optimistic,optimistic
0.9,1.35,0.0,90.0,90.0,0.0,0.0,exact,exact
0.9,1.35,0.0,90.0,90.0,22.5,-2.857874710333121,optimistic,optimistic
0.9,1.35,0.0,90.0,90.0,45.0,-12.05771365940052,optimistic,optimistic
0.9,1.35,0.0,90.0,90.0,67.5,-30.47059550104671,optimistic,optimistic
0.9,1.35,0.0,90.0,90.0,85.5,-61.897509007207205,optimistic,optimistic
0.9,1.35,0.5,100.0,105.75000000000001,0.0,5.750000000000014,conservative,conservative
0.9,1.35,0.5,100.0,105.75000000000001,17.197837800142228,4.342210418411227,conservative,conservative
0.9,1.35,0.5,100.0,105.75000000000001,26.437500000000004,2.3919972153586,conservative,conservative
0.9,1.35,0.5,100.0,105.75000000000001,34.395675600284456,0.0,exact,exact
0.9,1.35,0.5,100.0,105.75000000000001,36.11545938029868,-0.608168878171881,optimistic,optimistic
0.9,1.35,0.5,100.0,105.75000000000001,52.87500000000001,-8.417813549795596,optimistic,optimistic
0.9,1.35,0.5,100.0,105.75000000000001,79.31250000000001,-30.052949713729873,optimistic,optimistic
0.9,1.35,0.5,100.0,105.75000000000001,100.4625,-66.97957308346844,optimistic,optimistic
0.9,1.35,0.5,90.0,105.75000000000001,0.0,15.750000000000014,conservative,conservative
0.9,1.35,0.5,90.0,105.75000000000001,26.437500000000004,12.3919972153586,conservative,conservative
0.9,1.35,0.5,90.0,105.75000000000001,27.762666028319416,12.040662850649909,conservative,conservative
0.9,1.35,0.5,90.0,105.75000000000001,52.87500000000001,1.5821864502044036,conservative,conservative
0.9,1.35,0.5,90.0,105.75000000000001,55.52533205663883,0.0,exact,exact
0.9,1.35,0.5,90.0,105.75000000000001,58.30159865947078,-1.7730988090933835,optimistic,optimistic
0.9,1.35,0.5,90.0,105.75000000000001,79.31250000000001,-20.052949713729873,optimistic,optimistic
0.9,1.35,0.5,90.0,105.75000000000001,100.4625,-56.97957308346843,optimistic,optimistic
0.9,1.35,1.0,100.0,121.50000000000001,0.0,21.500000000000014,conservative,conservative
0.9,1.35,1.0,100.0,121.50000000000001,30.375000000000004,17.641869141050307,conservative,conservative
0.9,1.35,1.0,100.0,121.50000000000001,34.50452868827512,16.497585811895704,conservative,conservative
0.9,1.35,1.0,100.0,121.50000000000001,60.75000000000001,5.222086559809313,conservative,conservative
0.9,1.35,1.0,100.0,121.50000000000001,69.00905737655025,0.0,exact,exact
0.9,1.35,1.0,100.0,121.50000000000001,72.45951024537776,-2.471186949701888,optimistic,optimistic
0.9,1.35,1.0,100.0,121.50000000000001,91.12500000000001,-19.635303926413044,optimistic,optimistic
0.9,1.35,1.0,100.0,121.50000000000001,115.42500000000001,-62.06163715972972,optimistic,optimistic
0.9,1.35,1.0,90.0,121.50000000000001,0.0,31.500000000000014,conservative,conservative
0.9,1.35,1.0,90.0,121.50000000000001,30.375000000000004,27.641869141050307,conservative,conservative
0.9,1.35,1.0,90.0,121.50000000000001,40.811303581238384,24.440759784265694,conservative,conservative
0.9,1.35,1.0,90.0,121.50000000000001,60.75000000000001,15.222086559809313,conservative,conservative
0.9,1.35,1.0,90.0,121.50000000000001,81.62260716247677,0.0,exact,exact
0.9,1.35,1.0,90.0,121.50000000000001,85.70373752060061,-3.877300466137271,optimistic,optimistic
0.9,1.35,1.0,90.0,121.50000000000001,91.12500000000001,-9.635303926413044,optimistic,optimistic
0.9,1.35,1.0,90.0,121.50000000000001,115.42500000000001,-52.06163715972972,optimistic,optimistic
0.9,1.5,0.0,100.0,90.0,0.0,-10.0,optimistic,optimistic
0.9,1.5,0.0,100.0,90.0,22.5,-12.857874710333121,optimistic,optimistic
0.9,1.5,0.0,100.0,90.0,45.0,-22.05771365940052,optimistic,optimistic
0.9,1.5,0.0,100.0,90.0,67.5,-40.47059550104671,optimistic,optimistic
0.9,1.5,0.0,100.0,90.0,85.5,-71.8975090072072,optimistic,optimistic
0.9,1.5,0.0,90.0,90.0,0.0,0.0,exact,exact
0.9,1.5,0.0,90.0,90.0,22.5,-2.857874710333121,optimistic,optimistic
0.9,1.5,0.0,90.0,90.0,45.0,-12.05771365940052,optimistic,optimistic
0.9,1.5,0.0,90.0,90.0,67.5,-30.47059550104671,optimistic,optimistic
0.9,1.5,0.0,90.0,90.0,85.5,-61.897509007207205,optimistic,optimistic
0.9,1.5,0.5,100.0,112.5,0.0,12.5,conservative,conservative
0.9,1.5,0.5,100.0,112.5,25.76941016011038,9.508846674595205,conservative,conservative
0.9,1.5,0.5,100.0,112.5,28.125,8.927656612083595,conservative,conservative
0.9,1.5,0.5,100.0,112.5,51.53882032022076,0.0,exact,exact
0.9,1.5,0.5,100.0,112.5,54.1157613362318,-1.3707225262194243,optimistic,optimistic
0.9,1.5,0.5,100.0,112.5,56.25,-2.5721420742506496,optimistic,optimistic
0.9,1.5,0.5,100.0,112.5,84.375,-25.588244376308396,optimistic,optimistic
0.9,1.5,0.5,100.0,112.5,106.875,-64.87188625900902,optimistic,optimistic
0.9,1.5,0.5,90.0,112.5,0.0,22.5,conservative,conservative
0.9,1.5,0.5,90.0,112.5,28.125,18.927656612083595,conservative,conservative
0.9,1.5,0.5,90.0,112.5,33.75,17.31816015940639,conservative,conservative
0.9,1.5,0.5,90.0,112.5,56.25,7.42785792574935,conservative,conservative
0.9,1.5,0.5,90.0,112.5,67.5,0.0,exact,exact
0.9,1.5,0.5,90.0,112.5,70.875,-2.633047580907345,optimistic,optimistic
0.9,1.5,0.5,90.0,112.5,84.375,-15.588244376308396,optimistic,optimistic
0.9,1.5,0.5,90.0,112.5,106.875,-54.87188625900901,optimistic,optimistic
0.9,1.5,1.0,100.0,135.0,0.0,35.0,conservative,conservative
0.9,1.5,1.0,100.0,135.0,33.75,30.713187934500326,conservative,conservative
0.9,1.5,1.0,100.0,135.0,45.34589286804263,27.1563997602952,conservative,conservative
0.9,1.5,1.0,100.0,135.0,67.5,16.91342951089922,conservative,conservative
0.9,1.5,1.0,100.0,135.0,90.69178573608527,1.4210854715202004e-14,exact,exact
0.9,1.5,1.0,100.0,135.0,95.22637502288953,-4.308111629041406,optimistic,optimistic
0.9,1.5,1.0,100.0,135.0,101.25,-10.705893251570075,optimistic,optimistic
0.9,1.5,1.0,100.0,135.0,128.25,-57.846263510810815,optimistic,optimistic
0.9,1.5,1.0,90.0,135.0,0.0,45.0,conservative,conservative
0.9,1.5,1.0,90.0,135.0,33.75,40.713187934500326,conservative,conservative
0.9,1.5,1.0,90.0,135.0,50.31152949374527,35.274698163675495,conservative,conservative
0.9,1.5,1.0,90.0,135.0,67.5,26.91342951089922,conservative,conservative
0.9,1.5,1.0,90.0,135.0,100.62305898749054,0.0,exact,exact
0.9,1.5,1.0,90.0,135.0,101.25,-0.7058932515700747,optimistic,optimistic
0.9,1.5,1.0,90.0,135.0,105.65421193686507,-5.963177713576059,optimistic,optimistic
0.9,1.5,1.0,90.0,135.0,128.25,-47.846263510810815,optimistic,optimistic
0.9,1.8,0.0,100.0,90.0,0.0,-10.0,optimistic,optimistic
0.9,1.8,0.0,100.0,90.0,22.5,-12.857874710333121,optimistic,optimistic
0.9,1.8,0.0,100.0,90.0,45.0,-22.05771365940052,optimistic,optimistic
0.9,1.8,0.0,100.0,90.0,67.5,-40.47059550104671,optimistic,optimistic
0.9,1.8,0.0,100.0,90.0,85.5,-71.8975090072072,optimistic,optimistic
0.9,1.8,0.0,90.0,90.0,0.0,0.0,exact,exact
0.9,1.8,0.0,90.0,90.0,22.5,-2.857874710333121,optimistic,optimistic
0.9,1.8,0.0,90.0,90.0,45.0,-12.05771365940052,optimistic,optimistic
0.9,1.8,0.0,90.0,90.0,67.5,-30.47059550104671,optimistic,optimistic
0.9,1.8,0.0,90.0,90.0,85.5,-61.897509007207205,optimistic,optimistic
0.9,1.8,0.5,100.0,126.0,0.0,26.0,conservative,conservative
0.9,1.8,0.5,100.0,126.0,31.5,21.998975405533628,conservative,conservative
0.9,1.8,0.5,100.0,126.0,38.3275357934736,20.029163122967745,conservative,conservative
0.9,1.8,0.5,100.0,126.0,63.0,9.119200876839272,conservative,conservative
0.9,1.8,0.5,100.0,126.0,76.6550715869472,0.0,exact,exact
0.9,1.8,0.5,100.0,126.0,80.48782516629457,-3.0582133442961634,optimistic,optimistic
0.9,1.8,0.5,100.0,126.0,94.5,-16.658833701465397,optimistic,optimistic
0.9,1.8,0.5,100.0,126.0,119.69999999999999,-60.65651261009005,optimistic,optimistic
0.9,1.8,0.5,90.0,126.0,0.0,36.0,conservative,conservative
0.9,1.8,0.5,90.0,126.0,31.5,31.998975405533628,conservative,conservative
0.9,1.8,0.5,90.0,126.0,44.090815370097204,28.033893437436006,conservative,conservative
0.9,1.8,0.5,90.0,126.0,63.0,19.119200876839272,conservative,conservative
0.9,1.8,0.5,90.0,126.0,88.18163074019441,0.0,exact,exact
0.9,1.8,0.5,90.0,126.0,92.59071227720413,-4.5426422126216295,optimistic,optimistic
0.9,1.8,0.5,90.0,126.0,94.5,-6.658833701465397,optimistic,optimistic
0.9,1.8,0.5,90.0,126.0,119.69999999999999,-50.65651261009005,optimistic,optimistic
0.9,1.8,1.0,100.0,162.0,0.0,62.0,conservative,conservative
0.9,1.8,1.0,100.0,162.0,40.5,56.85582552140039,conservative,conservative
0.9,1.8,1.0,100.0,162.0,63.72597586541927,48.93958506723456,conservative,conservative
0.9,1.8,1.0,100.0,162.0,81.0,40.296115413079065,conservative,conservative
0.9,1.8,1.0,100.0,162.0,121.5,7.152928098115922,conservative,conservative
0.9,1.8,1.0,100.0,162.0,127.45195173083854,1.4210854715202004e-14,exact,exact
0.9,1.8,1.0,100.0,162.0,133.82454931738047,-8.703833596366152,optimistic,optimistic
0.9,1.8,1.0,100.0,162.0,153.9,-49.415516212973,optimistic,optimistic
0.9,1.8,1.0,90.0,162.0,0.0,72.0,conservative,conservative
0.9,1.8,1.0,90.0,162.0,40.5,66.85582552140039,conservative,conservative
0.9,1.8,1.0,90.0,162.0,67.34983296193094,57.336349893704096,conservative,conservative
0.9,1.8,1.0,90.0,162.0,81.0,50.296115413079065,conservative,conservative
0.9,1.8,1.0,90.0,162.0,121.5,17.152928098115922,conservative,conservative
0.9,1.8,1.0,90.0,162.0,134.6996659238619,0.0,exact,exact
0.9,1.8,1.0,90.0,162.0,141.43464922005498,-11.004810273029904,optimistic,optimistic
0.9,1.8,1.0,90.0,162.0,153.9,-39.415516212973,optimistic,optimistic
0.95,1.0,0.0,100.0,95.0,0.0,-5.0,optimistic,optimistic
0.95,1.0,0.0,100.0,95.0,23.75,-8.016645527573843,optimistic,optimistic
0.95,1.0,0.0,100.0,95.0,47.5,-17.72758664047832,optimistic,optimistic
0.95,1.0,0.0,100.0,95.0,71.25,-37.16340636221597,optimistic,optimistic
0.95,1.0,0.0,100.0,95.0,90.25,-70.33625950760761,optimistic,optimistic
0.95,1.0,0.0,90.0,95.0,0.0,5.0,conservative,conservative
0.95,1.0,0.0,90.0,95.0,15.20690632574555,3.774996667555257,conservative,conservative
0.95,1.0,0.0,90.0,95.0,23.75,1.9833544724261571,conservative,conservative
0.95,1.0,0.0,90.0,95.0,30.4138126514911,0.0,exact,exact
0.95,1.0,0.0,90.0,95.0,31.934503284065656,-0.528286592912508,optimistic,optimistic
0.95,1.0,0.0,90.0,95.0,47.5,-7.7275866404783216,optimistic,optimistic
0.95,1.0,0.0,90.0,95.0,71.25,-27.163406362215973,optimistic,optimistic
0.95,1.0,0.0,90.0,95.0,90.25,-60.33625950760761,optimistic,optimistic
0.95,1.0,0.5,100.0,95.0,0.0,-5.0,optimistic,optimistic
0.95,1.0,0.5,100.0,95.0,23.75,-8.016645527573843,optimistic,optimistic
0.95,1.0,0.5,100.0,95.0,47.5,-17.72758664047832,optimistic,optimistic
0.95,1.0,0.5,100.0,95.0,71.25,-37.16340636221597,optimistic,optimistic
0.95,1.0,0.5,100.0,95.0,90.25,-70.33625950760761,optimistic,optimistic
0.95,1.0,0.5,90.0,95.0,0.0,5.0,conservative,conservative
0.95,1.0,0.5,90.0,95.0,15.20690632574555,3.774996667555257,conservative,conservative
0.95,1.0,0.5,90.0,95.0,23.75,1.9833544724261571,conservative,conservative
0.95,1.0,0.5,90.0,95.0,30.4138126514911,0.0,exact,exact
0.95,1.0,0.5,90.0,95.0,31.934503284065656,-0.528286592912508,optimistic,optimistic
0.95,1.0,0.5,90.0,95.0,47.5,-7.7275866404783216,optimistic,optimistic
0.95,1.0,0.5,90.0,95.0,71.25,-27.163406362215973,optimistic,optimistic
0.95,1.0,0.5,90.0,95.0,90.25,-60.33625950760761,optimistic,optimistic
0.95,1.0,1.0,100.0,95.0,0.0,-5.0,optimistic,optimistic
0.95,1.0,1.0,100.0,95.0,23.75,-8.016645527573843,optimistic,optimistic
0.95,1.0,1.0,100.0,95.0,47.5,-17.72758664047832,optimistic,optimistic
0.95,1.0,1.0,100.0,95.0,71.25,-37.16340636221597,optimistic,optimistic
0.95,1.0,1.0,100.0,95.0,90.25,-70.33625950760761,optimistic,optimistic
0.95,1.0,1.0,90.0,95.0,0.0,5.0,conservative,conservative
0.95,1.0,1.0,90.0,95.0,15.20690632574555,3.774996667555257,conservative,conservative
0.95,1.0,1.0,90.0,95.0,23.75,1.9833544724261571,conservative,conservative
0.95,1.0,1.0,90.0,95.0,30.4138126514911,0.0,exact,exact
0.95,1.0,1.0,90.0,95.0,31.934503284065656,-0.528286592912508,optimistic,optimistic
0.95,1.0,1.0,90.0,95.0,47.5,-7.7275866404783216,optimistic,optimistic
0.95,1.0,1.0,90.0,95.0,71.25,-27.163406362215973,optimistic,optimistic
0.95,1.0,1.0,90.0,95.0,90.25,-60.33625950760761,optimistic,optimistic
0.95,1.1,0.0,100.0,95.0,0.0,-5.0,optimistic,optimistic
0.95,1.1,0.0,100.0,95.0,23.75,-8.016645527573843,optimistic,optimistic
0.95,1.1,0.0,100.0,95.0,47.5,-17.72758664047832,optimistic,optimistic
0.95,1.1,0.0,100.0,95.0,71.25,-37.16340636221597,optimistic,optimistic
0.95,1.1,0.0,100.0,95.0,90.25,-70.33625950760761,optimistic,optimistic
0.95,1.1,0.0,90.0,95.0,0.0,5.0,conservative,conservative
0.95,1.1,0.0,90.0,95.0,15.20690632574555,3.774996667555257,conservative,conservative
0.95,1.1,0.0,90.0,95.0,23.75,1.9833544724261571,conservative,conservative
0.95,1.1,0.0,90.0,95.0,30.4138126514911,0.0,exact,exact
0.95,1.1,0.0,90.0,95.0,31.934503284065656,-0.528286592912508,optimistic,optimistic
0.95,1.1,0.0,90.0,95.0,47.5,-7.7275866404783216,optimistic,optimistic
0.95,1.1,0.0,90.0,95.0,71.25,-27.163406362215973,optimistic,optimistic
0.95,1.1,0.0,90.0,95.0,90.25,-60.33625950760761,optimistic,optimistic
0.95,1.1,0.5,100.0,99.75,0.0,-0.25,optimistic,optimistic
0.95,1.1,0.5,100.0,99.75,24.9375,-3.4174778039525364,optimistic,optimistic
0.95,1.1,0.5,100.0,99.75,49.875,-13.613965972502243,optimistic,optimistic
0.95,1.1,0.5,100.0,99.75,74.8125,-34.021576680326774,optimistic,optimistic
0.95,1.1,0.5,100.0,99.75,94.76249999999999,-68.85307248298795,optimistic,optimistic
0.95,1.1,0.5,90.0,99.75,0.0,9.75,conservative,conservative
0.95,1.1,0.5,90.0,99.75,21.5061764384095,7.404039315625923,conservative,conservative
0.95,1.1,0.5,90.0,99.75,24.9375,6.582522196047464,conservative,conservative
0.95,1.1,0.5,90.0,99.75,43.012352876819,0.0,exact,exact
0.95,1.1,0.5,90.0,99.75,45.162970520659954,-1.0597470559589652,optimistic,optimistic
0.95,1.1,0.5,90.0,99.75,49.875,-3.6139659725022426,optimistic,optimistic
0.95,1.1,0.5,90.0,99.75,74.8125,-24.021576680326774,optimistic,optimistic
0.95,1.1,0.5,90.0,99.75,94.76249999999999,-58.853072482987955,optimistic,optimistic
0.95,1.1,1.0,100.0,104.5,0.0,4.5,conservative,conservative
0.95,1.1,1.0,100.0,104.5,15.167811312117513,3.3933629397941587,conservative,conservative
0.95,1.1,1.0,100.0,104.5,26.125,1.18168991966877,conservative,conservative
0.95,1.1,1.0,100.0,104.5,30.335622624235025,0.0,exact,exact
0.95,1.1,1.0,100.0,104.5,31.85240375544678,-0.472745566854897,optimistic,optimistic
0.95,1.1,1.0,100.0,104.5,52.25,-9.500345304526164,optimistic,optimistic
0.95,1.1,1.0,100.0,104.5,78.375,-30.879746998437568,optimistic,optimistic
0.95,1.1,1.0,100.0,104.5,99.27499999999999,-67.36988545836834,optimistic,optimistic
0.95,1.1,1.0,90.0,104.5,0.0,14.5,conservative,conservative
0.95,1.1,1.0,90.0,104.5,26.125,11.18168991966877,conservative,conservative
0.95,1.1,1.0,90.0,104.5,26.553013011709236,11.070210744808477,conservative,conservative
0.95,1.1,1.0,90.0,104.5,52.25,0.49965469547383634,conservative,conservative
0.95,1.1,1.0,90.0,104.5,53.10602602341847,0.0,exact,exact
0.95,1.1,1.0,90.0,104.5,55.761327324589395,-1.6205658821012747,optimistic,optimistic
0.95,1.1,1.0,90.0,104.5,78.375,-20.879746998437568,optimistic,optimistic
0.95,1.1,1.0,90.0,104.5,99.27499999999999,-57.369885458368344,optimistic,optimistic
0.95,1.2,0.0,100.0,95.0,0.0,-5.0,optimistic,optimistic
0.95,1.2,0.0,100.0,95.0,23.75,-8.016645527573843,optimistic,optimistic
0.95,1.2,0.0,100.0,95.0,47.5,-17.72758664047832,optimistic,optimistic
0.95,1.2,0.0,100.0,95.0,71.25,-37.16340636221597,optimistic,optimistic
0.95,1.2,0.0,100.0,95.0,90.25,-70.33625950760761,optimistic,optimistic
0.95,1.2,0.0,90.0,95.0,0.0,5.0,conservative,conservative
0.95,1.2,0.0,90.0,95.0,15.20690632574555,3.774996667555257,conservative,conservative
0.95,1.2,0.0,90.0,95.0,23.75,1.9833544724261571,conservative,conservative
0.95,1.2,0.0,90.0,95.0,30.4138126514911,0.0,exact,exact
0.95,1.2,0.0,90.0,95.0,31.934503284065656,-0.528286592912508,optimistic,optimistic
0.95,1.2,0.0,90.0,95.0,47.5,-7.7275866404783216,optimistic,optimistic
0.95,1.2,0.0,90.0,95.0,71.25,-27.163406362215973,optimistic,optimistic
0.95,1.2,0.0,90.0,95.0,90.25,-60.33625950760761,optimistic,optimistic
0.95,1.2,0.5,100.0,104.5,0.0,4.5,conservative,conservative
0.95,1.2,0.5,100.0,104.5,15.167811312117513,3.3933629397941587,conservative,conservative
0.95,1.2,0.5,100.0,104.5,26.125,1.18168991966877,conservative,conservative
0.95,1.2,0.5,100.0,104.5,30.335622624235025,0.0,exact,exact
0.95,1.2,0.5,100.0,104.5,31.85240375544678,-0.472745566854897,optimistic,optimistic
0.95,1.2,0.5,100.0,104.5,52.25,-9.500345304526164,optimistic,optimistic
0.95,1.2,0.5,100.0,104.5,78.375,-30.879746998437568,optimistic,optimistic
0.95,1.2,0.5,100.0,104.5,99.27499999999999,-67.36988545836834,optimistic,optimistic
0.95,1.2,0.5,90.0,104.5,0.0,14.5,conservative,conservative
0.95,1.2,0.5,90.0,104.5,26.125,11.18168991966877,conservative,conservative
0.95,1.2,0.5,90.0,104.5,26.553013011709236,11.070210744808477,conservative,conservative
0.95,1.2,0.5,90.0,104.5,52.25,0.49965469547383634,conservative,conservative
0.95,1.2,0.5,90.0,104.5,53.10602602341847,0.0,exact,exact
0.95,1.2,0.5,90.0,104.5,55.761327324589395,-1.6205658821012747,optimistic,optimistic
0.95,1.2,0.5,90.0,104.5,78.375,-20.879746998437568,optimistic,optimistic
0.95,1.2,0.5,90.0,104.5,99.27499999999999,-57.369885458368344,optimistic,optimistic
0.95,1.2,1.0,100.0,113.99999999999999,0.0,13.999999999999986,conservative,conservative
0.95,1.2,1.0,100.0,113.99999999999999,27.367864366808,10.666164657495912,conservative,conservative
0.95,1.2,1.0,100.0,113.99999999999999,28.499999999999996,10.380025366911369,conservative,conservative
0.95,1.2,1.0,100.0,113.99999999999999,54.735728733616,0.0,exact,exact
0.95,1.2,1.0,100.0,113.99999999999999,56.99999999999999,-1.2731039685740058,optimistic,optimistic
0.95,1.2,1.0,100.0,113.99999999999999,57.4725151702968,-1.5474225832558517,optimistic,optimistic
0.95,1.2,1.0,100.0,113.99999999999999,85.49999999999999,-24.59608763465917,optimistic,optimistic
0.95,1.2,1.0,100.0,113.99999999999999,108.29999999999998,-64.40351140912912,optimistic,optimistic
0.95,1.2,1.0,90.0,113.99999999999999,0.0,23.999999999999986,conservative,conservative
0.95,1.2,1.0,90.0,113.99999999999999,28.499999999999996,20.38002536691137,conservative,conservative
0.95,1.2,1.0,90.0,113.99999999999999,34.98571136907179,18.498847920150737,conservative,conservative
0.95,1.2,1.0,90.0,113.99999999999999,56.99999999999999,8.726896031425994,conservative,conservative
0.95,1.2,1.0,90.0,113.99999999999999,69.97142273814357,0.0,exact,exact
0.95,1.2,1.0,90.0,113.99999999999999,73.46999387505076,-2.8325748917636133,optimistic,optimistic
0.95,1.2,1.0,90.0,113.99999999999999,85.49999999999999,-14.59608763465917,optimistic,optimistic
0.95,1.2,1.0,90.0,113.99999999999999,108.29999999999998,-54.40351140912912,optimistic,optimistic
0.95,1.35,0.0,100.0,95.0,0.0,-5.0,optimistic,optimistic
0.95,1.35,0.0,100.0,95.0,23.75,-8.016645527573843,optimistic,optimistic
0.95,1.35,0.0,100.0,95.0,47.5,-17.72758664047832,optimistic,optimistic
0.95,1.35,0.0,100.0,95.0,71.25,-37.16340636221597,optimistic,optimistic
0.95,1.35,0.0,100.0,95.0,90.25,-70.33625950760761,optimistic,optimistic
0.95,1.35,0.0,90.0,95.0,0.0,5.0,conservative,conservative
0.95,1.35,0.0,90.0,95.0,15.20690632574555,3.774996667555257,conservative,conservative
0.95,1.35,0.0,90.0,95.0,23.75,1.9833544724261571,conservative,conservative
0.95,1.35,0.0,90.0,95.0,30.4138126514911,0.0,exact,exact
0.95,1.35,0.0,90.0,95.0,31.934503284065656,-0.528286592912508,optimistic,optimistic
0.95,1.35,0.0,90.0,95.0,47.5,-7.7275866404783216,optimistic,optimistic
0.95,1.35,0.0,90.0,95.0,71.25,-27.163406362215973,optimistic,optimistic
0.95,1.35,0.0,90.0,95.0,90.25,-60.33625950760761,optimistic,optimistic
0.95,1.35,0.5,100.0,111.625,0.0,11.625,conservative,conservative
0.95,1.35,0.5,100.0,111.625,24.799902343557726,8.83522163688555,conservative,conservative
0.95,1.35,0.5,100.0,111.625,27.90625,8.080441505100723,conservative,conservative
0.95,1.35,0.5,100.0,111.625,49.59980468711545,0.0,exact,exact
0.95,1.35,0.5,100.0,111.625,52.079794921471226,-1.2688722543011721,optimistic,optimistic
0.95,1.35,0.5,100.0,111.625,55.8125,-3.329914302562031,optimistic,optimistic
0.95,1.35,0.5,100.0,111.625,83.71875,-26.167002475603766,optimistic,optimistic
0.95,1.35,0.5,100.0,111.625,106.04374999999999,-65.1451049214389,optimistic,optimistic
0.95,1.35,0.5,90.0,111.625,0.0,21.625,conservative,conservative
0.95,1.35,0.5,90.0,111.625,27.90625,18.080441505100723,conservative,conservative
0.95,1.35,0.5,90.0,111.625,33.01568046019951,16.63069665321521,conservative,conservative
0.95,1.35,0.5,90.0,111.625,55.8125,6.670085697437969,conservative,conservative
0.95,1.35,0.5,90.0,111.625,66.03136092039902,0.0,exact,exact
0.95,1.35,0.5,90.0,111.625,69.33292896641898,-2.5180842348688515,optimistic,optimistic
0.95,1.35,0.5,90.0,111.625,83.71875,-16.167002475603766,optimistic,optimistic
0.95,1.35,0.5,90.0,111.625,106.04374999999999,-55.14510492143889,optimistic,optimistic
0.95,1.35,1.0,100.0,128.25,0.0,28.25,conservative,conservative
0.95,1.35,1.0,100.0,128.25,32.0625,24.177528537775302,conservative,conservative
0.95,1.35,1.0,100.0,128.25,40.14991438347036,21.80331224970854,conservative,conservative
0.95,1.35,1.0,100.0,128.25,64.125,11.06775803535426,conservative,conservative
0.95,1.35,1.0,100.0,128.25,80.29982876694072,0.0,exact,exact
0.95,1.35,1.0,100.0,128.25,84.31482020528776,-3.361117588467536,optimistic,optimistic
0.95,1.35,1.0,100.0,128.25,96.1875,-15.170598588991567,optimistic,optimistic
0.95,1.35,1.0,100.0,128.25,121.83749999999999,-59.95395033527024,optimistic,optimistic
0.95,1.35,1.0,90.0,128.25,0.0,38.25,conservative,conservative
0.95,1.35,1.0,90.0,128.25,32.0625,34.1775285377753,conservative,conservative
0.95,1.35,1.0,90.0,128.25,45.68386613455564,29.837585402076584,conservative,conservative
0.95,1.35,1.0,90.0,128.25,64.125,21.06775803535426,conservative,conservative
0.95,1.35,1.0,90.0,128.25,91.36773226911129,0.0,exact,exact
0.95,1.35,1.0,90.0,128.25,95.93611888256686,-4.88640770270591,optimistic,optimistic
0.95,1.35,1.0,90.0,128.25,96.1875,-5.170598588991567,optimistic,optimistic
0.95,1.35,1.0,90.0,128.25,121.83749999999999,-49.95395033527024,optimistic,optimistic
0.95,1.5,0.0,100.0,95.0,0.0,-5.0,optimistic,optimistic
0.95,1.5,0.0,100.0,95.0,23.75,-8.016645527573843,optimistic,optimistic
0.95,1.5,0.0,100.0,95.0,47.5,-17.72758664047832,optimistic,optimistic
0.95,1.5,0.0,100.0,95.0,71.25,-37.16340636221597,optimistic,optimistic
0.95,1.5,0.0,100.0,95.0,90.25,-70.33625950760761,optimistic,optimistic
0.95,1.5,0.0,90.0,95.0,0.0,5.0,conservative,conservative
0.95,1.5,0.0,90.0,95.0,15.20690632574555,3.774996667555257,conservative,conservative
0.95,1.5,0.0,90.0,95.0,23.75,1.9833544724261571,conservative,conservative
0.95,1.5,0.0,90.0,95.0,30.4138126514911,0.0,exact,exact
0.95,1.5,0.0,90.0,95.0,31.934503284065656,-0.528286592912508,optimistic,optimistic
0.95,1.5,0.0,90.0,95.0,47.5,-7.7275866404783216,optimistic,optimistic
0.95,1.5,0.0,90.0,95.0,71.25,-27.163406362215973,optimistic,optimistic
0.95,1.5,0.0,90.0,95.0,90.25,-60.33625950760761,optimistic,optimistic
0.95,1.5,0.5,100.0,118.75,0.0,18.75,conservative,conservative
0.95,1.5,0.5,100.0,118.75,29.6875,14.97919309053269,conservative,conservative
0.95,1.5,0.5,100.0,118.75,32.02172114362374,14.351090397074927,conservative,conservative
0.95,1.5,0.5,100.0,118.75,59.375,2.8405166994020874,conservative,conservative
0.95,1.5,0.5,100.0,118.75,64.04344228724749,0.0,exact,exact
0.95,1.5,0.5,100.0,118.75,67.24561440160987,-2.1246208500319455,optimistic,optimistic
0.95,1.5,0.5,100.0,118.75,89.0625,-21.454257952769964,optimistic,optimistic
0.95,1.5,0.5,100.0,118.75,112.8125,-62.92032438450951,optimistic,optimistic
0.95,1.5,0.5,90.0,118.75,0.0,28.75,conservative,conservative
0.95,1.5,0.5,90.0,118.75,29.6875,24.97919309053269,conservative,conservative
0.95,1.5,0.5,90.0,118.75,38.73487608086542,22.254941427983468,conservative,conservative
0.95,1.5,0.5,90.0,118.75,59.375,12.840516699402087,conservative,conservative
0.95,1.5,0.5,90.0,118.75,77.46975216173084,0.0,exact,exact
0.95,1.5,0.5,90.0,118.75,81.34323976981739,-3.485031100103839,optimistic,optimistic
0.95,1.5,0.5,90.0,118.75,89.0625,-11.454257952769964,optimistic,optimistic
0.95,1.5,0.5,90.0,118.75,112.8125,-52.92032438450951,optimistic,optimistic
0.95,1.5,1.0,100.0,142.49999999999997,0.0,42.49999999999997,conservative,conservative
0.95,1.5,1.0,100.0,142.49999999999997,35.62499999999999,37.97503170863919,conservative,conservative
0.95,1.5,1.0,100.0,142.49999999999997,50.75985126061737,33.15287266897397,conservative,conservative
0.95,1.5,1.0,100.0,142.49999999999997,71.24999999999999,23.408620039282482,conservative,conservative
0.95,1.5,1.0,100.0,142.49999999999997,101.51970252123473,-1.4210854715202004e-14,exact,exact
0.95,1.5,1.0,100.0,142.49999999999997,106.59568764729647,-5.4293418918954615,optimistic,optimistic
0.95,1.5,1.0,100.0,142.49999999999997,106.87499999999997,-5.745109543323963,optimistic,optimistic
0.95,1.5,1.0,100.0,142.49999999999997,135.37499999999997,-55.50438926141141,optimistic,optimistic
0.95,1.5,1.0,90.0,142.49999999999997,0.0,52.49999999999997,conservative,conservative
0.95,1.5,1.0,90.0,142.49999999999997,35.62499999999999,47.97503170863919,conservative,conservative
0.95,1.5,1.0,90.0,142.49999999999997,55.240949484960865,41.357099161027435,conservative,conservative
0.95,1.5,1.0,90.0,142.49999999999997,71.24999999999999,33.40862003928248,conservative,conservative
0.95,1.5,1.0,90.0,142.49999999999997,106.87499999999997,4.254890456676037,conservative,conservative
0.95,1.5,1.0,90.0,142.49999999999997,110.48189896992173,0.0,exact,exact
0.95,1.5,1.0,90.0,142.49999999999997,116.00599391841781,-7.242164268270031,optimistic,optimistic
0.95,1.5,1.0,90.0,142.49999999999997,135.37499999999997,-45.50438926141141,optimistic,optimistic
0.95,1.8,0.0,100.0,95.0,0.0,-5.0,optimistic,optimistic
0.95,1.8,0.0,100.0,95.0,23.75,-8.016645527573843,optimistic,optimistic
0.95,1.8,0.0,100.0,95.0,47.5,-17.72758664047832,optimistic,optimistic
0.95,1.8,0.0,100.0,95.0,71.25,-37.16340636221597,optimistic,optimistic
0.95,1.8,0.0,100.0,95.0,90.25,-70.33625950760761,optimistic,optimistic
0.95,1.8,0.0,90.0,95.0,0.0,5.0,conservative,conservative
0.95,1.8,0.0,90.0,95.0,15.20690632574555,3.774996667555257,conservative,conservative
0.95,1.8,0.0,90.0,95.0,23.75,1.9833544724261571,conservative,conservative
0.95,1.8,0.0,90.0,95.0,30.4138126514911,0.0,exact,exact
0.95,1.8,0.0,90.0,95.0,31.934503284065656,-0.528286592912508,optimistic,optimistic
0.95,1.8,0.0,90.0,95.0,47.5,-7.7275866404783216,optimistic,optimistic
0.95,1.8,0.0,90.0,95.0,71.25,-27.163406362215973,optimistic,optimistic
0.95,1.8,0.0,90.0,95.0,90.25,-60.33625950760761,optimistic,optimistic
0.95,1.8,0.5,100.0,132.99999999999997,0.0,32.99999999999997,conservative,conservative
0.95,1.8,0.5,100.0,132.99999999999997,33.24999999999999,28.77669626139658,conservative,conservative
0.95,1.8,0.5,100.0,132.99999999999997,43.84347157787575,25.565719844231353,conservative,conservative
0.95,1.8,0.5,100.0,132.99999999999997,66.49999999999999,15.18137870333031,conservative,conservative
0.95,1.8,0.5,100.0,132.99999999999997,87.6869431557515,0.0,exact,exact
0.95,1.8,0.5,100.0,132.99999999999997,92.07129031353907,-4.021473755844738,optimistic,optimistic
0.95,1.8,0.5,100.0,132.99999999999997,99.74999999999997,-12.028768907102375,optimistic,optimistic
0.95,1.8,0.5,100.0,132.99999999999997,126.34999999999997,-58.47076331065063,optimistic,optimistic
0.95,1.8,0.5,90.0,132.99999999999997,0.0,42.99999999999997,conservative,conservative
0.95,1.8,0.5,90.0,132.99999999999997,33.24999999999999,38.77669626139658,conservative,conservative
0.95,1.8,0.5,90.0,132.99999999999997,48.96171974103849,33.659815623346276,conservative,conservative
0.95,1.8,0.5,90.0,132.99999999999997,66.49999999999999,25.18137870333031,conservative,conservative
0.95,1.8,0.5,90.0,132.99999999999997,97.92343948207699,-1.4210854715202004e-14,exact,exact
0.95,1.8,0.5,90.0,132.99999999999997,99.74999999999997,-2.028768907102375,optimistic,optimistic
0.95,1.8,0.5,90.0,132.99999999999997,102.81961145618084,-5.636930473103348,optimistic,optimistic
0.95,1.8,0.5,90.0,132.99999999999997,126.34999999999997,-48.47076331065063,optimistic,optimistic
0.95,1.8,1.0,100.0,171.0,0.0,71.0,conservative,conservative
0.95,1.8,1.0,100.0,171.0,42.75,65.57003805036706,conservative,conservative
0.95,1.8,1.0,100.0,171.0,69.35596585730747,56.303390878125214,conservative,conservative
0.95,1.8,1.0,100.0,171.0,85.5,48.09034404713901,conservative,conservative
0.95,1.8,1.0,100.0,171.0,128.25,13.105868548011244,conservative,conservative
0.95,1.8,1.0,100.0,171.0,138.71193171461493,1.4210854715202004e-14,exact,exact
0.95,1.8,1.0,100.0,171.0,145.6475283003457,-10.402022902299848,optimistic,optimistic
0.95,1.8,1.0,100.0,171.0,162.45,-46.60526711369365,optimistic,optimistic
0.95,1.8,1.0,90.0,171.0,0.0,81.0,conservative,conservative
0.95,1.8,1.0,90.0,171.0,42.75,75.57003805036706,conservative,conservative
0.95,1.8,1.0,90.0,171.0,72.6997248963158,64.77645169727856,conservative,conservative
0.95,1.8,1.0,90.0,171.0,85.5,58.09034404713901,conservative,conservative
0.95,1.8,1.0,90.0,171.0,128.25,23.105868548011244,conservative,conservative
0.95,1.8,1.0,90.0,171.0,145.3994497926316,1.4210854715202004e-14,exact,exact
0.95,1.8,1.0,90.0,171.0,152.66942228226318,-12.973722016444285,optimistic,optimistic
0.95,1.8,1.0,90.0,171.0,162.45,-36.60526711369365,optimistic,optimistic
0.98,1.0,0.0,100.0,98.0,0.0,-2.0,optimistic,optimistic
0.98,1.0,0.0,100.0,98.0,24.5,-5.111908017918282,optimistic,optimistic
0.98,1.0,0.0,100.0,98.0,49.0,-15.129510429125006,optimistic,optimistic
0.98,1.0,0.0,100.0,98.0,73.5,-35.17909287891753,optimistic,optimistic
0.98,1.0,0.0,100.0,98.0,93.1,-69.39950980784783,optimistic,optimistic
0.98,1.0,0.0,90.0,98.0,0.0,8.0,conservative,conservative
0.98,1.0,0.0,90.0,98.0,19.390719429665317,6.062479668182618,conservative,conservative
0.98,1.0,0.0,90.0,98.0,24.5,4.888091982081718,conservative,conservative
0.98,1.0,0.0,90.0,98.0,38.781438859330635,0.0,exact,exact
0.98,1.0,0.0,90.0,98.0,40.72051080229717,-0.8605586735030073,optimistic,optimistic
0.98,1.0,0.0,90.0,98.0,49.0,-5.1295104291250055,optimistic,optimistic
0.98,1.0,0.0,90.0,98.0,73.5,-25.17909287891753,optimistic,optimistic
0.98,1.0,0.0,90.0,98.0,93.1,-59.39950980784783,optimistic,optimistic
0.98,1.0,0.5,100.0,98.0,0.0,-2.0,optimistic,optimistic
0.98,1.0,0.5,100.0,98.0,24.5,-5.111908017918282,optimistic,optimistic
0.98,1.0,0.5,100.0,98.0,49.0,-15.129510429125006,optimistic,optimistic
0.98,1.0,0.5,100.0,98.0,73.5,-35.17909287891753,optimistic,optimistic
0.98,1.0,0.5,100.0,98.0,93.1,-69.39950980784783,optimistic,optimistic
0.98,1.0,0.5,90.0,98.0,0.0,8.0,conservative,conservative
0.98,1.0,0.5,90.0,98.0,19.390719429665317,6.062479668182618,conservative,conservative
0.98,1.0,0.5,90.0,98.0,24.5,4.888091982081718,conservative,conservative
0.98,1.0,0.5,90.0,98.0,38.781438859330635,0.0,exact,exact
0.98,1.0,0.5,90.0,98.0,40.72051080229717,-0.8605586735030073,optimistic,optimistic
0.98,1.0,0.5,90.0,98.0,49.0,-5.1295104291250055,optimistic,optimistic
0.98,1.0,0.5,90.0,98.0,73.5,-25.17909287891753,optimistic,optimistic
0.98,1.0,0.5,90.0,98.0,93.1,-59.39950980784783,optimistic,optimistic
0.98,1.0,1.0,100.0,98.0,0.0,-2.0,optimistic,optimistic
0.98,1.0,1.0,100.0,98.0,24.5,-5.111908017918282,optimistic,optimistic
0.98,1.0,1.0,100.0,98.0,49.0,-15.129510429125006,optimistic,optimistic
0.98,1.0,1.0,100.0,98.0,73.5,-35.17909287891753,optimistic,optimistic
0.98,1.0,1.0,100.0,98.0,93.1,-69.39950980784783,optimistic,optimistic
0.98,1.0,1.0,90.0,98.0,0.0,8.0,conservative,conservative
0.98,1.0,1.0,90.0,98.0,19.390719429665317,6.062479668182618,conservative,conservative
0.98,1.0,1.0,90.0,98.0,24.5,4.888091982081718,conservative,conservative
0.98,1.0,1.0,90.0,98.0,38.781438859330635,0.0,exact,exact
0.98,1.0,1.0,90.0,98.0,40.72051080229717,-0.8605586735030073,optimistic,optimistic
0.98,1.0,1.0,90.0,98.0,49.0,-5.1295104291250055,optimistic,optimistic
0.98,1.0,1.0,90.0,98.0,73.5,-25.17909287891753,optimistic,optimistic
0.98,1.0,1.0,90.0,98.0,93.1,-59.39950980784783,optimistic,optimistic
0.98,1.1,0.0,100.0,98.0,0.0,-2.0,optimistic,optimistic
0.98,1.1,0.0,100.0,98.0,24.5,-5.111908017918282,optimistic,optimistic
0.98,1.1,0.0,100.0,98.0,49.0,-15.129510429125006,optimistic,optimistic
0.98,1.1,0.0,100.0,98.0,73.5,-35.17909287891753,optimistic,optimistic
0.98,1.1,0.0,100.0,98.0,93.1,-69.39950980784783,optimistic,optimistic
0.98,1.1,0.0,90.0,98.0,0.0,8.0,conservative,conservative
0.98,1.1,0.0,90.0,98.0,19.390719429665317,6.062479668182618,conservative,conservative
0.98,1.1,0.0,90.0,98.0,24.5,4.888091982081718,conservative,conservative
0.98,1.1,0.0,90.0,98.0,38.781438859330635,0.0,exact,exact
0.98,1.1,0.0,90.0,98.0,40.72051080229717,-0.8605586735030073,optimistic,optimistic
0.98,1.1,0.0,90.0,98.0,49.0,-5.1295104291250055,optimistic,optimistic
0.98,1.1,0.0,90.0,98.0,73.5,-25.17909287891753,optimistic,optimistic
0.98,1.1,0.0,90.0,98.0,93.1,-59.39950980784783,optimistic,optimistic
0.98,1.1,0.5,100.0,102.89999999999999,0.0,2.8999999999999915,conservative,conservative
0.98,1.1,0.5,100.0,102.89999999999999,12.12858194514097,2.182716248884276,conservative,conservative
0.98,1.1,0.5,100.0,102.89999999999999,24.25716389028194,0.0,exact,exact
0.98,1.1,0.5,100.0,102.89999999999999,25.47002208479604,-0.30201619390690837,optimistic,optimistic
0.98,1.1,0.5,100.0,102.89999999999999,25.724999999999998,-0.3675034188142092,optimistic,optimistic
0.98,1.1,0.5,100.0,102.89999999999999,51.449999999999996,-10.885985950581272,optimistic,optimistic
0.98,1.1,0.5,100.0,102.89999999999999,77.175,-31.938047522863414,optimistic,optimistic
0.98,1.1,0.5,100.0,102.89999999999999,97.75499999999998,-67.86948529824022,optimistic,optimistic
0.98,1.1,0.5,90.0,102.89999999999999,0.0,12.899999999999991,conservative,conservative
0.98,1.1,0.5,90.0,102.89999999999999,24.94198267981115,9.83139536238086,conservative,conservative
0.98,1.1,0.5,90.0,102.89999999999999,25.724999999999998,9.63249658118579,conservative,conservative
0.98,1.1,0.5,90.0,102.89999999999999,49.8839653596223,0.0,exact,exact
0.98,1.1,0.5,90.0,102.89999999999999,51.449999999999996,-0.8859859505812722,optimistic,optimistic
0.98,1.1,0.5,90.0,102.89999999999999,52.37816362760342,-1.4283455331221688,optimistic,optimistic
0.98,1.1,0.5,90.0,102.89999999999999,77.175,-21.938047522863414,optimistic,optimistic
0.98,1.1,0.5,90.0,102.89999999999999,97.75499999999998,-57.86948529824022,optimistic,optimistic
0.98,1.1,1.0,100.0,107.80000000000001,0.0,7.800000000000011,conservative,conservative
0.98,1.1,1.0,100.0,107.80000000000001,20.12982861327936,5.9038715061918765,conservative,conservative
0.98,1.1,1.0,100.0,107.80000000000001,26.950000000000003,4.376901180289892,conservative,conservative
0.98,1.1,1.0,100.0,107.80000000000001,40.25965722655872,0.0,exact,exact
0.98,1.1,1.0,100.0,107.80000000000001,42.272640087886664,-0.8341596112855001,optimistic,optimistic
0.98,1.1,1.0,100.0,107.80000000000001,53.900000000000006,-6.64246147203751,optimistic,optimistic
0.98,1.1,1.0,100.0,107.80000000000001,80.85000000000001,-28.697002166809284,optimistic,optimistic
0.98,1.1,1.0,100.0,107.80000000000001,102.41000000000001,-66.33946078863264,optimistic,optimistic
0.98,1.1,1.0,90.0,107.80000000000001,0.0,17.80000000000001,conservative,conservative
0.98,1.1,1.0,90.0,107.80000000000001,26.950000000000003,14.376901180289892,conservative,conservative
0.98,1.1,1.0,90.0,107.80000000000001,29.66833328651949,13.637010763529844,conservative,conservative
0.98,1.1,1.0,90.0,107.80000000000001,53.900000000000006,3.3575385279624896,conservative,conservative
0.98,1.1,1.0,90.0,107.80000000000001,59.33666657303898,0.0,exact,exact
0.98,1.1,1.0,90.0,107.80000000000001,62.303499901690934,-2.0277663123187466,optimistic,optimistic
0.98,1.1,1.0,90.0,107.80000000000001,80.85000000000001,-18.697002166809284,optimistic,optimistic
0.98,1.1,1.0,90.0,107.80000000000001,102.41000000000001,-56.339460788632636,optimistic,optimistic
0.98,1.2,0.0,100.0,98.0,0.0,-2.0,optimistic,optimistic
0.98,1.2,0.0,100.0,98.0,24.5,-5.111908017918282,optimistic,optimistic
0.98,1.2,0.0,100.0,98.0,49.0,-15.129510429125006,optimistic,optimistic
0.98,1.2,0.0,100.0,98.0,73.5,-35.17909287891753,optimistic,optimistic
0.98,1.2,0.0,100.0,98.0,93.1,-69.39950980784783,optimistic,optimistic
0.98,1.2,0.0,90.0,98.0,0.0,8.0,conservative,conservative
0.98,1.2,0.0,90.0,98.0,19.390719429665317,6.062479668182618,conservative,conservative
0.98,1.2,0.0,90.0,98.0,24.5,4.888091982081718,conservative,conservative
0.98,1.2,0.0,90.0,98.0,38.781438859330635,0.0,exact,exact
0.98,1.2,0.0,90.0,98.0,40.72051080229717,-0.8605586735030073,optimistic,optimistic
0.98,1.2,0.0,90.0,98.0,49.0,-5.1295104291250055,optimistic,optimistic
0.98,1.2,0.0,90.0,98.0,73.5,-25.17909287891753,optimistic,optimistic
0.98,1.2,0.0,90.0,98.0,93.1,-59.39950980784783,optimistic,optimistic
0.98,1.2,0.5,100.0,107.80000000000001,0.0,7.800000000000011,conservative,conservative
0.98,1.2,0.5,100.0,107.80000000000001,20.12982861327936,5.9038715061918765,conservative,conservative
0.98,1.2,0.5,100.0,107.80000000000001,26.950000000000003,4.376901180289892,conservative,conservative
0.98,1.2,0.5,100.0,107.80000000000001,40.25965722655872,0.0,exact,exact
0.98,1.2,0.5,100.0,107.80000000000001,42.272640087886664,-0.8341596112855001,optimistic,optimistic
0.98,1.2,0.5,100.0,107.80000000000001,53.900000000000006,-6.64246147203751,optimistic,optimistic
0.98,1.2,0.5,100.0,107.80000000000001,80.85000000000001,-28.697002166809284,optimistic,optimistic
0.98,1.2,0.5,100.0,107.80000000000001,102.41000000000001,-66.33946078863264,optimistic,optimistic
0.98,1.2,0.5,90.0,107.80000000000001,0.0,17.80000000000001,conservative,conservative
0.98,1.2,0.5,90.0,107.80000000000001,26.950000000000003,14.376901180289892,conservative,conservative
0.98,1.2,0.5,90.0,107.80000000000001,29.66833328651949,13.637010763529844,conservative,conservative
0.98,1.2,0.5,90.0,107.80000000000001,53.900000000000006,3.3575385279624896,conservative,conservative
0.98,1.2,0.5,90.0,107.80000000000001,59.33666657303898,0.0,exact,exact
0.98,1.2,0.5,90.0,107.80000000000001,62.303499901690934,-2.0277663123187466,optimistic,optimistic
0.98,1.2,0.5,90.0,107.80000000000001,80.85000000000001,-18.697002166809284,optimistic,optimistic
0.98,1.2,0.5,90.0,107.80000000000001,102.41000000000001,-56.339460788632636,optimistic,optimistic
0.98,1.2,1.0,100.0,117.6,0.0,17.599999999999994,conservative,conservative
0.98,1.2,1.0,100.0,117.6,29.4,13.86571037849805,conservative,conservative
0.98,1.2,1.0,100.0,117.6,30.94252736930194,13.456247073486438,conservative,conservative
0.98,1.2,1.0,100.0,117.6,58.8,1.8445874850499848,conservative,conservative
0.98,1.2,1.0,100.0,117.6,61.88505473860388,0.0,exact,exact
0.98,1.2,1.0,100.0,117.6,64.97930747553407,-1.982401580124403,optimistic,optimistic
0.98,1.2,1.0,100.0,117.6,88.19999999999999,-22.21491145470104,optimistic,optimistic
0.98,1.2,1.0,100.0,117.6,111.71999999999998,-63.27941176941741,optimistic,optimistic
0.98,1.2,1.0,90.0,117.6,0.0,27.599999999999994,conservative,conservative
0.98,1.2,1.0,90.0,117.6,29.4,23.86571037849805,conservative,conservative
0.98,1.2,1.0,90.0,117.6,37.84758909098438,21.343253051094194,conservative,conservative
0.98,1.2,1.0,90.0,117.6,58.8,11.844587485049985,conservative,conservative
0.98,1.2,1.0,90.0,117.6,75.69517818196876,0.0,exact,exact
0.98,1.2,1.0,90.0,117.6,79.4799370910672,-3.324169458839336,optimistic,optimistic
0.98,1.2,1.0,90.0,117.6,88.19999999999999,-12.214911454701038,optimistic,optimistic
0.98,1.2,1.0,90.0,117.6,111.71999999999998,-53.27941176941741,optimistic,optimistic
0.98,1.35,0.0,100.0,98.0,0.0,-2.0,optimistic,optimistic
0.98,1.35,0.0,100.0,98.0,24.5,-5.111908017918282,optimistic,optimistic
0.98,1.35,0.0,100.0,98.0,49.0,-15.129510429125006,optimistic,optimistic
0.98,1.35,0.0,100.0,98.0,73.5,-35.17909287891753,optimistic,optimistic
0.98,1.35,0.0,100.0,98.0,93.1,-69.39950980784783,optimistic,optimistic
0.98,1.35,0.0,90.0,98.0,0.0,8.0,conservative,conservative
0.98,1.35,0.0,90.0,98.0,19.390719429665317,6.062479668182618,conservative,conservative
0.98,1.35,0.0,90.0,98.0,24.5,4.888091982081718,conservative,conservative
0.98,1.35,0.0,90.0,98.0,38.781438859330635,0.0,exact,exact
0.98,1.35,0.0,90.0,98.0,40.72051080229717,-0.8605586735030073,optimistic,optimistic
0.98,1.35,0.0,90.0,98.0,49.0,-5.1295104291250055,optimistic,optimistic
0.98,1.35,0.0,90.0,98.0,73.5,-25.17909287891753,optimistic,optimistic
0.98,1.35,0.0,90.0,98.0,93.1,-59.39950980784783,optimistic,optimistic
0.98,1.35,0.5,100.0,115.14999999999999,0.0,15.149999999999991,conservative,conservative
0.98,1.35,0.5,100.0,115.14999999999999,28.546114008740304,11.555555105965013,conservative,conservative
0.98,1.35,0.5,100.0,115.14999999999999,28.787499999999998,11.493508078946007,conservative,conservative
0.98,1.35,0.5,100.0,115.14999999999999,57.09222801748061,0.0,exact,exact
0.98,1.35,0.5,100.0,115.14999999999999,57.574999999999996,-0.2771747542219032,optimistic,optimistic
0.98,1.35,0.5,100.0,115.14999999999999,59.94683941835464,-1.684696289183961,optimistic,optimistic
0.98,1.35,0.5,100.0,115.14999999999999,86.3625,-23.83543413272811,optimistic,optimistic
0.98,1.35,0.5,100.0,115.14999999999999,109.39249999999998,-64.0444240242212,optimistic,optimistic
0.98,1.35,0.5,90.0,115.14999999999999,0.0,25.14999999999999,conservative,conservative
0.98,1.35,0.5,90.0,115.14999999999999,28.787499999999998,21.493508078946007,conservative,conservative
0.98,1.35,0.5,90.0,115.14999999999999,35.914908116268364,19.40585850401247,conservative,conservative
0.98,1.35,0.5,90.0,115.14999999999999,57.574999999999996,9.722825245778097,conservative,conservative
0.98,1.35,0.5,90.0,115.14999999999999,71.82981623253673,0.0,exact,exact
0.98,1.35,0.5,90.0,115.14999999999999,75.42130704416357,-2.9876506250405868,optimistic,optimistic
0.98,1.35,0.5,90.0,115.14999999999999,86.3625,-13.83543413272811,optimistic,optimistic
0.98,1.35,0.5,90.0,115.14999999999999,109.39249999999998,-54.04442402422121,optimistic,optimistic
0.98,1.35,1.0,100.0,132.29999999999998,0.0,32.29999999999998,conservative,conservative
0.98,1.35,1.0,100.0,132.29999999999998,33.074999999999996,28.09892417581031,conservative,conservative
0.98,1.35,1.0,100.0,132.29999999999998,43.31076655982897,25.009869610363154,conservative,conservative
0.98,1.35,1.0,100.0,132.29999999999998,66.14999999999999,14.575160920681228,conservative,conservative
0.98,1.35,1.0,100.0,132.29999999999998,86.62153311965794,0.0,exact,exact
0.98,1.35,1.0,100.0,132.29999999999998,90.95260977564084,-3.922360691990349,optimistic,optimistic
0.98,1.35,1.0,100.0,132.29999999999998,99.225,-12.491775386538677,optimistic,optimistic
0.98,1.35,1.0,100.0,132.29999999999998,125.68499999999997,-58.68933824059455,optimistic,optimistic
0.98,1.35,1.0,90.0,132.29999999999998,0.0,42.29999999999998,conservative,conservative
0.98,1.35,1.0,90.0,132.29999999999998,33.074999999999996,38.09892417581031,conservative,conservative
0.98,1.35,1.0,90.0,132.29999999999998,48.48528127174266,33.095359376379406,conservative,conservative
0.98,1.35,1.0,90.0,132.29999999999998,66.14999999999999,24.575160920681228,conservative,conservative
0.98,1.35,1.0,90.0,132.29999999999998,96.97056254348531,0.0,exact,exact
0.98,1.35,1.0,90.0,132.29999999999998,99.225,-2.491775386538677,optimistic,optimistic
0.98,1.35,1.0,90.0,132.29999999999998,101.81909067065959,-5.524188225267707,optimistic,optimistic
0.98,1.35,1.0,90.0,132.29999999999998,125.68499999999997,-48.68933824059455,optimistic,optimistic
0.98,1.5,0.0,100.0,98.0,0.0,-2.0,optimistic,optimistic
0.98,1.5,0.0,100.0,98.0,24.5,-5.111908017918282,optimistic,optimistic
0.98,1.5,0.0,100.0,98.0,49.0,-15.129510429125006,optimistic,optimistic
0.98,1.5,0.0,100.0,98.0,73.5,-35.17909287891753,optimistic,optimistic
0.98,1.5,0.0,100.0,98.0,93.1,-69.39950980784783,optimistic,optimistic
0.98,1.5,0.0,90.0,98.0,0.0,8.0,conservative,conservative
0.98,1.5,0.0,90.0,98.0,19.390719429665317,6.062479668182618,conservative,conservative
0.98,1.5,0.0,90.0,98.0,24.5,4.888091982081718,conservative,conservative
0.98,1.5,0.0,90.0,98.0,38.781438859330635,0.0,exact,exact
0.98,1.5,0.0,90.0,98.0,40.72051080229717,-0.8605586735030073,optimistic,optimistic
0.98,1.5,0.0,90.0,98.0,49.0,-5.1295104291250055,optimistic,optimistic
0.98,1.5,0.0,90.0,98.0,73.5,-25.17909287891753,optimistic,optimistic
0.98,1.5,0.0,90.0,98.0,93.1,-59.39950980784783,optimistic,optimistic
0.98,1.5,0.5,100.0,122.50000000000001,0.0,22.500000000000014,conservative,conservative
0.98,1.5,0.5,100.0,122.50000000000001,30.625000000000004,18.61011497760215,conservative,conservative
0.98,1.5,0.5,100.0,122.50000000000001,35.37742924521228,17.28037985954856,conservative,conservative
0.98,1.5,0.5,100.0,122.50000000000001,61.25000000000001,6.088111963593747,conservative,conservative
0.98,1.5,0.5,100.0,122.50000000000001,70.75485849042455,0.0,exact,exact
0.98,1.5,0.5,100.0,122.50000000000001,74.29260141494578,-2.5994898627322414,optimistic,optimistic
0.98,1.5,0.5,100.0,122.50000000000001,91.87500000000001,-18.97386609864691,optimistic,optimistic
0.98,1.5,0.5,100.0,122.50000000000001,116.37500000000001,-61.74938725980981,optimistic,optimistic
0.98,1.5,0.5,90.0,122.50000000000001,0.0,32.500000000000014,conservative,conservative
0.98,1.5,0.5,90.0,122.50000000000001,30.625000000000004,28.61011497760215,conservative,conservative
0.98,1.5,0.5,90.0,122.50000000000001,41.55192534648666,25.237526439957932,conservative,conservative
0.98,1.5,0.5,90.0,122.50000000000001,61.25000000000001,16.088111963593747,conservative,conservative
0.98,1.5,0.5,90.0,122.50000000000001,83.10385069297332,0.0,exact,exact
0.98,1.5,0.5,90.0,122.50000000000001,87.259043227622,-4.022622888343477,optimistic,optimistic
0.98,1.5,0.5,90.0,122.50000000000001,91.87500000000001,-8.973866098646909,optimistic,optimistic
0.98,1.5,0.5,90.0,122.50000000000001,116.37500000000001,-51.74938725980981,optimistic,optimistic
0.98,1.5,1.0,100.0,147.0,0.0,47.0,conservative,conservative
0.98,1.5,1.0,100.0,147.0,36.75,42.33213797312257,conservative,conservative
0.98,1.5,1.0,100.0,147.0,53.87253474638074,36.77262152931047,conservative,conservative
0.98,1.5,1.0,100.0,147.0,73.5,27.305734356312485,conservative,conservative
0.98,1.5,1.0,100.0,147.0,107.74506949276147,0.0,exact,exact
0.98,1.5,1.0,100.0,147.0,110.25,-2.7686393183763016,optimistic,optimistic
0.98,1.5,1.0,100.0,147.0,113.13232296739955,-6.13798691696411,optimistic,optimistic
0.98,1.5,1.0,100.0,147.0,139.65,-54.09926471177179,optimistic,optimistic
0.98,1.5,1.0,90.0,147.0,0.0,57.0,conservative,conservative
0.98,1.5,1.0,90.0,147.0,36.75,52.33213797312257,conservative,conservative
0.98,1.5,1.0,90.0,147.0,58.11411188343155,45.024997685613755,conservative,conservative
0.98,1.5,1.0,90.0,147.0,73.5,37.305734356312485,conservative,conservative
0.98,1.5,1.0,90.0,147.0,110.25,7.231360681623698,conservative,conservative
0.98,1.5,1.0,90.0,147.0,116.2282237668631,0.0,exact,exact
0.98,1.5,1.0,90.0,147.0,122.03963495520625,-8.05289815984949,optimistic,optimistic
0.98,1.5,1.0,90.0,147.0,139.65,-44.09926471177179,optimistic,optimistic
0.98,1.8,0.0,100.0,98.0,0.0,-2.0,optimistic,optimistic
0.98,1.8,0.0,100.0,98.0,24.5,-5.111908017918282,optimistic,optimistic
0.98,1.8,0.0,100.0,98.0,49.0,-15.129510429125006,optimistic,optimistic
0.98,1.8,0.0,100.0,98.0,73.5,-35.17909287891753,optimistic,optimistic
0.98,1.8,0.0,100.0,98.0,93.1,-69.39950980784783,optimistic,optimistic
0.98,1.8,0.0,90.0,98.0,0.0,8.0,conservative,conservative
0.98,1.8,0.0,90.0,98.0,19.390719429665317,6.062479668182618,conservative,conservative
0.98,1.8,0.0,90.0,98.0,24.5,4.888091982081718,conservative,conservative
0.98,1.8,0.0,90.0,98.0,38.781438859330635,0.0,exact,exact
0.98,1.8,0.0,90.0,98.0,40.72051080229717,-0.8605586735030073,optimistic,optimistic
0.98,1.8,0.0,90.0,98.0,49.0,-5.1295104291250055,optimistic,optimistic
0.98,1.8,0.0,90.0,98.0,73.5,-25.17909287891753,optimistic,optimistic
0.98,1.8,0.0,90.0,98.0,93.1,-59.39950980784783,optimistic,optimistic
0.98,1.8,0.5,100.0,137.2,0.0,37.19999999999999,conservative,conservative
0.98,1.8,0.5,100.0,137.2,34.3,32.8433287749144,conservative,conservative
0.98,1.8,0.5,100.0,137.2,46.96764844017634,28.910356449743773,conservative,conservative
0.98,1.8,0.5,100.0,137.2,68.6,18.818685399224975,conservative,conservative
0.98,1.8,0.5,100.0,137.2,93.93529688035268,0.0,exact,exact
0.98,1.8,0.5,100.0,137.2,98.63206172437032,-4.629373494770405,optimistic,optimistic
0.98,1.8,0.5,100.0,137.2,102.89999999999999,-9.250730030484547,optimistic,optimistic
0.98,1.8,0.5,100.0,137.2,130.33999999999997,-57.15931373098697,optimistic,optimistic
0.98,1.8,0.5,90.0,137.2,0.0,47.19999999999999,conservative,conservative
0.98,1.8,0.5,90.0,137.2,34.3,42.8433287749144,conservative,conservative
0.98,1.8,0.5,90.0,137.2,51.777987600910095,37.0546339178544,conservative,conservative
0.98,1.8,0.5,90.0,137.2,68.6,28.818685399224975,conservative,conservative
0.98,1.8,0.5,90.0,137.2,102.89999999999999,0.7492699695154528,conservative,conservative
0.98,1.8,0.5,90.0,137.2,103.55597520182019,-1.4210854715202004e-14,exact,exact
0.98,1.8,0.5,90.0,137.2,108.7337739619112,-6.329178323623481,optimistic,optimistic
0.98,1.8,0.5,90.0,137.2,130.33999999999997,-47.15931373098697,optimistic,optimistic
0.98,1.8,1.0,100.0,176.4,0.0,76.4,conservative,conservative
0.98,1.8,1.0,100.0,176.4,44.1,70.79856556774709,conservative,conservative
0.98,1.8,1.0,100.0,176.4,72.65837873225634,60.74115838826097,conservative,conservative
0.98,1.8,1.0,100.0,176.4,88.2,52.76688122757497,conservative,conservative
0.98,1.8,1.0,100.0,176.4,132.3,16.677632817948435,conservative,conservative
0.98,1.8,1.0,100.0,176.4,145.31675746451268,1.4210854715202004e-14,exact,exact
0.98,1.8,1.0,100.0,176.4,152.58259533773833,-11.481574799367351,optimistic,optimistic
0.98,1.8,1.0,100.0,176.4,167.57999999999998,-44.91911765412605,optimistic,optimistic
0.98,1.8,1.0,90.0,176.4,0.0,86.4,conservative,conservative
0.98,1.8,1.0,90.0,176.4,44.1,80.79856556774709,conservative,conservative
0.98,1.8,1.0,90.0,176.4,75.85670702053973,69.25677379628158,conservative,conservative
0.98,1.8,1.0,90.0,176.4,88.2,62.76688122757497,conservative,conservative
0.98,1.8,1.0,90.0,176.4,132.3,26.677632817948435,conservative,conservative
0.98,1.8,1.0,90.0,176.4,151.71341404107946,-1.4210854715202004e-14,exact,exact
0.98,1.8,1.0,90.0,176.4,159.29908474313345,-14.232186253000606,optimistic,optimistic
0.98,1.8,1.0,90.0,176.4,167.57999999999998,-34.91911765412605,optimistic,optimistic
1.0,1.0,0.0,100.0,100.0,0.0,0.0,exact,exact
1.0,1.0,0.0,100.0,100.0,25.0,-3.175416344814579,optimistic,optimistic
1.0,1.0,0.0,100.0,100.0,50.0,-13.397459621556138,optimistic,optimistic
1.0,1.0,0.0,100.0,100.0,75.0,-33.85621722338523,optimistic,optimistic
1.0,1.0,0.0,100.0,100.0,95.0,-68.77501000800801,optimistic,optimistic
1.0,1.0,0.0,90.0,100.0,0.0,10.0,conservative,conservative
1.0,1.0,0.0,90.0,100.0,21.79449471770337,7.596106479715672,conservative,conservative
1.0,1.0,0.0,90.0,100.0,25.0,6.824583655185421,conservative,conservative
1.0,1.0,0.0,90.0,100.0,43.58898943540674,0.0,exact,exact
1.0,1.0,0.0,90.0,100.0,45.76843890717708,-1.088527174497898,optimistic,optimistic
1.0,1.0,0.0,90.0,100.0,50.0,-3.3974596215561377,optimistic,optimistic
1.0,1.0,0.0,90.0,100.0,75.0,-23.85621722338523,optimistic,optimistic
1.0,1.0,0.0,90.0,100.0,95.0,-58.77501000800801,optimistic,optimistic
1.0,1.0,0.5,100.0,100.0,0.0,0.0,exact,exact
1.0,1.0,0.5,100.0,100.0,25.0,-3.175416344814579,optimistic,optimistic
1.0,1.0,0.5,100.0,100.0,50.0,-13.397459621556138,optimistic,optimistic
1.0,1.0,0.5,100.0,100.0,75.0,-33.85621722338523,optimistic,optimistic
1.0,1.0,0.5,100.0,100.0,95.0,-68.77501000800801,optimistic,optimistic
1.0,1.0,0.5,90.0,100.0,0.0,10.0,conservative,conservative
1.0,1.0,0.5,90.0,100.0,21.79449471770337,7.596106479715672,conservative,conservative
1.0,1.0,0.5,90.0,100.0,25.0,6.824583655185421,conservative,conservative
1.0,1.0,0.5,90.0,100.0,43.58898943540674,0.0,exact,exact
1.0,1.0,0.5,90.0,100.0,45.76843890717708,-1.088527174497898,optimistic,optimistic
1.0,1.0,0.5,90.0,100.0,50.0,-3.3974596215561377,optimistic,optimistic
1.0,1.0,0.5,90.0,100.0,75.0,-23.85621722338523,optimistic,optimistic
1.0,1.0,0.5,90.0,100.0,95.0,-58.77501000800801,optimistic,optimistic
1.0,1.0,1.0,100.0,100.0,0.0,0.0,exact,exact
1.0,1.0,1.0,100.0,100.0,25.0,-3.175416344814579,optimistic,optimistic
1.0,1.0,1.0,100.0,100.0,50.0,-13.397459621556138,optimistic,optimistic
1.0,1.0,1.0,100.0,100.0,75.0,-33.85621722338523,optimistic,optimistic
1.0,1.0,1.0,100.0,100.0,95.0,-68.77501000800801,optimistic,optimistic
1.0,1.0,1.0,90.0,100.0,0.0,10.0,conservative,conservative
1.0,1.0,1.0,90.0,100.0,21.79449471770337,7.596106479715672,conservative,conservative
1.0,1.0,1.0,90.0,100.0,25.0,6.824583655185421,conservative,conservative
1.0,1.0,1.0,90.0,100.0,43.58898943540674,0.0,exact,exact
1.0,1.0,1.0,90.0,100.0,45.76843890717708,-1.088527174497898,optimistic,optimistic
1.0,1.0,1.0,90.0,100.0,50.0,-3.3974596215561377,optimistic,optimistic
1.0,1.0,1.0,90.0,100.0,75.0,-23.85621722338523,optimistic,optimistic
1.0,1.0,1.0,90.0,100.0,95.0,-58.77501000800801,optimistic,optimistic
1.0,1.1,0.0,100.0,100.0,0.0,0.0,exact,exact
1.0,1.1,0.0,100.0,100.0,25.0,-3.175416344814579,optimistic,optimistic
1.0,1.1,0.0,100.0,100.0,50.0,-13.397459621556138,optimistic,optimistic
1.0,1.1,0.0,100.0,100.0,75.0,-33.85621722338523,optimistic,optimistic
1.0,1.1,0.0,100.0,100.0,95.0,-68.77501000800801,optimistic,optimistic
1.0,1.1,0.0,90.0,100.0,0.0,10.0,conservative,conservative
1.0,1.1,0.0,90.0,100.0,21.79449471770337,7.596106479715672,conservative,conservative
1.0,1.1,0.0,90.0,100.0,25.0,6.824583655185421,conservative,conservative
1.0,1.1,0.0,90.0,100.0,43.58898943540674,0.0,exact,exact
1.0,1.1,0.0,90.0,100.0,45.76843890717708,-1.088527174497898,optimistic,optimistic
1.0,1.1,0.0,90.0,100.0,50.0,-3.3974596215561377,optimistic,optimistic
1.0,1.1,0.0,90.0,100.0,75.0,-23.85621722338523,optimistic,optimistic
1.0,1.1,0.0,90.0,100.0,95.0,-58.77501000800801,optimistic,optimistic
1.0,1.1,0.5,100.0,105.0,0.0,5.0,conservative,conservative
1.0,1.1,0.5,100.0,105.0,16.00781059358212,3.772587902586295,conservative,conservative
1.0,1.1,0.5,100.0,105.0,26.25,1.6658128379446993,conservative,conservative
1.0,1.1,0.5,100.0,105.0,32.01562118716424,0.0,exact,exact
1.0,1.1,0.5,100.0,105.0,33.616402246522455,-0.5266995621438184,optimistic,optimistic
1.0,1.1,0.5,100.0,105.0,52.5,-9.06733260263394,optimistic,optimistic
1.0,1.1,0.5,100.0,105.0,78.75,-30.549028084554493,optimistic,optimistic
1.0,1.1,0.5,100.0,105.0,99.75,-67.21376050840841,optimistic,optimistic
1.0,1.1,0.5,90.0,105.0,0.0,15.0,conservative,conservative
1.0,1.1,0.5,90.0,105.0,26.25,11.6658128379447,conservative,conservative
1.0,1.1,0.5,90.0,105.0,27.04163456597992,11.458119438515126,conservative,conservative
1.0,1.1,0.5,90.0,105.0,52.5,0.9326673973660604,conservative,conservative
1.0,1.1,0.5,90.0,105.0,54.08326913195984,0.0,exact,exact
1.0,1.1,0.5,90.0,105.0,56.787432588557834,-1.6813298333812128,optimistic,optimistic
1.0,1.1,0.5,90.0,105.0,78.75,-20.549028084554493,optimistic,optimistic
1.0,1.1,0.5,90.0,105.0,99.75,-57.21376050840841,optimistic,optimistic
1.0,1.1,1.0,100.0,110.00000000000001,0.0,10.000000000000014,conservative,conservative
1.0,1.1,1.0,100.0,110.00000000000001,22.91287847477922,7.587173956750078,conservative,conservative
1.0,1.1,1.0,100.0,110.00000000000001,27.500000000000004,6.507042020703977,conservative,conservative
1.0,1.1,1.0,100.0,110.00000000000001,45.82575694955844,0.0,exact,exact
1.0,1.1,1.0,100.0,110.00000000000001,48.117044797036364,-1.0821047534875987,optimistic,optimistic
1.0,1.1,1.0,100.0,110.00000000000001,55.00000000000001,-4.737205583711727,optimistic,optimistic
1.0,1.1,1.0,100.0,110.00000000000001,82.50000000000001,-27.241838945723757,optimistic,optimistic
1.0,1.1,1.0,100.0,110.00000000000001,104.50000000000001,-65.6525110088088,optimistic,optimistic
1.0,1.1,1.0,90.0,110.00000000000001,0.0,20.000000000000014,conservative,conservative
1.0,1.1,1.0,90.0,110.00000000000001,27.500000000000004,16.507042020703977,conservative,conservative
1.0,1.1,1.0,90.0,110.00000000000001,31.622776601683807,15.356537528527411,conservative,conservative
1.0,1.1,1.0,90.0,110.00000000000001,55.00000000000001,5.262794416288273,conservative,conservative
1.0,1.1,1.0,90.0,110.00000000000001,63.24555320336761,0.0,exact,exact
1.0,1.1,1.0,90.0,110.00000000000001,66.40783086353599,-2.307354926424992,optimistic,optimistic
1.0,1.1,1.0,90.0,110.00000000000001,82.50000000000001,-17.241838945723757,optimistic,optimistic
1.0,1.1,1.0,90.0,110.00000000000001,104.50000000000001,-55.65251100880881,optimistic,optimistic
1.0,1.2,0.0,100.0,100.0,0.0,0.0,exact,exact
1.0,1.2,0.0,100.0,100.0,25.0,-3.175416344814579,optimistic,optimistic
1.0,1.2,0.0,100.0,100.0,50.0,-13.397459621556138,optimistic,optimistic
1.0,1.2,0.0,100.0,100.0,75.0,-33.85621722338523,optimistic,optimistic
1.0,1.2,0.0,100.0,100.0,95.0,-68.77501000800801,optimistic,optimistic
1.0,1.2,0.0,90.0,100.0,0.0,10.0,conservative,conservative
1.0,1.2,0.0,90.0,100.0,21.79449471770337,7.596106479715672,conservative,conservative
1.0,1.2,0.0,90.0,100.0,25.0,6.824583655185421,conservative,conservative
1.0,1.2,0.0,90.0,100.0,43.58898943540674,0.0,exact,exact
1.0,1.2,0.0,90.0,100.0,45.76843890717708,-1.088527174497898,optimistic,optimistic
1.0,1.2,0.0,90.0,100.0,50.0,-3.3974596215561377,optimistic,optimistic
1.0,1.2,0.0,90.0,100.0,75.0,-23.85621722338523,optimistic,optimistic
1.0,1.2,0.0,90.0,100.0,95.0,-58.77501000800801,optimistic,optimistic
1.0,1.2,0.5,100.0,110.00000000000001,0.0,10.000000000000014,conservative,conservative
1.0,1.2,0.5,100.0,110.00000000000001,22.91287847477922,7.587173956750078,conservative,conservative
1.0,1.2,0.5,100.0,110.00000000000001,27.500000000000004,6.507042020703977,conservative,conservative
1.0,1.2,0.5,100.0,110.00000000000001,45.82575694955844,0.0,exact,exact
1.0,1.2,0.5,100.0,110.00000000000001,48.117044797036364,-1.0821047534875987,optimistic,optimistic
1.0,1.2,0.5,100.0,110.00000000000001,55.00000000000001,-4.737205583711727,optimistic,optimistic
1.0,1.2,0.5,100.0,110.00000000000001,82.50000000000001,-27.241838945723757,optimistic,optimistic
1.0,1.2,0.5,100.0,110.00000000000001,104.50000000000001,-65.6525110088088,optimistic,optimistic
1.0,1.2,0.5,90.0,110.00000000000001,0.0,20.000000000000014,conservative,conservative
1.0,1.2,0.5,90.0,110.00000000000001,27.500000000000004,16.507042020703977,conservative,conservative
1.0,1.2,0.5,90.0,110.00000000000001,31.622776601683807,15.356537528527411,conservative,conservative
1.0,1.2,0.5,90.0,110.00000000000001,55.00000000000001,5.262794416288273,conservative,conservative
1.0,1.2,0.5,90.0,110.00000000000001,63.24555320336761,0.0,exact,exact
1.0,1.2,0.5,90.0,110.00000000000001,66.40783086353599,-2.307354926424992,optimistic,optimistic
1.0,1.2,0.5,90.0,110.00000000000001,82.50000000000001,-17.241838945723757,optimistic,optimistic
1.0,1.2,0.5,90.0,110.00000000000001,104.50000000000001,-55.65251100880881,optimistic,optimistic
1.0,1.2,1.0,100.0,120.0,0.0,20.0,conservative,conservative
1.0,1.2,1.0,100.0,120.0,30.0,16.189500386222505,conservative,conservative
1.0,1.2,1.0,100.0,120.0,33.166247903554,15.325625946707959,conservative,conservative
1.0,1.2,1.0,100.0,120.0,60.0,3.9230484541326405,conservative,conservative
1.0,1.2,1.0,100.0,120.0,66.332495807108,0.0,exact,exact
1.0,1.2,1.0,100.0,120.0,69.64912059746341,-2.281015150586029,optimistic,optimistic
1.0,1.2,1.0,100.0,120.0,90.0,-20.627460668062284,optimistic,optimistic
1.0,1.2,1.0,100.0,120.0,114.0,-62.530012009609614,optimistic,optimistic
1.0,1.2,1.0,90.0,120.0,0.0,30.0,conservative,conservative
1.0,1.2,1.0,90.0,120.0,30.0,26.189500386222505,conservative,conservative
1.0,1.2,1.0,90.0,120.0,39.68626966596886,23.247516529061244,conservative,conservative
1.0,1.2,1.0,90.0,120.0,60.0,13.92304845413264,conservative,conservative
1.0,1.2,1.0,90.0,120.0,79.37253933193772,0.0,exact,exact
1.0,1.2,1.0,90.0,120.0,83.3411662985346,-3.662001413051044,optimistic,optimistic
1.0,1.2,1.0,90.0,120.0,90.0,-10.627460668062284,optimistic,optimistic
1.0,1.2,1.0,90.0,120.0,114.0,-52.530012009609614,optimistic,optimistic
1.0,1.35,0.0,100.0,100.0,0.0,0.0,exact,exact
1.0,1.35,0.0,100.0,100.0,25.0,-3.175416344814579,optimistic,optimistic
1.0,1.35,0.0,100.0,100.0,50.0,-13.397459621556138,optimistic,optimistic
1.0,1.35,0.0,100.0,100.0,75.0,-33.85621722338523,optimistic,optimistic
1.0,1.35,0.0,100.0,100.0,95.0,-68.77501000800801,optimistic,optimistic
1.0,1.35,0.0,90.0,100.0,0.0,10.0,conservative,conservative
1.0,1.35,0.0,90.0,100.0,21.79449471770337,7.596106479715672,conservative,conservative
1.0,1.35,0.0,90.0,100.0,25.0,6.824583655185421,conservative,conservative
1.0,1.35,0.0,90.0,100.0,43.58898943540674,0.0,exact,exact
1.0,1.35,0.0,90.0,100.0,45.76843890717708,-1.088527174497898,optimistic,optimistic
1.0,1.35,0.0,90.0,100.0,50.0,-3.3974596215561377,optimistic,optimistic
1.0,1.35,0.0,90.0,100.0,75.0,-23.85621722338523,optimistic,optimistic
1.0,1.35,0.0,90.0,100.0,95.0,-58.77501000800801,optimistic,optimistic
1.0,1.35,0.5,100.0,117.5,0.0,17.5,conservative,conservative
1.0,1.35,0.5,100.0,117.5,29.375,13.768885794842873,conservative,conservative
1.0,1.35,0.5,100.0,117.5,30.847406698132666,13.378514278499878,conservative,conservative
1.0,1.35,0.5,100.0,117.5,58.75,1.7579849446715343,conservative,conservative
1.0,1.35,0.5,100.0,117.5,61.69481339626533,0.0,exact,exact
1.0,1.35,0.5,100.0,117.5,64.7795540660786,-1.9701097878815261,optimistic,optimistic
1.0,1.35,0.5,100.0,117.5,88.125,-22.281055237477645,optimistic,optimistic
1.0,1.35,0.5,100.0,117.5,111.625,-63.31063675940941,optimistic,optimistic
1.0,1.35,0.5,90.0,117.5,0.0,27.5,conservative,conservative
1.0,1.35,0.5,90.0,117.5,29.375,23.768885794842873,conservative,conservative
1.0,1.35,0.5,90.0,117.5,37.76986232434532,21.264044057368324,conservative,conservative
1.0,1.35,0.5,90.0,117.5,58.75,11.757984944671534,conservative,conservative
1.0,1.35,0.5,90.0,117.5,75.53972464869064,0.0,exact,exact
1.0,1.35,0.5,90.0,117.5,79.31671088112518,-3.310269495170317,optimistic,optimistic
1.0,1.35,0.5,90.0,117.5,88.125,-12.281055237477645,optimistic,optimistic
1.0,1.35,0.5,90.0,117.5,111.625,-53.31063675940941,optimistic,optimistic
1.0,1.35,1.0,100.0,135.0,0.0,35.0,conservative,conservative
1.0,1.35,1.0,100.0,135.0,33.75,30.713187934500326,conservative,conservative
1.0,1.35,1.0,100.0,135.0,45.34589286804263,27.1563997602952,conservative,conservative
1.0,1.35,1.0,100.0,135.0,67.5,16.91342951089922,conservative,conservative
1.0,1.35,1.0,100.0,135.0,90.69178573608527,1.4210854715202004e-14,exact,exact
1.0,1.35,1.0,100.0,135.0,95.22637502288953,-4.308111629041406,optimistic,optimistic
1.0,1.35,1.0,100.0,135.0,101.25,-10.705893251570075,optimistic,optimistic
1.0,1.35,1.0,100.0,135.0,128.25,-57.846263510810815,optimistic,optimistic
1.0,1.35,1.0,90.0,135.0,0.0,45.0,conservative,conservative
1.0,1.35,1.0,90.0,135.0,33.75,40.713187934500326,conservative,conservative
1.0,1.35,1.0,90.0,135.0,50.31152949374527,35.274698163675495,conservative,conservative
1.0,1.35,1.0,90.0,135.0,67.5,26.91342951089922,conservative,conservative
1.0,1.35,1.0,90.0,135.0,100.62305898749054,0.0,exact,exact
1.0,1.35,1.0,90.0,135.0,101.25,-0.7058932515700747,optimistic,optimistic
1.0,1.35,1.0,90.0,135.0,105.65421193686507,-5.963177713576059,optimistic,optimistic
1.0,1.35,1.0,90.0,135.0,128.25,-47.846263510810815,optimistic,optimistic
1.0,1.5,0.0,100.0,100.0,0.0,0.0,exact,exact
1.0,1.5,0.0,100.0,100.0,25.0,-3.175416344814579,optimistic,optimistic
1.0,1.5,0.0,100.0,100.0,50.0,-13.397459621556138,optimistic,optimistic
1.0,1.5,0.0,100.0,100.0,75.0,-33.85621722338523,optimistic,optimistic
1.0,1.5,0.0,100.0,100.0,95.0,-68.77501000800801,optimistic,optimistic
1.0,1.5,0.0,90.0,100.0,0.0,10.0,conservative,conservative
1.0,1.5,0.0,90.0,100.0,21.79449471770337,7.596106479715672,conservative,conservative
1.0,1.5,0.0,90.0,100.0,25.0,6.824583655185421,conservative,conservative
1.0,1.5,0.0,90.0,100.0,43.58898943540674,0.0,exact,exact
1.0,1.5,0.0,90.0,100.0,45.76843890717708,-1.088527174497898,optimistic,optimistic
1.0,1.5,0.0,90.0,100.0,50.0,-3.3974596215561377,optimistic,optimistic
1.0,1.5,0.0,90.0,100.0,75.0,-23.85621722338523,optimistic,optimistic
1.0,1.5,0.0,90.0,100.0,95.0,-58.77501000800801,optimistic,optimistic
1.0,1.5,0.5,100.0,125.0,0.0,25.0,conservative,conservative
1.0,1.5,0.5,100.0,125.0,31.25,21.030729568981783,conservative,conservative
1.0,1.5,0.5,100.0,125.0,37.5,19.2424001771182,conservative,conservative
1.0,1.5,0.5,100.0,125.0,62.5,8.253175473054824,conservative,conservative
1.0,1.5,0.5,100.0,125.0,75.0,0.0,exact,exact
1.0,1.5,0.5,100.0,125.0,78.75,-2.9256084232303863,optimistic,optimistic
1.0,1.5,0.5,100.0,125.0,93.75,-17.320271529231547,optimistic,optimistic
1.0,1.5,0.5,100.0,125.0,118.75,-60.96876251001001,optimistic,optimistic
1.0,1.5,0.5,90.0,125.0,0.0,35.0,conservative,conservative
1.0,1.5,0.5,90.0,125.0,31.25,31.030729568981783,conservative,conservative
1.0,1.5,0.5,90.0,125.0,43.37337893224368,27.233740876933552,conservative,conservative
1.0,1.5,0.5,90.0,125.0,62.5,18.253175473054824,conservative,conservative
1.0,1.5,0.5,90.0,125.0,86.74675786448736,0.0,exact,exact
1.0,1.5,0.5,90.0,125.0,91.08409575771174,-4.392246262385797,optimistic,optimistic
1.0,1.5,0.5,90.0,125.0,93.75,-7.3202715292315474,optimistic,optimistic
1.0,1.5,0.5,90.0,125.0,118.75,-50.96876251001001,optimistic,optimistic
1.0,1.5,1.0,100.0,150.0,0.0,50.0,conservative,conservative
1.0,1.5,1.0,100.0,150.0,37.5,45.236875482778146,conservative,conservative
1.0,1.5,1.0,100.0,150.0,55.90169943749474,39.19410907075056,conservative,conservative
1.0,1.5,1.0,100.0,150.0,75.0,29.9038105676658,conservative,conservative
1.0,1.5,1.0,100.0,150.0,111.80339887498948,0.0,exact,exact
1.0,1.5,1.0,100.0,150.0,112.5,-0.7843258350778513,optimistic,optimistic
1.0,1.5,1.0,100.0,150.0,117.39356881873896,-6.625753015084513,optimistic,optimistic
1.0,1.5,1.0,100.0,150.0,142.5,-53.162515012012015,optimistic,optimistic
1.0,1.5,1.0,90.0,150.0,0.0,60.0,conservative,conservative
1.0,1.5,1.0,90.0,150.0,37.5,55.236875482778146,conservative,conservative
1.0,1.5,1.0,90.0,150.0,60.0,47.477270848675204,conservative,conservative
1.0,1.5,1.0,90.0,150.0,75.0,39.9038105676658,conservative,conservative
1.0,1.5,1.0,90.0,150.0,112.5,9.215674164922149,conservative,conservative
1.0,1.5,1.0,90.0,150.0,120.0,0.0,exact,exact
1.0,1.5,1.0,90.0,150.0,126.0,-8.612040202496786,optimistic,optimistic
1.0,1.5,1.0,90.0,150.0,142.5,-43.162515012012015,optimistic,optimistic
1.0,1.8,0.0,100.0,100.0,0.0,0.0,exact,exact
1.0,1.8,0.0,100.0,100.0,25.0,-3.175416344814579,optimistic,optimistic
1.0,1.8,0.0,100.0,100.0,50.0,-13.397459621556138,optimistic,optimistic
1.0,1.8,0.0,100.0,100.0,75.0,-33.85621722338523,optimistic,optimistic
1.0,1.8,0.0,100.0,100.0,95.0,-68.77501000800801,optimistic,optimistic
1.0,1.8,0.0,90.0,100.0,0.0,10.0,conservative,conservative
1.0,1.8,0.0,90.0,100.0,21.79449471770337,7.596106479715672,conservative,conservative
1.0,1.8,0.0,90.0,100.0,25.0,6.824583655185421,conservative,conservative
1.0,1.8,0.0,90.0,100.0,43.58898943540674,0.0,exact,exact
1.0,1.8,0.0,90.0,100.0,45.76843890717708,-1.088527174497898,optimistic,optimistic
1.0,1.8,0.0,90.0,100.0,50.0,-3.3974596215561377,optimistic,optimistic
1.0,1.8,0.0,90.0,100.0,75.0,-23.85621722338523,optimistic,optimistic
1.0,1.8,0.0,90.0,100.0,95.0,-58.77501000800801,optimistic,optimistic
1.0,1.8,0.5,100.0,140.0,0.0,40.0,conservative,conservative
1.0,1.8,0.5,100.0,140.0,35.0,35.55441711725959,conservative,conservative
1.0,1.8,0.5,100.0,140.0,48.98979485566356,31.148770486040007,conservative,conservative
1.0,1.8,0.5,100.0,140.0,70.0,21.243556529821404,conservative,conservative
1.0,1.8,0.5,100.0,140.0,97.97958971132712,0.0,exact,exact
1.0,1.8,0.5,100.0,140.0,102.87856919689348,-5.047380236246241,optimistic,optimistic
1.0,1.8,0.5,100.0,140.0,105.0,-7.398704112739324,optimistic,optimistic
1.0,1.8,0.5,100.0,140.0,133.0,-56.28501401121121,optimistic,optimistic
1.0,1.8,0.5,90.0,140.0,0.0,50.0,conservative,conservative
1.0,1.8,0.5,90.0,140.0,35.0,45.55441711725959,conservative,conservative
1.0,1.8,0.5,90.0,140.0,53.61902647381804,39.325171563775626,conservative,conservative
1.0,1.8,0.5,90.0,140.0,70.0,31.243556529821404,conservative,conservative
1.0,1.8,0.5,90.0,140.0,105.0,2.601295887260676,conservative,conservative
1.0,1.8,0.5,90.0,140.0,107.23805294763608,1.4210854715202004e-14,exact,exact
1.0,1.8,0.5,90.0,140.0,112.59995559501789,-6.805949731967004,optimistic,optimistic
1.0,1.8,0.5,90.0,140.0,133.0,-46.28501401121121,optimistic,optimistic
1.0,1.8,1.0,100.0,180.0,0.0,80.0,conservative,conservative
1.0,1.8,1.0,100.0,180.0,45.0,74.28425057933376,conservative,conservative
1.0,1.8,1.0,100.0,180.0,74.83314773547883,63.707055437448986,conservative,conservative
1.0,1.8,1.0,100.0,180.0,90.0,55.88457268119896,conservative,conservative
1.0,1.8,1.0,100.0,180.0,135.0,19.05880899790658,conservative,conservative
1.0,1.8,1.0,100.0,180.0,149.66629547095766,-1.4210854715202004e-14,exact,exact
1.0,1.8,1.0,100.0,180.0,157.14961024450557,-12.22756697003328,optimistic,optimistic
1.0,1.8,1.0,100.0,180.0,171.0,-43.79501801441442,optimistic,optimistic
1.0,1.8,1.0,90.0,180.0,0.0,90.0,conservative,conservative
1.0,1.8,1.0,90.0,180.0,45.0,84.28425057933376,conservative,conservative
1.0,1.8,1.0,90.0,180.0,77.94228634059948,72.24980739587951,conservative,conservative
1.0,1.8,1.0,90.0,180.0,90.0,65.88457268119896,conservative,conservative
1.0,1.8,1.0,90.0,180.0,135.0,29.05880899790658,conservative,conservative
1.0,1.8,1.0,90.0,180.0,155.88457268119896,0.0,exact,exact
1.0,1.8,1.0,90.0,180.0,163.6788013152589,-15.105073603080427,optimistic,optimistic
1.0,1.8,1.0,90.0,180.0,171.0,-33.79501801441442,optimistic,optimistic
1.02,1.0,0.0,100.0,102.0,0.0,2.0,conservative,conservative
1.02,1.0,0.0,100.0,102.0,10.04987562112089,1.503694514042195,conservative,conservative
1.02,1.0,0.0,100.0,102.0,20.09975124224178,0.0,exact,exact
1.02,1.0,0.0,100.0,102.0,21.104738804353868,-0.20726479347307247,optimistic,optimistic
1.02,1.0,0.0,100.0,102.0,25.5,-1.2389246717108762,optimistic,optimistic
1.02,1.0,0.0,100.0,102.0,51.0,-11.665408813987256,optimistic,optimistic
1.02,1.0,0.0,100.0,102.0,76.5,-32.53334156785294,optimistic,optimistic
1.02,1.0,0.0,100.0,102.0,96.89999999999999,-68.15051020816816,optimistic,optimistic
1.02,1.0,0.0,90.0,102.0,0.0,12.0,conservative,conservative
1.02,1.0,0.0,90.0,102.0,24.0,9.136269851149834,conservative,conservative
1.02,1.0,0.0,90.0,102.0,25.5,8.761075328289124,conservative,conservative
1.02,1.0,0.0,90.0,102.0,48.0,0.0,exact,exact
1.02,1.0,0.0,90.0,102.0,50.400000000000006,-1.3217050231568805,optimistic,optimistic
1.02,1.0,0.0,90.0,102.0,51.0,-1.6654088139872556,optimistic,optimistic
1.02,1.0,0.0,90.0,102.0,76.5,-22.533341567852943,optimistic,optimistic
1.02,1.0,0.0,90.0,102.0,96.89999999999999,-58.15051020816815,optimistic,optimistic
1.02,1.0,0.5,100.0,102.0,0.0,2.0,conservative,conservative
1.02,1.0,0.5,100.0,102.0,10.04987562112089,1.503694514042195,conservative,conservative
1.02,1.0,0.5,100.0,102.0,20.09975124224178,0.0,exact,exact
1.02,1.0,0.5,100.0,102.0,21.104738804353868,-0.20726479347307247,optimistic,optimistic
1.02,1.0,0.5,100.0,102.0,25.5,-1.2389246717108762,optimistic,optimistic
1.02,1.0,0.5,100.0,102.0,51.0,-11.665408813987256,optimistic,optimistic
1.02,1.0,0.5,100.0,102.0,76.5,-32.53334156785294,optimistic,optimistic
1.02,1.0,0.5,100.0,102.0,96.89999999999999,-68.15051020816816,optimistic,optimistic
1.02,1.0,0.5,90.0,102.0,0.0,12.0,conservative,conservative
1.02,1.0,0.5,90.0,102.0,24.0,9.136269851149834,conservative,conservative
1.02,1.0,0.5,90.0,102.0,25.5,8.761075328289124,conservative,conservative
1.02,1.0,0.5,90.0,102.0,48.0,0.0,exact,exact
1.02,1.0,0.5,90.0,102.0,50.400000000000006,-1.3217050231568805,optimistic,optimistic
1.02,1.0,0.5,90.0,102.0,51.0,-1.6654088139872556,optimistic,optimistic
1.02,1.0,0.5,90.0,102.0,76.5,-22.533341567852943,optimistic,optimistic
1.02,1.0,0.5,90.0,102.0,96.89999999999999,-58.15051020816815,optimistic,optimistic
1.02,1.0,1.0,100.0,102.0,0.0,2.0,conservative,conservative
1.02,1.0,1.0,100.0,102.0,10.04987562112089,1.503694514042195,conservative,conservative
1.02,1.0,1.0,100.0,102.0,20.09975124224178,0.0,exact,exact
1.02,1.0,1.0,100.0,102.0,21.104738804353868,-0.20726479347307247,optimistic,optimistic
1.02,1.0,1.0,100.0,102.0,25.5,-1.2389246717108762,optimistic,optimistic
1.02,1.0,1.0,100.0,102.0,51.0,-11.665408813987256,optimistic,optimistic
1.02,1.0,1.0,100.0,102.0,76.5,-32.53334156785294,optimistic,optimistic
1.02,1.0,1.0,100.0,102.0,96.89999999999999,-68.15051020816816,optimistic,optimistic
1.02,1.0,1.0,90.0,102.0,0.0,12.0,conservative,conservative
1.02,1.0,1.0,90.0,102.0,24.0,9.136269851149834,conservative,conservative
1.02,1.0,1.0,90.0,102.0,25.5,8.761075328289124,conservative,conservative
1.02,1.0,1.0,90.0,102.0,48.0,0.0,exact,exact
1.02,1.0,1.0,90.0,102.0,50.400000000000006,-1.3217050231568805,optimistic,optimistic
1.02,1.0,1.0,90.0,102.0,51.0,-1.6654088139872556,optimistic,optimistic
1.02,1.0,1.0,90.0,102.0,76.5,-22.533341567852943,optimistic,optimistic
1.02,1.0,1.0,90.0,102.0,96.89999999999999,-58.15051020816815,optimistic,optimistic
1.02,1.1,0.0,100.0,102.0,0.0,2.0,conservative,conservative
1.02,1.1,0.0,100.0,102.0,10.04987562112089,1.503694514042195,conservative,conservative
1.02,1.1,0.0,100.0,102.0,20.09975124224178,0.0,exact,exact
1.02,1.1,0.0,100.0,102.0,21.104738804353868,-0.20726479347307247,optimistic,optimistic
1.02,1.1,0.0,100.0,102.0,25.5,-1.2389246717108762,optimistic,optimistic
1.02,1.1,0.0,100.0,102.0,51.0,-11.665408813987256,optimistic,optimistic
1.02,1.1,0.0,100.0,102.0,76.5,-32.53334156785294,optimistic,optimistic
1.02,1.1,0.0,100.0,102.0,96.89999999999999,-68.15051020816816,optimistic,optimistic
1.02,1.1,0.0,90.0,102.0,0.0,12.0,conservative,conservative
1.02,1.1,0.0,90.0,102.0,24.0,9.136269851149834,conservative,conservative
1.02,1.1,0.0,90.0,102.0,25.5,8.761075328289124,conservative,conservative
1.02,1.1,0.0,90.0,102.0,48.0,0.0,exact,exact
1.02,1.1,0.0,90.0,102.0,50.400000000000006,-1.3217050231568805,optimistic,optimistic
1.02,1.1,0.0,90.0,102.0,51.0,-1.6654088139872556,optimistic,optimistic
1.02,1.1,0.0,90.0,102.0,76.5,-22.533341567852943,optimistic,optimistic
1.02,1.1,0.0,90.0,102.0,96.89999999999999,-58.15051020816815,optimistic,optimistic
1.02,1.1,0.5,100.0,107.10000000000002,0.0,7.100000000000023,conservative,conservative
1.02,1.1,0.5,100.0,107.10000000000002,19.172962734016913,5.369860491508689,conservative,conservative
1.02,1.1,0.5,100.0,107.10000000000002,26.775000000000006,3.6991290947036077,conservative,conservative
1.02,1.1,0.5,100.0,107.10000000000002,38.345925468033826,0.0,exact,exact
1.02,1.1,0.5,100.0,107.10000000000002,40.26322174143552,-0.7564461791094601,optimistic,optimistic
1.02,1.1,0.5,100.0,107.10000000000002,53.55000000000001,-7.248679254686593,optimistic,optimistic
1.02,1.1,0.5,100.0,107.10000000000002,80.32500000000002,-29.160008646245572,optimistic,optimistic
1.02,1.1,0.5,100.0,107.10000000000002,101.74500000000002,-66.55803571857655,optimistic,optimistic
1.02,1.1,0.5,90.0,107.10000000000002,0.0,17.100000000000023,conservative,conservative
1.02,1.1,0.5,90.0,107.10000000000002,26.775000000000006,13.699129094703608,conservative,conservative
1.02,1.1,0.5,90.0,107.10000000000002,29.02761616116627,13.091258116292309,conservative,conservative
1.02,1.1,0.5,90.0,107.10000000000002,53.55000000000001,2.751320745313407,conservative,conservative
1.02,1.1,0.5,90.0,107.10000000000002,58.05523232233254,0.0,exact,exact
1.02,1.1,0.5,90.0,107.10000000000002,60.95799393844917,-1.940173887294094,optimistic,optimistic
1.02,1.1,0.5,90.0,107.10000000000002,80.32500000000002,-19.160008646245572,optimistic,optimistic
1.02,1.1,0.5,90.0,107.10000000000002,101.74500000000002,-56.55803571857654,optimistic,optimistic
1.02,1.1,1.0,100.0,112.20000000000002,0.0,12.200000000000017,conservative,conservative
1.02,1.1,1.0,100.0,112.20000000000002,25.440322325002114,9.277765350504865,conservative,conservative
1.02,1.1,1.0,100.0,112.20000000000002,28.050000000000004,8.637182861118063,conservative,conservative
1.02,1.1,1.0,100.0,112.20000000000002,50.88064465000423,0.0,exact,exact
1.02,1.1,1.0,100.0,112.20000000000002,53.42467688250444,-1.3357009856148636,optimistic,optimistic
1.02,1.1,1.0,100.0,112.20000000000002,56.10000000000001,-2.8319496953859726,optimistic,optimistic
1.02,1.1,1.0,100.0,112.20000000000002,84.15,-25.786675724638215,optimistic,optimistic
1.02,1.1,1.0,100.0,112.20000000000002,106.59000000000002,-64.965561228985,optimistic,optimistic
1.02,1.1,1.0,90.0,112.20000000000002,0.0,22.200000000000017,conservative,conservative
1.02,1.1,1.0,90.0,112.20000000000002,28.050000000000004,18.637182861118063,conservative,conservative
1.02,1.1,1.0,90.0,112.20000000000002,33.49940297975474,17.082351487068138,conservative,conservative
1.02,1.1,1.0,90.0,112.20000000000002,56.10000000000001,7.168050304614027,conservative,conservative
1.02,1.1,1.0,90.0,112.20000000000002,66.99880595950948,0.0,exact,exact
1.02,1.1,1.0,90.0,112.20000000000002,70.34874625748496,-2.5935133986041166,optimistic,optimistic
1.02,1.1,1.0,90.0,112.20000000000002,84.15,-15.786675724638215,optimistic,optimistic
1.02,1.1,1.0,90.0,112.20000000000002,106.59000000000002,-54.965561228984996,optimistic,optimistic
1.02,1.2,0.0,100.0,102.0,0.0,2.0,conservative,conservative
1.02,1.2,0.0,100.0,102.0,10.04987562112089,1.503694514042195,conservative,conservative
1.02,1.2,0.0,100.0,102.0,20.09975124224178,0.0,exact,exact
1.02,1.2,0.0,100.0,102.0,21.104738804353868,-0.20726479347307247,optimistic,optimistic
1.02,1.2,0.0,100.0,102.0,25.5,-1.2389246717108762,optimistic,optimistic
1.02,1.2,0.0,100.0,102.0,51.0,-11.665408813987256,optimistic,optimistic
1.02,1.2,0.0,100.0,102.0,76.5,-32.53334156785294,optimistic,optimistic
1.02,1.2,0.0,100.0,102.0,96.89999999999999,-68.15051020816816,optimistic,optimistic
1.02,1.2,0.0,90.0,102.0,0.0,12.0,conservative,conservative
1.02,1.2,0.0,90.0,102.0,24.0,9.136269851149834,conservative,conservative
1.02,1.2,0.0,90.0,102.0,25.5,8.761075328289124,conservative,conservative
1.02,1.2,0.0,90.0,102.0,48.0,0.0,exact,exact
1.02,1.2,0.0,90.0,102.0,50.400000000000006,-1.3217050231568805,optimistic,optimistic
1.02,1.2,0.0,90.0,102.0,51.0,-1.6654088139872556,optimistic,optimistic
1.02,1.2,0.0,90.0,102.0,76.5,-22.533341567852943,optimistic,optimistic
1.02,1.2,0.0,90.0,102.0,96.89999999999999,-58.15051020816815,optimistic,optimistic
1.02,1.2,0.5,100.0,112.20000000000002,0.0,12.200000000000017,conservative,conservative
1.02,1.2,0.5,100.0,112.20000000000002,25.440322325002114,9.277765350504865,conservative,conservative
1.02,1.2,0.5,100.0,112.20000000000002,28.050000000000004,8.637182861118063,conservative,conservative
1.02,1.2,0.5,100.0,112.20000000000002,50.88064465000423,0.0,exact,exact
1.02,1.2,0.5,100.0,112.20000000000002,53.42467688250444,-1.3357009856148636,optimistic,optimistic
1.02,1.2,0.5,100.0,112.20000000000002,56.10000000000001,-2.8319496953859726,optimistic,optimistic
1.02,1.2,0.5,100.0,112.20000000000002,84.15,-25.786675724638215,optimistic,optimistic
1.02,1.2,0.5,100.0,112.20000000000002,106.59000000000002,-64.965561228985,optimistic,optimistic
1.02,1.2,0.5,90.0,112.20000000000002,0.0,22.200000000000017,conservative,conservative
1.02,1.2,0.5,90.0,112.20000000000002,28.050000000000004,18.637182861118063,conservative,conservative
1.02,1.2,0.5,90.0,112.20000000000002,33.49940297975474,17.082351487068138,conservative,conservative
1.02,1.2,0.5,90.0,112.20000000000002,56.10000000000001,7.168050304614027,conservative,conservative
1.02,1.2,0.5,90.0,112.20000000000002,66.99880595950948,0.0,exact,exact
1.02,1.2,0.5,90.0,112.20000000000002,70.34874625748496,-2.5935133986041166,optimistic,optimistic
1.02,1.2,0.5,90.0,112.20000000000002,84.15,-15.786675724638215,optimistic,optimistic
1.02,1.2,0.5,90.0,112.20000000000002,106.59000000000002,-54.965561228984996,optimistic,optimistic
1.02,1.2,1.0,100.0,122.39999999999999,0.0,22.39999999999999,conservative,conservative
1.02,1.2,1.0,100.0,122.39999999999999,30.599999999999998,18.513290393946946,conservative,conservative
1.02,1.2,1.0,100.0,122.39999999999999,35.29079200018044,17.202047763680312,conservative,conservative
1.02,1.2,1.0,100.0,122.39999999999999,61.199999999999996,6.001509423215282,conservative,conservative
1.02,1.2,1.0,100.0,122.39999999999999,70.58158400036088,0.0,exact,exact
1.02,1.2,1.0,100.0,122.39999999999999,74.11066320037892,-2.586604617229355,optimistic,optimistic
1.02,1.2,1.0,100.0,122.39999999999999,91.8,-19.040009881423543,optimistic,optimistic
1.02,1.2,1.0,100.0,122.39999999999999,116.27999999999999,-61.78061224980179,optimistic,optimistic
1.02,1.2,1.0,90.0,122.39999999999999,0.0,32.39999999999999,conservative,conservative
1.02,1.2,1.0,90.0,122.39999999999999,30.599999999999998,28.513290393946946,conservative,conservative
1.02,1.2,1.0,90.0,122.39999999999999,41.47818703849048,25.157804772407843,conservative,conservative
1.02,1.2,1.0,90.0,122.39999999999999,61.199999999999996,16.001509423215282,conservative,conservative
1.02,1.2,1.0,90.0,122.39999999999999,82.95637407698096,0.0,exact,exact
1.02,1.2,1.0,90.0,122.39999999999999,87.10419278083002,-4.0080259559068026,optimistic,optimistic
1.02,1.2,1.0,90.0,122.39999999999999,91.8,-9.040009881423543,optimistic,optimistic
1.02,1.2,1.0,90.0,122.39999999999999,116.27999999999999,-51.78061224980179,optimistic,optimistic
1.02,1.35,0.0,100.0,102.0,0.0,2.0,conservative,conservative
1.02,1.35,0.0,100.0,102.0,10.04987562112089,1.503694514042195,conservative,conservative
1.02,1.35,0.0,100.0,102.0,20.09975124224178,0.0,exact,exact
1.02,1.35,0.0,100.0,102.0,21.104738804353868,-0.20726479347307247,optimistic,optimistic
1.02,1.35,0.0,100.0,102.0,25.5,-1.2389246717108762,optimistic,optimistic
1.02,1.35,0.0,100.0,102.0,51.0,-11.665408813987256,optimistic,optimistic
1.02,1.35,0.0,100.0,102.0,76.5,-32.53334156785294,optimistic,optimistic
1.02,1.35,0.0,100.0,102.0,96.89999999999999,-68.15051020816816,optimistic,optimistic
1.02,1.35,0.0,90.0,102.0,0.0,12.0,conservative,conservative
1.02,1.35,0.0,90.0,102.0,24.0,9.136269851149834,conservative,conservative
1.02,1.35,0.0,90.0,102.0,25.5,8.761075328289124,conservative,conservative
1.02,1.35,0.0,90.0,102.0,48.0,0.0,exact,exact
1.02,1.35,0.0,90.0,102.0,50.400000000000006,-1.3217050231568805,optimistic,optimistic
1.02,1.35,0.0,90.0,102.0,51.0,-1.6654088139872556,optimistic,optimistic
1.02,1.35,0.0,90.0,102.0,76.5,-22.533341567852943,optimistic,optimistic
1.02,1.35,0.0,90.0,102.0,96.89999999999999,-58.15051020816815,optimistic,optimistic
1.02,1.35,0.5,100.0,119.85000000000001,0.0,19.85000000000001,conservative,conservative
1.02,1.35,0.5,100.0,119.85000000000001,29.962500000000002,16.04426351073974,conservative,conservative
1.02,1.35,0.5,100.0,119.85000000000001,33.03037427883615,15.208579867126218,conservative,conservative
1.02,1.35,0.5,100.0,119.85000000000001,59.925000000000004,3.793144643564972,conservative,conservative
1.02,1.35,0.5,100.0,119.85000000000001,66.0607485576723,0.0,exact,exact
1.02,1.35,0.5,100.0,119.85000000000001,69.36378598555592,-2.2621481014136577,optimistic,optimistic
1.02,1.35,0.5,100.0,119.85000000000001,89.8875,-20.726676342227194,optimistic,optimistic
1.02,1.35,0.5,100.0,119.85000000000001,113.8575,-62.57684949459757,optimistic,optimistic
1.02,1.35,0.5,90.0,119.85000000000001,0.0,29.85000000000001,conservative,conservative
1.02,1.35,0.5,90.0,119.85000000000001,29.962500000000002,26.04426351073974,conservative,conservative
1.02,1.35,0.5,90.0,119.85000000000001,39.57278894644653,23.128320393259628,conservative,conservative
1.02,1.35,0.5,90.0,119.85000000000001,59.925000000000004,13.793144643564972,conservative,conservative
1.02,1.35,0.5,90.0,119.85000000000001,79.14557789289306,0.0,exact,exact
1.02,1.35,0.5,90.0,119.85000000000001,83.10285678753772,-3.6406479080001475,optimistic,optimistic
1.02,1.35,0.5,90.0,119.85000000000001,89.8875,-10.726676342227194,optimistic,optimistic
1.02,1.35,0.5,90.0,119.85000000000001,113.8575,-52.57684949459757,optimistic,optimistic
1.02,1.35,1.0,100.0,137.70000000000002,0.0,37.70000000000002,conservative,conservative
1.02,1.35,1.0,100.0,137.70000000000002,34.425000000000004,33.32745169319034,conservative,conservative
1.02,1.35,1.0,100.0,137.70000000000002,47.33204517026495,29.309580078198394,conservative,conservative
1.02,1.35,1.0,100.0,137.70000000000002,68.85000000000001,19.251698101117213,conservative,conservative
1.02,1.35,1.0,100.0,137.70000000000002,94.6640903405299,-1.4210854715202004e-14,exact,exact
1.02,1.35,1.0,100.0,137.70000000000002,99.39729485755639,-4.703264615203111,optimistic,optimistic
1.02,1.35,1.0,100.0,137.70000000000002,103.275,-8.920011116601444,optimistic,optimistic
1.02,1.35,1.0,100.0,137.70000000000002,130.815,-57.00318878102696,optimistic,optimistic
1.02,1.35,1.0,90.0,137.70000000000002,0.0,47.70000000000002,conservative,conservative
1.02,1.35,1.0,90.0,137.70000000000002,34.425000000000004,43.32745169319034,conservative,conservative
1.02,1.35,1.0,90.0,137.70000000000002,52.10875646184623,37.45967009215113,conservative,conservative
1.02,1.35,1.0,90.0,137.70000000000002,68.85000000000001,29.251698101117213,conservative,conservative
1.02,1.35,1.0,90.0,137.70000000000002,103.275,1.0799888833985563,conservative,conservative
1.02,1.35,1.0,90.0,137.70000000000002,104.21751292369245,1.4210854715202004e-14,exact,exact
1.02,1.35,1.0,90.0,137.70000000000002,109.42838856987709,-6.413411512372392,optimistic,optimistic
1.02,1.35,1.0,90.0,137.70000000000002,130.815,-47.00318878102696,optimistic,optimistic
1.02,1.5,0.0,100.0,102.0,0.0,2.0,conservative,conservative
1.02,1.5,0.0,100.0,102.0,10.04987562112089,1.503694514042195,conservative,conservative
1.02,1.5,0.0,100.0,102.0,20.09975124224178,0.0,exact,exact
1.02,1.5,0.0,100.0,102.0,21.104738804353868,-0.20726479347307247,optimistic,optimistic
1.02,1.5,0.0,100.0,102.0,25.5,-1.2389246717108762,optimistic,optimistic
1.02,1.5,0.0,100.0,102.0,51.0,-11.665408813987256,optimistic,optimistic
1.02,1.5,0.0,100.0,102.0,76.5,-32.53334156785294,optimistic,optimistic
1.02,1.5,0.0,100.0,102.0,96.89999999999999,-68.15051020816816,optimistic,optimistic
1.02,1.5,0.0,90.0,102.0,0.0,12.0,conservative,conservative
1.02,1.5,0.0,90.0,102.0,24.0,9.136269851149834,conservative,conservative
1.02,1.5,0.0,90.0,102.0,25.5,8.761075328289124,conservative,conservative
1.02,1.5,0.0,90.0,102.0,48.0,0.0,exact,exact
1.02,1.5,0.0,90.0,102.0,50.400000000000006,-1.3217050231568805,optimistic,optimistic
1.02,1.5,0.0,90.0,102.0,51.0,-1.6654088139872556,optimistic,optimistic
1.02,1.5,0.0,90.0,102.0,76.5,-22.533341567852943,optimistic,optimistic
1.02,1.5,0.0,90.0,102.0,96.89999999999999,-58.15051020816815,optimistic,optimistic
1.02,1.5,0.5,100.0,127.49999999999999,0.0,27.499999999999986,conservative,conservative
1.02,1.5,0.5,100.0,127.49999999999999,31.874999999999996,23.4513441603614,conservative,conservative
1.02,1.5,0.5,100.0,127.49999999999999,39.54823004889092,21.21133404100459,conservative,conservative
1.02,1.5,0.5,100.0,127.49999999999999,63.74999999999999,10.418238982515916,conservative,conservative
1.02,1.5,0.5,100.0,127.49999999999999,79.09646009778184,0.0,exact,exact
1.02,1.5,0.5,100.0,127.49999999999999,83.05128310267094,-3.2594481357481584,optimistic,optimistic
1.02,1.5,0.5,100.0,127.49999999999999,95.62499999999999,-15.666676959816186,optimistic,optimistic
1.02,1.5,0.5,100.0,127.49999999999999,121.12499999999999,-60.18813776021021,optimistic,optimistic
1.02,1.5,0.5,90.0,127.49999999999999,0.0,37.499999999999986,conservative,conservative
1.02,1.5,0.5,90.0,127.49999999999999,31.874999999999996,33.4513441603614,conservative,conservative
1.02,1.5,0.5,90.0,127.49999999999999,45.1559796704711,29.235848216884833,conservative,conservative
1.02,1.5,0.5,90.0,127.49999999999999,63.74999999999999,20.418238982515916,conservative,conservative
1.02,1.5,0.5,90.0,127.49999999999999,90.3119593409422,0.0,exact,exact
1.02,1.5,0.5,90.0,127.49999999999999,94.82755730798931,-4.770988654097366,optimistic,optimistic
1.02,1.5,0.5,90.0,127.49999999999999,95.62499999999999,-5.666676959816186,optimistic,optimistic
1.02,1.5,0.5,90.0,127.49999999999999,121.12499999999999,-50.18813776021021,optimistic,optimistic
1.02,1.5,1.0,100.0,153.0,0.0,53.0,conservative,conservative
1.02,1.5,1.0,100.0,153.0,38.25,48.14161299243369,conservative,conservative
1.02,1.5,1.0,100.0,153.0,57.89861829094024,41.62185565794567,conservative,conservative
1.02,1.5,1.0,100.0,153.0,76.5,32.50188677901912,conservative,conservative
1.02,1.5,1.0,100.0,153.0,114.75,1.199987648220585,conservative,conservative
1.02,1.5,1.0,100.0,153.0,115.79723658188048,0.0,exact,exact
1.02,1.5,1.0,100.0,153.0,121.58709841097452,-7.1260127915249,optimistic,optimistic
1.02,1.5,1.0,100.0,153.0,145.35,-52.22576531225223,optimistic,optimistic
1.02,1.5,1.0,90.0,153.0,0.0,63.0,conservative,conservative
1.02,1.5,1.0,90.0,153.0,38.25,58.14161299243369,conservative,conservative
1.02,1.5,1.0,90.0,153.0,61.86477188190384,49.9348062491959,conservative,conservative
1.02,1.5,1.0,90.0,153.0,76.5,42.50188677901912,conservative,conservative
1.02,1.5,1.0,90.0,153.0,114.75,11.199987648220585,conservative,conservative
1.02,1.5,1.0,90.0,153.0,123.72954376380768,0.0,exact,exact
1.02,1.5,1.0,90.0,153.0,129.91602095199806,-9.186464623802038,optimistic,optimistic
1.02,1.5,1.0,90.0,153.0,145.35,-42.22576531225223,optimistic,optimistic
1.02,1.8,0.0,100.0,102.0,0.0,2.0,conservative,conservative
1.02,1.8,0.0,100.0,102.0,10.04987562112089,1.503694514042195,conservative,conservative
1.02,1.8,0.0,100.0,102.0,20.09975124224178,0.0,exact,exact
1.02,1.8,0.0,100.0,102.0,21.104738804353868,-0.20726479347307247,optimistic,optimistic
1.02,1.8,0.0,100.0,102.0,25.5,-1.2389246717108762,optimistic,optimistic
1.02,1.8,0.0,100.0,102.0,51.0,-11.665408813987256,optimistic,optimistic
1.02,1.8,0.0,100.0,102.0,76.5,-32.53334156785294,optimistic,optimistic
1.02,1.8,0.0,100.0,102.0,96.89999999999999,-68.15051020816816,optimistic,optimistic
1.02,1.8,0.0,90.0,102.0,0.0,12.0,conservative,conservative
1.02,1.8,0.0,90.0,102.0,24.0,9.136269851149834,conservative,conservative
1.02,1.8,0.0,90.0,102.0,25.5,8.761075328289124,conservative,conservative
1.02,1.8,0.0,90.0,102.0,48.0,0.0,exact,exact
1.02,1.8,0.0,90.0,102.0,50.400000000000006,-1.3217050231568805,optimistic,optimistic
1.02,1.8,0.0,90.0,102.0,51.0,-1.6654088139872556,optimistic,optimistic
1.02,1.8,0.0,90.0,102.0,76.5,-22.533341567852943,optimistic,optimistic
1.02,1.8,0.0,90.0,102.0,96.89999999999999,-58.15051020816815,optimistic,optimistic
1.02,1.8,0.5,100.0,142.79999999999998,0.0,42.79999999999998,conservative,conservative
1.02,1.8,0.5,100.0,142.79999999999998,35.699999999999996,38.26550545960478,conservative,conservative
1.02,1.8,0.5,100.0,142.79999999999998,50.97018736477235,33.393702999804304,conservative,conservative
1.02,1.8,0.5,100.0,142.79999999999998,71.39999999999999,23.668427660417834,conservative,conservative
1.02,1.8,0.5,100.0,142.79999999999998,101.9403747295447,0.0,exact,exact
1.02,1.8,0.5,100.0,142.79999999999998,107.03739346602194,-5.47573644825367,optimistic,optimistic
1.02,1.8,0.5,100.0,142.79999999999998,107.1,-5.546678194994129,optimistic,optimistic
1.02,1.8,0.5,100.0,142.79999999999998,135.65999999999997,-55.41071429143537,optimistic,optimistic
1.02,1.8,0.5,90.0,142.79999999999998,0.0,52.79999999999998,conservative,conservative
1.02,1.8,0.5,90.0,142.79999999999998,35.699999999999996,48.26550545960478,conservative,conservative
1.02,1.8,0.5,90.0,142.79999999999998,55.43428541976526,41.60121579985497,conservative,conservative
1.02,1.8,0.5,90.0,142.79999999999998,71.39999999999999,33.668427660417834,conservative,conservative
1.02,1.8,0.5,90.0,142.79999999999998,107.1,4.453321805005871,conservative,conservative
1.02,1.8,0.5,90.0,142.79999999999998,110.86857083953052,0.0,exact,exact
1.02,1.8,0.5,90.0,142.79999999999998,116.41199938150704,-7.295185146208084,optimistic,optimistic
1.02,1.8,0.5,90.0,142.79999999999998,135.65999999999997,-45.41071429143537,optimistic,optimistic
1.02,1.8,1.0,100.0,183.6,0.0,83.6,conservative,conservative
1.02,1.8,1.0,100.0,183.6,45.9,77.76993559092043,conservative,conservative
1.02,1.8,1.0,100.0,183.6,76.98857058031406,66.67849291375299,conservative,conservative
1.02,1.8,1.0,100.0,183.6,91.8,59.00226413482295,conservative,conservative
1.02,1.8,1.0,100.0,183.6,137.7,21.439985177864713,conservative,conservative
1.02,1.8,1.0,100.0,183.6,153.97714116062812,0.0,exact,exact
1.02,1.8,1.0,100.0,183.6,161.67599821865954,-12.995220820922754,optimistic,optimistic
1.02,1.8,1.0,100.0,183.6,174.42,-42.67091837470268,optimistic,optimistic
1.02,1.8,1.0,90.0,183.6,0.0,93.6,conservative,conservative
1.02,1.8,1.0,90.0,183.6,45.9,87.76993559092043,conservative,conservative
1.02,1.8,1.0,90.0,183.6,80.01399877521433,75.24745081241042,conservative,conservative
1.02,1.8,1.0,90.0,183.6,91.8,69.00226413482295,conservative,conservative
1.02,1.8,1.0,90.0,183.6,137.7,31.439985177864713,conservative,conservative
1.02,1.8,1.0,90.0,183.6,160.02799755042867,-1.4210854715202004e-14,exact,exact
1.02,1.8,1.0,90.0,183.6,168.0293974279501,-16.006205665610082,optimistic,optimistic
1.02,1.8,1.0,90.0,183.6,174.42,-32.67091837470268,optimistic,optimistic
1.05,1.0,0.0,100.0,105.0,0.0,5.0,conservative,conservative
1.05,1.0,0.0,100.0,105.0,16.00781059358212,3.772587902586295,conservative,conservative
1.05,1.0,0.0,100.0,105.0,26.25,1.6658128379446993,conservative,conservative
1.05,1.0,0.0,100.0,105.0,32.01562118716424,0.0,exact,exact
1.05,1.0,0.0,100.0,105.0,33.616402246522455,-0.5266995621438184,optimistic,optimistic
1.05,1.0,0.0,100.0,105.0,52.5,-9.06733260263394,optimistic,optimistic
1.05,1.0,0.0,100.0,105.0,78.75,-30.549028084554493,optimistic,optimistic
1.05,1.0,0.0,100.0,105.0,99.75,-67.21376050840841,optimistic,optimistic
1.05,1.0,0.0,90.0,105.0,0.0,15.0,conservative,conservative
1.05,1.0,0.0,90.0,105.0,26.25,11.6658128379447,conservative,conservative
1.05,1.0,0.0,90.0,105.0,27.04163456597992,11.458119438515126,conservative,conservative
1.05,1.0,0.0,90.0,105.0,52.5,0.9326673973660604,conservative,conservative
1.05,1.0,0.0,90.0,105.0,54.08326913195984,0.0,exact,exact
1.05,1.0,0.0,90.0,105.0,56.787432588557834,-1.6813298333812128,optimistic,optimistic
1.05,1.0,0.0,90.0,105.0,78.75,-20.549028084554493,optimistic,optimistic
1.05,1.0,0.0,90.0,105.0,99.75,-57.21376050840841,optimistic,optimistic
1.05,1.0,0.5,100.0,105.0,0.0,5.0,conservative,conservative
1.05,1.0,0.5,100.0,105.0,16.00781059358212,3.772587902586295,conservative,conservative
1.05,1.0,0.5,100.0,105.0,26.25,1.6658128379446993,conservative,conservative
1.05,1.0,0.5,100.0,105.0,32.01562118716424,0.0,exact,exact
1.05,1.0,0.5,100.0,105.0,33.616402246522455,-0.5266995621438184,optimistic,optimistic
1.05,1.0,0.5,100.0,105.0,52.5,-9.06733260263394,optimistic,optimistic
1.05,1.0,0.5,100.0,105.0,78.75,-30.549028084554493,optimistic,optimistic
1.05,1.0,0.5,100.0,105.0,99.75,-67.21376050840841,optimistic,optimistic
1.05,1.0,0.5,90.0,105.0,0.0,15.0,conservative,conservative
1.05,1.0,0.5,90.0,105.0,26.25,11.6658128379447,conservative,conservative
1.05,1.0,0.5,90.0,105.0,27.04163456597992,11.458119438515126,conservative,conservative
1.05,1.0,0.5,90.0,105.0,52.5,0.9326673973660604,conservative,conservative
1.05,1.0,0.5,90.0,105.0,54.08326913195984,0.0,exact,exact
1.05,1.0,0.5,90.0,105.0,56.787432588557834,-1.6813298333812128,optimistic,optimistic
1.05,1.0,0.5,90.0,105.0,78.75,-20.549028084554493,optimistic,optimistic
1.05,1.0,0.5,90.0,105.0,99.75,-57.21376050840841,optimistic,optimistic
1.05,1.0,1.0,100.0,105.0,0.0,5.0,conservative,conservative
1.05,1.0,1.0,100.0,105.0,16.00781059358212,3.772587902586295,conservative,conservative
1.05,1.0,1.0,100.0,105.0,26.25,1.6658128379446993,conservative,conservative
1.05,1.0,1.0,100.0,105.0,32.01562118716424,0.0,exact,exact
1.05,1.0,1.0,100.0,105.0,33.616402246522455,-0.5266995621438184,optimistic,optimistic
1.05,1.0,1.0,100.0,105.0,52.5,-9.06733260263394,optimistic,optimistic
1.05,1.0,1.0,100.0,105.0,78.75,-30.549028084554493,optimistic,optimistic
1.05,1.0,1.0,100.0,105.0,99.75,-67.21376050840841,optimistic,optimistic
1.05,1.0,1.0,90.0,105.0,0.0,15.0,conservative,conservative
1.05,1.0,1.0,90.0,105.0,26.25,11.6658128379447,conservative,conservative
1.05,1.0,1.0,90.0,105.0,27.04163456597992,11.458119438515126,conservative,conservative
1.05,1.0,1.0,90.0,105.0,52.5,0.9326673973660604,conservative,conservative
1.05,1.0,1.0,90.0,105.0,54.08326913195984,0.0,exact,exact
1.05,1.0,1.0,90.0,105.0,56.787432588557834,-1.6813298333812128,optimistic,optimistic
1.05,1.0,1.0,90.0,105.0,78.75,-20.549028084554493,optimistic,optimistic
1.05,1.0,1.0,90.0,105.0,99.75,-57.21376050840841,optimistic,optimistic
1.05,1.1,0.0,100.0,105.0,0.0,5.0,conservative,conservative
1.05,1.1,0.0,100.0,105.0,16.00781059358212,3.772587902586295,conservative,conservative
1.05,1.1,0.0,100.0,105.0,26.25,1.6658128379446993,conservative,conservative
1.05,1.1,0.0,100.0,105.0,32.01562118716424,0.0,exact,exact
1.05,1.1,0.0,100.0,105.0,33.616402246522455,-0.5266995621438184,optimistic,optimistic
1.05,1.1,0.0,100.0,105.0,52.5,-9.06733260263394,optimistic,optimistic
1.05,1.1,0.0,100.0,105.0,78.75,-30.549028084554493,optimistic,optimistic
1.05,1.1,0.0,100.0,105.0,99.75,-67.21376050840841,optimistic,optimistic
1.05,1.1,0.0,90.0,105.0,0.0,15.0,conservative,conservative
1.05,1.1,0.0,90.0,105.0,26.25,11.6658128379447,conservative,conservative
1.05,1.1,0.0,90.0,105.0,27.04163456597992,11.458119438515126,conservative,conservative
1.05,1.1,0.0,90.0,105.0,52.5,0.9326673973660604,conservative,conservative
1.05,1.1,0.0,90.0,105.0,54.08326913195984,0.0,exact,exact
1.05,1.1,0.0,90.0,105.0,56.787432588557834,-1.6813298333812128,optimistic,optimistic
1.05,1.1,0.0,90.0,105.0,78.75,-20.549028084554493,optimistic,optimistic
1.05,1.1,0.0,90.0,105.0,99.75,-57.21376050840841,optimistic,optimistic
1.05,1.1,0.5,100.0,110.25,0.0,10.25,conservative,conservative
1.05,1.1,0.5,100.0,110.25,23.211325360694076,7.778925931742336,conservative,conservative
1.05,1.1,0.5,100.0,110.25,27.5625,6.749103479841935,conservative,conservative
1.05,1.1,0.5,100.0,110.25,46.42265072138815,0.0,exact,exact
1.05,1.1,0.5,100.0,110.25,48.74378325745756,-1.1106371051466368,optimistic,optimistic
1.05,1.1,0.5,100.0,110.25,55.125,-4.520699232765637,optimistic,optimistic
1.05,1.1,0.5,100.0,110.25,82.6875,-27.076479488782226,optimistic,optimistic
1.05,1.1,0.5,100.0,110.25,104.7375,-65.57444853382881,optimistic,optimistic
1.05,1.1,0.5,90.0,110.25,0.0,20.25,conservative,conservative
1.05,1.1,0.5,90.0,110.25,27.5625,16.749103479841935,conservative,conservative
1.05,1.1,0.5,90.0,110.25,31.839686320691037,15.55234187359369,conservative,conservative
1.05,1.1,0.5,90.0,110.25,55.125,5.479300767234363,conservative,conservative
1.05,1.1,0.5,90.0,110.25,63.67937264138207,0.0,exact,exact
1.05,1.1,0.5,90.0,110.25,66.86334127345118,-2.3395408764590115,optimistic,optimistic
1.05,1.1,0.5,90.0,110.25,82.6875,-17.076479488782226,optimistic,optimistic
1.05,1.1,0.5,90.0,110.25,104.7375,-55.574448533828814,optimistic,optimistic
1.05,1.1,1.0,100.0,115.50000000000003,0.0,15.500000000000028,conservative,conservative
1.05,1.1,1.0,100.0,115.50000000000003,28.875000000000007,11.832394121739199,conservative,conservative
1.05,1.1,1.0,100.0,115.50000000000003,28.89744798420791,11.82659567383783,conservative,conservative
1.05,1.1,1.0,100.0,115.50000000000003,57.750000000000014,0.025934137102694876,conservative,conservative
1.05,1.1,1.0,100.0,115.50000000000003,57.79489596841582,0.0,exact,exact
1.05,1.1,1.0,100.0,115.50000000000003,60.684640766836615,-1.7267870933284257,optimistic,optimistic
1.05,1.1,1.0,100.0,115.50000000000003,86.62500000000003,-23.60393089300993,optimistic,optimistic
1.05,1.1,1.0,100.0,115.50000000000003,109.72500000000002,-63.935136559249216,optimistic,optimistic
1.05,1.1,1.0,90.0,115.50000000000003,0.0,25.50000000000003,conservative,conservative
1.05,1.1,1.0,90.0,115.50000000000003,28.875000000000007,21.8323941217392,conservative,conservative
1.05,1.1,1.0,90.0,115.50000000000003,36.19478553604099,19.682211410966758,conservative,conservative
1.05,1.1,1.0,90.0,115.50000000000003,57.750000000000014,10.025934137102695,conservative,conservative
1.05,1.1,1.0,90.0,115.50000000000003,72.38957107208198,0.0,exact,exact
1.05,1.1,1.0,90.0,115.50000000000003,76.00904962568607,-3.0352118671010686,optimistic,optimistic
1.05,1.1,1.0,90.0,115.50000000000003,86.62500000000003,-13.603930893009931,optimistic,optimistic
1.05,1.1,1.0,90.0,115.50000000000003,109.72500000000002,-53.935136559249216,optimistic,optimistic
1.05,1.2,0.0,100.0,105.0,0.0,5.0,conservative,conservative
1.05,1.2,0.0,100.0,105.0,16.00781059358212,3.772587902586295,conservative,conservative
1.05,1.2,0.0,100.0,105.0,26.25,1.6658128379446993,conservative,conservative
1.05,1.2,0.0,100.0,105.0,32.01562118716424,0.0,exact,exact
1.05,1.2,0.0,100.0,105.0,33.616402246522455,-0.5266995621438184,optimistic,optimistic
1.05,1.2,0.0,100.0,105.0,52.5,-9.06733260263394,optimistic,optimistic
1.05,1.2,0.0,100.0,105.0,78.75,-30.549028084554493,optimistic,optimistic
1.05,1.2,0.0,100.0,105.0,99.75,-67.21376050840841,optimistic,optimistic
1.05,1.2,0.0,90.0,105.0,0.0,15.0,conservative,conservative
1.05,1.2,0.0,90.0,105.0,26.25,11.6658128379447,conservative,conservative
1.05,1.2,0.0,90.0,105.0,27.04163456597992,11.458119438515126,conservative,conservative
1.05,1.2,0.0,90.0,105.0,52.5,0.9326673973660604,conservative,conservative
1.05,1.2,0.0,90.0,105.0,54.08326913195984,0.0,exact,exact
1.05,1.2,0.0,90.0,105.0,56.787432588557834,-1.6813298333812128,optimistic,optimistic
1.05,1.2,0.0,90.0,105.0,78.75,-20.549028084554493,optimistic,optimistic
1.05,1.2,0.0,90.0,105.0,99.75,-57.21376050840841,optimistic,optimistic
1.05,1.2,0.5,100.0,115.50000000000003,0.0,15.500000000000028,conservative,conservative
1.05,1.2,0.5,100.0,115.50000000000003,28.875000000000007,11.832394121739199,conservative,conservative
1.05,1.2,0.5,100.0,115.50000000000003,28.89744798420791,11.82659567383783,conservative,conservative
1.05,1.2,0.5,100.0,115.50000000000003,57.750000000000014,0.025934137102694876,conservative,conservative
1.05,1.2,0.5,100.0,115.50000000000003,57.79489596841582,0.0,exact,exact
1.05,1.2,0.5,100.0,115.50000000000003,60.684640766836615,-1.7267870933284257,optimistic,optimistic
1.05,1.2,0.5,100.0,115.50000000000003,86.62500000000003,-23.60393089300993,optimistic,optimistic
1.05,1.2,0.5,100.0,115.50000000000003,109.72500000000002,-63.935136559249216,optimistic,optimistic
1.05,1.2,0.5,90.0,115.50000000000003,0.0,25.50000000000003,conservative,conservative
1.05,1.2,0.5,90.0,115.50000000000003,28.875000000000007,21.8323941217392,conservative,conservative
1.05,1.2,0.5,90.0,115.50000000000003,36.19478553604099,19.682211410966758,conservative,conservative
1.05,1.2,0.5,90.0,115.50000000000003,57.750000000000014,10.025934137102695,conservative,conservative
1.05,1.2,0.5,90.0,115.50000000000003,72.38957107208198,0.0,exact,exact
1.05,1.2,0.5,90.0,115.50000000000003,76.00904962568607,-3.0352118671010686,optimistic,optimistic
1.05,1.2,0.5,90.0,115.50000000000003,86.62500000000003,-13.603930893009931,optimistic,optimistic
1.05,1.2,0.5,90.0,115.50000000000003,109.72500000000002,-53.935136559249216,optimistic,optimistic
1.05,1.2,1.0,100.0,126.0,0.0,26.0,conservative,conservative
1.05,1.2,1.0,100.0,126.0,31.5,21.998975405533628,conservative,conservative
1.05,1.2,1.0,100.0,126.0,38.3275357934736,20.029163122967745,conservative,conservative
1.05,1.2,1.0,100.0,126.0,63.0,9.119200876839272,conservative,conservative
1.05,1.2,1.0,100.0,126.0,76.6550715869472,0.0,exact,exact
1.05,1.2,1.0,100.0,126.0,80.48782516629457,-3.0582133442961634,optimistic,optimistic
1.05,1.2,1.0,100.0,126.0,94.5,-16.658833701465397,optimistic,optimistic
1.05,1.2,1.0,100.0,126.0,119.69999999999999,-60.65651261009005,optimistic,optimistic
1.05,1.2,1.0,90.0,126.0,0.0,36.0,conservative,conservative
1.05,1.2,1.0,90.0,126.0,31.5,31.998975405533628,conservative,conservative
1.05,1.2,1.0,90.0,126.0,44.090815370097204,28.033893437436006,conservative,conservative
1.05,1.2,1.0,90.0,126.0,63.0,19.119200876839272,conservative,conservative
1.05,1.2,1.0,90.0,126.0,88.18163074019441,0.0,exact,exact
1.05,1.2,1.0,90.0,126.0,92.59071227720413,-4.5426422126216295,optimistic,optimistic
1.05,1.2,1.0,90.0,126.0,94.5,-6.658833701465397,optimistic,optimistic
1.05,1.2,1.0,90.0,126.0,119.69999999999999,-50.65651261009005,optimistic,optimistic
1.05,1.35,0.0,100.0,105.0,0.0,5.0,conservative,conservative
1.05,1.35,0.0,100.0,105.0,16.00781059358212,3.772587902586295,conservative,conservative
1.05,1.35,0.0,100.0,105.0,26.25,1.6658128379446993,conservative,conservative
1.05,1.35,0.0,100.0,105.0,32.01562118716424,0.0,exact,exact
1.05,1.35,0.0,100.0,105.0,33.616402246522455,-0.5266995621438184,optimistic,optimistic
1.05,1.35,0.0,100.0,105.0,52.5,-9.06733260263394,optimistic,optimistic
1.05,1.35,0.0,100.0,105.0,78.75,-30.549028084554493,optimistic,optimistic
1.05,1.35,0.0,100.0,105.0,99.75,-67.21376050840841,optimistic,optimistic
1.05,1.35,0.0,90.0,105.0,0.0,15.0,conservative,conservative
1.05,1.35,0.0,90.0,105.0,26.25,11.6658128379447,conservative,conservative
1.05,1.35,0.0,90.0,105.0,27.04163456597992,11.458119438515126,conservative,conservative
1.05,1.35,0.0,90.0,105.0,52.5,0.9326673973660604,conservative,conservative
1.05,1.35,0.0,90.0,105.0,54.08326913195984,0.0,exact,exact
1.05,1.35,0.0,90.0,105.0,56.787432588557834,-1.6813298333812128,optimistic,optimistic
1.05,1.35,0.0,90.0,105.0,78.75,-20.549028084554493,optimistic,optimistic
1.05,1.35,0.0,90.0,105.0,99.75,-57.21376050840841,optimistic,optimistic
1.05,1.35,0.5,100.0,123.37500000000001,0.0,23.375000000000014,conservative,conservative
1.05,1.35,0.5,100.0,123.37500000000001,30.843750000000004,19.457330084585024,conservative,conservative
1.05,1.35,0.5,100.0,123.37500000000001,36.12959529596202,17.96627894762979,conservative,conservative
1.05,1.35,0.5,100.0,123.37500000000001,61.68750000000001,6.845884191905128,conservative,conservative
1.05,1.35,0.5,100.0,123.37500000000001,72.25919059192404,0.0,exact,exact
1.05,1.35,0.5,100.0,123.37500000000001,75.87215012152025,-2.7127579744522876,optimistic,optimistic
1.05,1.35,0.5,100.0,123.37500000000001,92.53125000000001,-18.395107999351524,optimistic,optimistic
1.05,1.35,0.5,100.0,123.37500000000001,117.20625000000001,-61.476168597379875,optimistic,optimistic
1.05,1.35,0.5,90.0,123.37500000000001,0.0,33.375000000000014,conservative,conservative
1.05,1.35,0.5,90.0,123.37500000000001,30.843750000000004,29.457330084585024,conservative,conservative
1.05,1.35,0.5,90.0,123.37500000000001,42.19416614000093,25.935512112337705,conservative,conservative
1.05,1.35,0.5,90.0,123.37500000000001,61.68750000000001,16.845884191905128,conservative,conservative
1.05,1.35,0.5,90.0,123.37500000000001,84.38833228000186,0.0,exact,exact
1.05,1.35,0.5,90.0,123.37500000000001,88.60774889400196,-4.150961211336224,optimistic,optimistic
1.05,1.35,0.5,90.0,123.37500000000001,92.53125000000001,-8.395107999351524,optimistic,optimistic
1.05,1.35,0.5,90.0,123.37500000000001,117.20625000000001,-51.476168597379875,optimistic,optimistic
1.05,1.35,1.0,100.0,141.75000000000003,0.0,41.75000000000003,conservative,conservative
1.05,1.35,1.0,100.0,141.75000000000003,35.43750000000001,37.24884733122536,conservative,conservative
1.05,1.35,1.0,100.0,141.75000000000003,50.23211746482525,32.551110425375185,conservative,conservative
1.05,1.35,1.0,100.0,141.75000000000003,70.87500000000001,22.759100986444196,conservative,conservative
1.05,1.35,1.0,100.0,141.75000000000003,100.4642349296505,0.0,exact,exact
1.05,1.35,1.0,100.0,141.75000000000003,105.48744667613303,-5.313881198192533,optimistic,optimistic
1.05,1.35,1.0,100.0,141.75000000000003,106.31250000000003,-6.241187914148554,optimistic,optimistic
1.05,1.35,1.0,100.0,141.75000000000003,134.66250000000002,-55.73857668635136,optimistic,optimistic
1.05,1.35,1.0,90.0,141.75000000000003,0.0,51.75000000000003,conservative,conservative
1.05,1.35,1.0,90.0,141.75000000000003,35.43750000000001,47.24884733122536,conservative,conservative
1.05,1.35,1.0,90.0,141.75000000000003,54.75642085637082,40.747072146950984,conservative,conservative
1.05,1.35,1.0,90.0,141.75000000000003,70.87500000000001,32.759100986444196,conservative,conservative
1.05,1.35,1.0,90.0,141.75000000000003,106.31250000000003,3.7588120858514458,conservative,conservative
1.05,1.35,1.0,90.0,141.75000000000003,109.51284171274165,0.0,exact,exact
1.05,1.35,1.0,90.0,141.75000000000003,114.98848379837874,-7.110247353789276,optimistic,optimistic
1.05,1.35,1.0,90.0,141.75000000000003,134.66250000000002,-45.73857668635136,optimistic,optimistic
1.05,1.5,0.0,100.0,105.0,0.0,5.0,conservative,conservative
1.05,1.5,0.0,100.0,105.0,16.00781059358212,3.772587902586295,conservative,conservative
1.05,1.5,0.0,100.0,105.0,26.25,1.6658128379446993,conservative,conservative
1.05,1.5,0.0,100.0,105.0,32.01562118716424,0.0,exact,exact
1.05,1.5,0.0,100.0,105.0,33.616402246522455,-0.5266995621438184,optimistic,optimistic
1.05,1.5,0.0,100.0,105.0,52.5,-9.06733260263394,optimistic,optimistic
1.05,1.5,0.0,100.0,105.0,78.75,-30.549028084554493,optimistic,optimistic
1.05,1.5,0.0,100.0,105.0,99.75,-67.21376050840841,optimistic,optimistic
1.05,1.5,0.0,90.0,105.0,0.0,15.0,conservative,conservative
1.05,1.5,0.0,90.0,105.0,26.25,11.6658128379447,conservative,conservative
1.05,1.5,0.0,90.0,105.0,27.04163456597992,11.458119438515126,conservative,conservative
1.05,1.5,0.0,90.0,105.0,52.5,0.9326673973660604,conservative,conservative
1.05,1.5,0.0,90.0,105.0,54.08326913195984,0.0,exact,exact
1.05,1.5,0.0,90.0,105.0,56.787432588557834,-1.6813298333812128,optimistic,optimistic
1.05,1.5,0.0,90.0,105.0,78.75,-20.549028084554493,optimistic,optimistic
1.05,1.5,0.0,90.0,105.0,99.75,-57.21376050840841,optimistic,optimistic
1.05,1.5,0.5,100.0,131.25,0.0,31.25,conservative,conservative
1.05,1.5,0.5,100.0,131.25,32.8125,27.082266047430863,conservative,conservative
1.05,1.5,0.5,100.0,131.25,42.50459533979826,24.176978039409548,conservative,conservative
1.05,1.5,0.5,100.0,131.25,65.625,13.665834246707576,conservative,conservative
1.05,1.5,0.5,100.0,131.25,85.00919067959651,0.0,exact,exact
1.05,1.5,0.5,100.0,131.25,89.25965021357635,-3.7748611653378816,optimistic,optimistic
1.05,1.5,0.5,100.0,131.25,98.4375,-13.186285105693116,optimistic,optimistic
1.05,1.5,0.5,100.0,131.25,124.6875,-59.01720063551051,optimistic,optimistic
1.05,1.5,0.5,90.0,131.25,0.0,41.25,conservative,conservative
1.05,1.5,0.5,90.0,131.25,32.8125,37.08226604743086,conservative,conservative
1.05,1.5,0.5,90.0,131.25,47.766522010713736,32.249424845272785,conservative,conservative
1.05,1.5,0.5,90.0,131.25,65.625,23.665834246707576,conservative,conservative
1.05,1.5,0.5,90.0,131.25,95.53304402142747,0.0,exact,exact
1.05,1.5,0.5,90.0,131.25,98.4375,-3.1862851056931163,optimistic,optimistic
1.05,1.5,0.5,90.0,131.25,100.30969622249884,-5.35646897872229,optimistic,optimistic
1.05,1.5,0.5,90.0,131.25,124.6875,-49.01720063551051,optimistic,optimistic
1.05,1.5,1.0,100.0,157.50000000000003,0.0,57.50000000000003,conservative,conservative
1.05,1.5,1.0,100.0,157.50000000000003,39.37500000000001,52.49871925691707,conservative,conservative
1.05,1.5,1.0,100.0,157.50000000000003,60.8404676181898,45.27452460772332,conservative,conservative
1.05,1.5,1.0,100.0,157.50000000000003,78.75000000000001,36.39900109604912,conservative,conservative
1.05,1.5,1.0,100.0,157.50000000000003,118.12500000000003,4.1764578731682604,conservative,conservative
1.05,1.5,1.0,100.0,157.50000000000003,121.6809352363796,1.4210854715202004e-14,exact,exact
1.05,1.5,1.0,100.0,157.50000000000003,127.76498199819858,-7.90027483754362,optimistic,optimistic
1.05,1.5,1.0,100.0,157.50000000000003,149.62500000000003,-50.82064076261261,optimistic,optimistic
1.05,1.5,1.0,90.0,157.50000000000003,0.0,67.50000000000003,conservative,conservative
1.05,1.5,1.0,90.0,157.50000000000003,39.37500000000001,62.49871925691707,conservative,conservative
1.05,1.5,1.0,90.0,157.50000000000003,64.62632977355284,53.63038501654171,conservative,conservative
1.05,1.5,1.0,90.0,157.50000000000003,78.75000000000001,46.39900109604912,conservative,conservative
1.05,1.5,1.0,90.0,157.50000000000003,118.12500000000003,14.17645787316826,conservative,conservative
1.05,1.5,1.0,90.0,157.50000000000003,129.25265954710568,0.0,exact,exact
1.05,1.5,1.0,90.0,157.50000000000003,135.71529252446098,-10.077478924898813,optimistic,optimistic
1.05,1.5,1.0,90.0,157.50000000000003,149.62500000000003,-40.82064076261261,optimistic,optimistic
1.05,1.8,0.0,100.0,105.0,0.0,5.0,conservative,conservative
1.05,1.8,0.0,100.0,105.0,16.00781059358212,3.772587902586295,conservative,conservative
1.05,1.8,0.0,100.0,105.0,26.25,1.6658128379446993,conservative,conservative
1.05,1.8,0.0,100.0,105.0,32.01562118716424,0.0,exact,exact
1.05,1.8,0.0,100.0,105.0,33.616402246522455,-0.5266995621438184,optimistic,optimistic
1.05,1.8,0.0,100.0,105.0,52.5,-9.06733260263394,optimistic,optimistic
1.05,1.8,0.0,100.0,105.0,78.75,-30.549028084554493,optimistic,optimistic
1.05,1.8,0.0,100.0,105.0,99.75,-67.21376050840841,optimistic,optimistic
1.05,1.8,0.0,90.0,105.0,0.0,15.0,conservative,conservative
1.05,1.8,0.0,90.0,105.0,26.25,11.6658128379447,conservative,conservative
1.05,1.8,0.0,90.0,105.0,27.04163456597992,11.458119438515126,conservative,conservative
1.05,1.8,0.0,90.0,105.0,52.5,0.9326673973660604,conservative,conservative
1.05,1.8,0.0,90.0,105.0,54.08326913195984,0.0,exact,exact
1.05,1.8,0.0,90.0,105.0,56.787432588557834,-1.6813298333812128,optimistic,optimistic
1.05,1.8,0.0,90.0,105.0,78.75,-20.549028084554493,optimistic,optimistic
1.05,1.8,0.0,90.0,105.0,99.75,-57.21376050840841,optimistic,optimistic
1.05,1.8,0.5,100.0,147.0,0.0,47.0,conservative,conservative
1.05,1.8,0.5,100.0,147.0,36.75,42.33213797312257,conservative,conservative
1.05,1.8,0.5,100.0,147.0,53.87253474638074,36.77262152931047,conservative,conservative
1.05,1.8,0.5,100.0,147.0,73.5,27.305734356312485,conservative,conservative
1.05,1.8,0.5,100.0,147.0,107.74506949276147,0.0,exact,exact
1.05,1.8,0.5,100.0,147.0,110.25,-2.7686393183763016,optimistic,optimistic
1.05,1.8,0.5,100.0,147.0,113.13232296739955,-6.13798691696411,optimistic,optimistic
1.05,1.8,0.5,100.0,147.0,139.65,-54.09926471177179,optimistic,optimistic
1.05,1.8,0.5,90.0,147.0,0.0,57.0,conservative,conservative
1.05,1.8,0.5,90.0,147.0,36.75,52.33213797312257,conservative,conservative
1.05,1.8,0.5,90.0,147.0,58.11411188343155,45.024997685613755,conservative,conservative
1.05,1.8,0.5,90.0,147.0,73.5,37.305734356312485,conservative,conservative
1.05,1.8,0.5,90.0,147.0,110.25,7.231360681623698,conservative,conservative
1.05,1.8,0.5,90.0,147.0,116.2282237668631,0.0,exact,exact
1.05,1.8,0.5,90.0,147.0,122.03963495520625,-8.05289815984949,optimistic,optimistic
1.05,1.8,0.5,90.0,147.0,139.65,-44.09926471177179,optimistic,optimistic
1.05,1.8,1.0,100.0,189.0,0.0,89.0,conservative,conservative
1.05,1.8,1.0,100.0,189.0,47.25,82.99846310830046,conservative,conservative
1.05,1.8,1.0,100.0,189.0,80.18883962248113,71.14540601488548,conservative,conservative
1.05,1.8,1.0,100.0,189.0,94.5,63.67880131525891,conservative,conservative
1.05,1.8,1.0,100.0,189.0,141.75,25.011749447801904,conservative,conservative
1.05,1.8,1.0,100.0,189.0,160.37767924496225,1.4210854715202004e-14,exact,exact
1.05,1.8,1.0,100.0,189.0,168.39656320721036,-14.188593415560405,optimistic,optimistic
1.05,1.8,1.0,100.0,189.0,179.54999999999998,-40.98476891513507,optimistic,optimistic
1.05,1.8,1.0,90.0,189.0,0.0,99.0,conservative,conservative
1.05,1.8,1.0,90.0,189.0,47.25,92.99846310830046,conservative,conservative
1.05,1.8,1.0,90.0,189.0,83.09783390678724,79.75202502474013,conservative,conservative
1.05,1.8,1.0,90.0,189.0,94.5,73.67880131525891,conservative,conservative
1.05,1.8,1.0,90.0,189.0,141.75,35.011749447801904,conservative,conservative
1.05,1.8,1.0,90.0,189.0,166.1956678135745,0.0,exact,exact
1.05,1.8,1.0,90.0,189.0,174.50545120425323,-17.4131726826417,optimistic,optimistic
1.05,1.8,1.0,90.0,189.0,179.54999999999998,-30.98476891513507,optimistic,optimistic
1.08,1.0,0.0,100.0,108.0,0.0,8.0,conservative,conservative
1.08,1.0,0.0,100.0,108.0,20.396078054371138,6.056588668502812,conservative,conservative
1.08,1.0,0.0,100.0,108.0,27.0,4.5705503476002605,conservative,conservative
1.08,1.0,0.0,100.0,108.0,40.792156108742276,0.0,exact,exact
1.08,1.0,0.0,100.0,108.0,42.83176391417939,-0.856467684472733,optimistic,optimistic
1.08,1.0,0.0,100.0,108.0,54.0,-6.469256391280624,optimistic,optimistic
1.08,1.0,0.0,100.0,108.0,81.0,-28.564714601256057,optimistic,optimistic
1.08,1.0,0.0,100.0,108.0,102.6,-66.27701080864863,optimistic,optimistic
1.08,1.0,0.0,90.0,108.0,0.0,18.0,conservative,conservative
1.08,1.0,0.0,90.0,108.0,27.0,14.57055034760026,conservative,conservative
1.08,1.0,0.0,90.0,108.0,29.8496231131986,13.793063352037166,conservative,conservative
1.08,1.0,0.0,90.0,108.0,54.0,3.5307436087193764,conservative,conservative
1.08,1.0,0.0,90.0,108.0,59.6992462263972,0.0,exact,exact
1.08,1.0,0.0,90.0,108.0,62.68420853771706,-2.0529136355274176,optimistic,optimistic
1.08,1.0,0.0,90.0,108.0,81.0,-18.564714601256057,optimistic,optimistic
1.08,1.0,0.0,90.0,108.0,102.6,-56.277010808648626,optimistic,optimistic
1.08,1.0,0.5,100.0,108.0,0.0,8.0,conservative,conservative
1.08,1.0,0.5,100.0,108.0,20.396078054371138,6.056588668502812,conservative,conservative
1.08,1.0,0.5,100.0,108.0,27.0,4.5705503476002605,conservative,conservative
1.08,1.0,0.5,100.0,108.0,40.792156108742276,0.0,exact,exact
1.08,1.0,0.5,100.0,108.0,42.83176391417939,-0.856467684472733,optimistic,optimistic
1.08,1.0,0.5,100.0,108.0,54.0,-6.469256391280624,optimistic,optimistic
1.08,1.0,0.5,100.0,108.0,81.0,-28.564714601256057,optimistic,optimistic
1.08,1.0,0.5,100.0,108.0,102.6,-66.27701080864863,optimistic,optimistic
1.08,1.0,0.5,90.0,108.0,0.0,18.0,conservative,conservative
1.08,1.0,0.5,90.0,108.0,27.0,14.57055034760026,conservative,conservative
1.08,1.0,0.5,90.0,108.0,29.8496231131986,13.793063352037166,conservative,conservative
1.08,1.0,0.5,90.0,108.0,54.0,3.5307436087193764,conservative,conservative
1.08,1.0,0.5,90.0,108.0,59.6992462263972,0.0,exact,exact
1.08,1.0,0.5,90.0,108.0,62.68420853771706,-2.0529136355274176,optimistic,optimistic
1.08,1.0,0.5,90.0,108.0,81.0,-18.564714601256057,optimistic,optimistic
1.08,1.0,0.5,90.0,108.0,102.6,-56.277010808648626,optimistic,optimistic
1.08,1.0,1.0,100.0,108.0,0.0,8.0,conservative,conservative
1.08,1.0,1.0,100.0,108.0,20.396078054371138,6.056588668502812,conservative,conservative
1.08,1.0,1.0,100.0,108.0,27.0,4.5705503476002605,conservative,conservative
1.08,1.0,1.0,100.0,108.0,40.792156108742276,0.0,exact,exact
1.08,1.0,1.0,100.0,108.0,42.83176391417939,-0.856467684472733,optimistic,optimistic
1.08,1.0,1.0,100.0,108.0,54.0,-6.469256391280624,optimistic,optimistic
1.08,1.0,1.0,100.0,108.0,81.0,-28.564714601256057,optimistic,optimistic
1.08,1.0,1.0,100.0,108.0,102.6,-66.27701080864863,optimistic,optimistic
1.08,1.0,1.0,90.0,108.0,0.0,18.0,conservative,conservative
1.08,1.0,1.0,90.0,108.0,27.0,14.57055034760026,conservative,conservative
1.08,1.0,1.0,90.0,108.0,29.8496231131986,13.793063352037166,conservative,conservative
1.08,1.0,1.0,90.0,108.0,54.0,3.5307436087193764,conservative,conservative
1.08,1.0,1.0,90.0,108.0,59.6992462263972,0.0,exact,exact
1.08,1.0,1.0,90.0,108.0,62.68420853771706,-2.0529136355274176,optimistic,optimistic
1.08,1.0,1.0,90.0,108.0,81.0,-18.564714601256057,optimistic,optimistic
1.08,1.0,1.0,90.0,108.0,102.6,-56.277010808648626,optimistic,optimistic
1.08,1.1,0.0,100.0,108.0,0.0,8.0,conservative,conservative
1.08,1.1,0.0,100.0,108.0,20.396078054371138,6.056588668502812,conservative,conservative
1.08,1.1,0.0,100.0,108.0,27.0,4.5705503476002605,conservative,conservative
1.08,1.1,0.0,100.0,108.0,40.792156108742276,0.0,exact,exact
1.08,1.1,0.0,100.0,108.0,42.83176391417939,-0.856467684472733,optimistic,optimistic
1.08,1.1,0.0,100.0,108.0,54.0,-6.469256391280624,optimistic,optimistic
1.08,1.1,0.0,100.0,108.0,81.0,-28.564714601256057,optimistic,optimistic
1.08,1.1,0.0,100.0,108.0,102.6,-66.27701080864863,optimistic,optimistic
1.08,1.1,0.0,90.0,108.0,0.0,18.0,conservative,conservative
1.08,1.1,0.0,90.0,108.0,27.0,14.57055034760026,conservative,conservative
1.08,1.1,0.0,90.0,108.0,29.8496231131986,13.793063352037166,conservative,conservative
1.08,1.1,0.0,90.0,108.0,54.0,3.5307436087193764,conservative,conservative
1.08,1.1,0.0,90.0,108.0,59.6992462263972,0.0,exact,exact
1.08,1.1,0.0,90.0,108.0,62.68420853771706,-2.0529136355274176,optimistic,optimistic
1.08,1.1,0.0,90.0,108.0,81.0,-18.564714601256057,optimistic,optimistic
1.08,1.1,0.0,90.0,108.0,102.6,-56.277010808648626,optimistic,optimistic
1.08,1.1,0.5,100.0,113.4,0.0,13.400000000000006,conservative,conservative
1.08,1.1,0.5,100.0,113.4,26.737426951746876,10.202858402130389,conservative,conservative
1.08,1.1,0.5,100.0,113.4,28.35,9.799077864980276,conservative,conservative
1.08,1.1,0.5,100.0,113.4,53.47485390349375,0.0,exact,exact
1.08,1.1,0.5,100.0,113.4,56.14859659866844,-1.4764236337312013,optimistic,optimistic
1.08,1.1,0.5,100.0,113.4,56.7,-1.792719210844652,optimistic,optimistic
1.08,1.1,0.5,100.0,113.4,85.05000000000001,-24.992950331318866,optimistic,optimistic
1.08,1.1,0.5,100.0,113.4,107.73,-64.59086134908108,optimistic,optimistic
1.08,1.1,0.5,90.0,113.4,0.0,23.400000000000006,conservative,conservative
1.08,1.1,0.5,90.0,113.4,28.35,19.799077864980276,conservative,conservative
1.08,1.1,0.5,90.0,113.4,34.494782214126246,18.026246810670983,conservative,conservative
1.08,1.1,0.5,90.0,113.4,56.7,8.207280789155348,conservative,conservative
1.08,1.1,0.5,90.0,113.4,68.98956442825249,0.0,exact,exact
1.08,1.1,0.5,90.0,113.4,72.43904264966513,-2.752392009866554,optimistic,optimistic
1.08,1.1,0.5,90.0,113.4,85.05000000000001,-14.992950331318866,optimistic,optimistic
1.08,1.1,0.5,90.0,113.4,107.73,-54.59086134908108,optimistic,optimistic
1.08,1.1,1.0,100.0,118.80000000000001,0.0,18.80000000000001,conservative,conservative
1.08,1.1,1.0,100.0,118.80000000000001,29.700000000000003,15.027605382360292,conservative,conservative
1.08,1.1,1.0,100.0,118.80000000000001,32.06805263810075,14.390034530985261,conservative,conservative
1.08,1.1,1.0,100.0,118.80000000000001,59.400000000000006,2.8838179695913198,conservative,conservative
1.08,1.1,1.0,100.0,118.80000000000001,64.1361052762015,0.0,exact,exact
1.08,1.1,1.0,100.0,118.80000000000001,67.34291054001159,-2.130840404139576,optimistic,optimistic
1.08,1.1,1.0,100.0,118.80000000000001,89.10000000000001,-21.421186061381647,optimistic,optimistic
1.08,1.1,1.0,100.0,118.80000000000001,112.86,-62.904711889513486,optimistic,optimistic
1.08,1.1,1.0,90.0,118.80000000000001,0.0,28.80000000000001,conservative,conservative
1.08,1.1,1.0,90.0,118.80000000000001,29.700000000000003,25.027605382360292,conservative,conservative
1.08,1.1,1.0,90.0,118.80000000000001,38.77318661136844,22.29461251547201,conservative,conservative
1.08,1.1,1.0,90.0,118.80000000000001,59.400000000000006,12.88381796959132,conservative,conservative
1.08,1.1,1.0,90.0,118.80000000000001,77.54637322273688,0.0,exact,exact
1.08,1.1,1.0,90.0,118.80000000000001,81.42369188387372,-3.4920674157566083,optimistic,optimistic
1.08,1.1,1.0,90.0,118.80000000000001,89.10000000000001,-11.421186061381647,optimistic,optimistic
1.08,1.1,1.0,90.0,118.80000000000001,112.86,-52.904711889513486,optimistic,optimistic
1.08,1.2,0.0,100.0,108.0,0.0,8.0,conservative,conservative
1.08,1.2,0.0,100.0,108.0,20.396078054371138,6.056588668502812,conservative,conservative
1.08,1.2,0.0,100.0,108.0,27.0,4.5705503476002605,conservative,conservative
1.08,1.2,0.0,100.0,108.0,40.792156108742276,0.0,exact,exact
1.08,1.2,0.0,100.0,108.0,42.83176391417939,-0.856467684472733,optimistic,optimistic
1.08,1.2,0.0,100.0,108.0,54.0,-6.469256391280624,optimistic,optimistic
1.08,1.2,0.0,100.0,108.0,81.0,-28.564714601256057,optimistic,optimistic
1.08,1.2,0.0,100.0,108.0,102.6,-66.27701080864863,optimistic,optimistic
1.08,1.2,0.0,90.0,108.0,0.0,18.0,conservative,conservative
1.08,1.2,0.0,90.0,108.0,27.0,14.57055034760026,conservative,conservative
1.08,1.2,0.0,90.0,108.0,29.8496231131986,13.793063352037166,conservative,conservative
1.08,1.2,0.0,90.0,108.0,54.0,3.5307436087193764,conservative,conservative
1.08,1.2,0.0,90.0,108.0,59.6992462263972,0.0,exact,exact
1.08,1.2,0.0,90.0,108.0,62.68420853771706,-2.0529136355274176,optimistic,optimistic
1.08,1.2,0.0,90.0,108.0,81.0,-18.564714601256057,optimistic,optimistic
1.08,1.2,0.0,90.0,108.0,102.6,-56.277010808648626,optimistic,optimistic
1.08,1.2,0.5,100.0,118.80000000000001,0.0,18.80000000000001,conservative,conservative
1.08,1.2,0.5,100.0,118.80000000000001,29.700000000000003,15.027605382360292,conservative,conservative
1.08,1.2,0.5,100.0,118.80000000000001,32.06805263810075,14.390034530985261,conservative,conservative
1.08,1.2,0.5,100.0,118.80000000000001,59.400000000000006,2.8838179695913198,conservative,conservative
1.08,1.2,0.5,100.0,118.80000000000001,64.1361052762015,0.0,exact,exact
1.08,1.2,0.5,100.0,118.80000000000001,67.34291054001159,-2.130840404139576,optimistic,optimistic
1.08,1.2,0.5,100.0,118.80000000000001,89.10000000000001,-21.421186061381647,optimistic,optimistic
1.08,1.2,0.5,100.0,118.80000000000001,112.86,-62.904711889513486,optimistic,optimistic
1.08,1.2,0.5,90.0,118.80000000000001,0.0,28.80000000000001,conservative,conservative
1.08,1.2,0.5,90.0,118.80000000000001,29.700000000000003,25.027605382360292,conservative,conservative
1.08,1.2,0.5,90.0,118.80000000000001,38.77318661136844,22.29461251547201,conservative,conservative
1.08,1.2,0.5,90.0,118.80000000000001,59.400000000000006,12.88381796959132,conservative,conservative
1.08,1.2,0.5,90.0,118.80000000000001,77.54637322273688,0.0,exact,exact
1.08,1.2,0.5,90.0,118.80000000000001,81.42369188387372,-3.4920674157566083,optimistic,optimistic
1.08,1.2,0.5,90.0,118.80000000000001,89.10000000000001,-11.421186061381647,optimistic,optimistic
1.08,1.2,0.5,90.0,118.80000000000001,112.86,-52.904711889513486,optimistic,optimistic
1.08,1.2,1.0,100.0,129.6,0.0,29.599999999999994,conservative,conservative
1.08,1.2,1.0,100.0,129.6,32.4,25.48466041712031,conservative,conservative
1.08,1.2,1.0,100.0,129.6,41.21941290217511,22.87033816182,conservative,conservative
1.08,1.2,1.0,100.0,129.6,64.8,12.236892330463249,conservative,conservative
1.08,1.2,1.0,100.0,129.6,82.43882580435022,0.0,exact,exact
1.08,1.2,1.0,100.0,129.6,86.56076709456774,-3.545898998539215,optimistic,optimistic
1.08,1.2,1.0,100.0,129.6,97.19999999999999,-14.277657521507251,optimistic,optimistic
1.08,1.2,1.0,100.0,129.6,123.11999999999999,-59.532412970378346,optimistic,optimistic
1.08,1.2,1.0,90.0,129.6,0.0,39.599999999999994,conservative,conservative
1.08,1.2,1.0,90.0,129.6,32.4,35.48466041712031,conservative,conservative
1.08,1.2,1.0,90.0,129.6,46.62660184915903,30.92195830369272,conservative,conservative
1.08,1.2,1.0,90.0,129.6,64.8,22.23689233046325,conservative,conservative
1.08,1.2,1.0,90.0,129.6,93.25320369831806,-1.4210854715202004e-14,exact,exact
1.08,1.2,1.0,90.0,129.6,97.19999999999999,-4.277657521507251,optimistic,optimistic
1.08,1.2,1.0,90.0,129.6,97.91586388323397,-5.096268633233805,optimistic,optimistic
1.08,1.2,1.0,90.0,129.6,123.11999999999999,-49.532412970378346,optimistic,optimistic
1.08,1.35,0.0,100.0,108.0,0.0,8.0,conservative,conservative
1.08,1.35,0.0,100.0,108.0,20.396078054371138,6.056588668502812,conservative,conservative
1.08,1.35,0.0,100.0,108.0,27.0,4.5705503476002605,conservative,conservative
1.08,1.35,0.0,100.0,108.0,40.792156108742276,0.0,exact,exact
1.08,1.35,0.0,100.0,108.0,42.83176391417939,-0.856467684472733,optimistic,optimistic
1.08,1.35,0.0,100.0,108.0,54.0,-6.469256391280624,optimistic,optimistic
1.08,1.35,0.0,100.0,108.0,81.0,-28.564714601256057,optimistic,optimistic
1.08,1.35,0.0,100.0,108.0,102.6,-66.27701080864863,optimistic,optimistic
1.08,1.35,0.0,90.0,108.0,0.0,18.0,conservative,conservative
1.08,1.35,0.0,90.0,108.0,27.0,14.57055034760026,conservative,conservative
1.08,1.35,0.0,90.0,108.0,29.8496231131986,13.793063352037166,conservative,conservative
1.08,1.35,0.0,90.0,108.0,54.0,3.5307436087193764,conservative,conservative
1.08,1.35,0.0,90.0,108.0,59.6992462263972,0.0,exact,exact
1.08,1.35,0.0,90.0,108.0,62.68420853771706,-2.0529136355274176,optimistic,optimistic
1.08,1.35,0.0,90.0,108.0,81.0,-18.564714601256057,optimistic,optimistic
1.08,1.35,0.0,90.0,108.0,102.6,-56.277010808648626,optimistic,optimistic
1.08,1.35,0.5,100.0,126.9,0.0,26.900000000000006,conservative,conservative
1.08,1.35,0.5,100.0,126.9,31.725,22.87039665843031,conservative,conservative
1.08,1.35,0.5,100.0,126.9,39.0628019988326,20.738177475063793,conservative,conservative
1.08,1.35,0.5,100.0,126.9,63.45,9.89862374024527,conservative,conservative
1.08,1.35,0.5,100.0,126.9,78.1256039976652,0.0,exact,exact
1.08,1.35,0.5,100.0,126.9,82.03188419754846,-3.178618193087118,optimistic,optimistic
1.08,1.35,0.5,100.0,126.9,95.17500000000001,-16.063539656475882,optimistic,optimistic
1.08,1.35,0.5,100.0,126.9,120.555,-60.37548770016217,optimistic,optimistic
1.08,1.35,0.5,90.0,126.9,0.0,36.900000000000006,conservative,conservative
1.08,1.35,0.5,90.0,126.9,31.725,32.87039665843031,conservative,conservative
1.08,1.35,0.5,90.0,126.9,44.73144866869393,28.754820954772185,conservative,conservative
1.08,1.35,0.5,90.0,126.9,63.45,19.89862374024527,conservative,conservative
1.08,1.35,0.5,90.0,126.9,89.46289733738786,0.0,exact,exact
1.08,1.35,0.5,90.0,126.9,93.93604220425725,-4.67925237669327,optimistic,optimistic
1.08,1.35,0.5,90.0,126.9,95.17500000000001,-6.063539656475882,optimistic,optimistic
1.08,1.35,0.5,90.0,126.9,120.555,-50.37548770016217,optimistic,optimistic
1.08,1.35,1.0,100.0,145.8,0.0,45.80000000000001,conservative,conservative
1.08,1.35,1.0,100.0,145.8,36.45,41.17024296926036,conservative,conservative
1.08,1.35,1.0,100.0,145.8,53.05101318542371,35.8058540711703,conservative,conservative
1.08,1.35,1.0,100.0,145.8,72.9,26.266503871771164,conservative,conservative
1.08,1.35,1.0,100.0,145.8,106.10202637084743,0.0,exact,exact
1.08,1.35,1.0,100.0,145.8,109.35000000000001,-3.5623647116956647,optimistic,optimistic
1.08,1.35,1.0,100.0,145.8,111.4071276893898,-5.946334999639689,optimistic,optimistic
1.08,1.35,1.0,100.0,145.8,138.51,-54.47396459167562,optimistic,optimistic
1.08,1.35,1.0,90.0,145.8,0.0,55.80000000000001,conservative,conservative
1.08,1.35,1.0,90.0,145.8,36.45,51.17024296926036,conservative,conservative
1.08,1.35,1.0,90.0,145.8,57.35337827887736,44.045626560511124,conservative,conservative
1.08,1.35,1.0,90.0,145.8,72.9,36.266503871771164,conservative,conservative
1.08,1.35,1.0,90.0,145.8,109.35000000000001,6.437635288304335,conservative,conservative
1.08,1.35,1.0,90.0,145.8,114.70675655775472,-1.4210854715202004e-14,exact,exact
1.08,1.35,1.0,90.0,145.8,120.44209438564246,-7.8334502367295755,optimistic,optimistic
1.08,1.35,1.0,90.0,145.8,138.51,-44.47396459167562,optimistic,optimistic
1.08,1.5,0.0,100.0,108.0,0.0,8.0,conservative,conservative
1.08,1.5,0.0,100.0,108.0,20.396078054371138,6.056588668502812,conservative,conservative
1.08,1.5,0.0,100.0,108.0,27.0,4.5705503476002605,conservative,conservative
1.08,1.5,0.0,100.0,108.0,40.792156108742276,0.0,exact,exact
1.08,1.5,0.0,100.0,108.0,42.83176391417939,-0.856467684472733,optimistic,optimistic
1.08,1.5,0.0,100.0,108.0,54.0,-6.469256391280624,optimistic,optimistic
1.08,1.5,0.0,100.0,108.0,81.0,-28.564714601256057,optimistic,optimistic
1.08,1.5,0.0,100.0,108.0,102.6,-66.27701080864863,optimistic,optimistic
1.08,1.5,0.0,90.0,108.0,0.0,18.0,conservative,conservative
1.08,1.5,0.0,90.0,108.0,27.0,14.57055034760026,conservative,conservative
1.08,1.5,0.0,90.0,108.0,29.8496231131986,13.793063352037166,conservative,conservative
1.08,1.5,0.0,90.0,108.0,54.0,3.5307436087193764,conservative,conservative
1.08,1.5,0.0,90.0,108.0,59.6992462263972,0.0,exact,exact
1.08,1.5,0.0,90.0,108.0,62.68420853771706,-2.0529136355274176,optimistic,optimistic
1.08,1.5,0.0,90.0,108.0,81.0,-18.564714601256057,optimistic,optimistic
1.08,1.5,0.0,90.0,108.0,102.6,-56.277010808648626,optimistic,optimistic
1.08,1.5,0.5,100.0,135.0,0.0,35.0,conservative,conservative
1.08,1.5,0.5,100.0,135.0,33.75,30.713187934500326,conservative,conservative
1.08,1.5,0.5,100.0,135.0,45.34589286804263,27.1563997602952,conservative,conservative
1.08,1.5,0.5,100.0,135.0,67.5,16.91342951089922,conservative,conservative
1.08,1.5,0.5,100.0,135.0,90.69178573608527,1.4210854715202004e-14,exact,exact
1.08,1.5,0.5,100.0,135.0,95.22637502288953,-4.308111629041406,optimistic,optimistic
1.08,1.5,0.5,100.0,135.0,101.25,-10.705893251570075,optimistic,optimistic
1.08,1.5,0.5,100.0,135.0,128.25,-57.846263510810815,optimistic,optimistic
1.08,1.5,0.5,90.0,135.0,0.0,45.0,conservative,conservative
1.08,1.5,0.5,90.0,135.0,33.75,40.713187934500326,conservative,conservative
1.08,1.5,0.5,90.0,135.0,50.31152949374527,35.274698163675495,conservative,conservative
1.08,1.5,0.5,90.0,135.0,67.5,26.91342951089922,conservative,conservative
1.08,1.5,0.5,90.0,135.0,100.62305898749054,0.0,exact,exact
1.08,1.5,0.5,90.0,135.0,101.25,-0.7058932515700747,optimistic,optimistic
1.08,1.5,0.5,90.0,135.0,105.65421193686507,-5.963177713576059,optimistic,optimistic
1.08,1.5,0.5,90.0,135.0,128.25,-47.846263510810815,optimistic,optimistic
1.08,1.5,1.0,100.0,162.0,0.0,62.0,conservative,conservative
1.08,1.5,1.0,100.0,162.0,40.5,56.85582552140039,conservative,conservative
1.08,1.5,1.0,100.0,162.0,63.72597586541927,48.93958506723456,conservative,conservative
1.08,1.5,1.0,100.0,162.0,81.0,40.296115413079065,conservative,conservative
1.08,1.5,1.0,100.0,162.0,121.5,7.152928098115922,conservative,conservative
1.08,1.5,1.0,100.0,162.0,127.45195173083854,1.4210854715202004e-14,exact,exact
1.08,1.5,1.0,100.0,162.0,133.82454931738047,-8.703833596366152,optimistic,optimistic
1.08,1.5,1.0,100.0,162.0,153.9,-49.415516212973,optimistic,optimistic
1.08,1.5,1.0,90.0,162.0,0.0,72.0,conservative,conservative
1.08,1.5,1.0,90.0,162.0,40.5,66.85582552140039,conservative,conservative
1.08,1.5,1.0,90.0,162.0,67.34983296193094,57.336349893704096,conservative,conservative
1.08,1.5,1.0,90.0,162.0,81.0,50.296115413079065,conservative,conservative
1.08,1.5,1.0,90.0,162.0,121.5,17.152928098115922,conservative,conservative
1.08,1.5,1.0,90.0,162.0,134.6996659238619,0.0,exact,exact
1.08,1.5,1.0,90.0,162.0,141.43464922005498,-11.004810273029904,optimistic,optimistic
1.08,1.5,1.0,90.0,162.0,153.9,-39.415516212973,optimistic,optimistic
1.08,1.8,0.0,100.0,108.0,0.0,8.0,conservative,conservative
1.08,1.8,0.0,100.0,108.0,20.396078054371138,6.056588668502812,conservative,conservative
1.08,1.8,0.0,100.0,108.0,27.0,4.5705503476002605,conservative,conservative
1.08,1.8,0.0,100.0,108.0,40.792156108742276,0.0,exact,exact
1.08,1.8,0.0,100.0,108.0,42.83176391417939,-0.856467684472733,optimistic,optimistic
1.08,1.8,0.0,100.0,108.0,54.0,-6.469256391280624,optimistic,optimistic
1.08,1.8,0.0,100.0,108.0,81.0,-28.564714601256057,optimistic,optimistic
1.08,1.8,0.0,100.0,108.0,102.6,-66.27701080864863,optimistic,optimistic
1.08,1.8,0.0,90.0,108.0,0.0,18.0,conservative,conservative
1.08,1.8,0.0,90.0,108.0,27.0,14.57055034760026,conservative,conservative
1.08,1.8,0.0,90.0,108.0,29.8496231131986,13.793063352037166,conservative,conservative
1.08,1.8,0.0,90.0,108.0,54.0,3.5307436087193764,conservative,conservative
1.08,1.8,0.0,90.0,108.0,59.6992462263972,0.0,exact,exact
1.08,1.8,0.0,90.0,108.0,62.68420853771706,-2.0529136355274176,optimistic,optimistic
1.08,1.8,0.0,90.0,108.0,81.0,-18.564714601256057,optimistic,optimistic
1.08,1.8,0.0,90.0,108.0,102.6,-56.277010808648626,optimistic,optimistic
1.08,1.8,0.5,100.0,151.2,0.0,51.19999999999999,conservative,conservative
1.08,1.8,0.5,100.0,151.2,37.8,46.39877048664033,conservative,conservative
1.08,1.8,0.5,100.0,151.2,56.70414446934191,40.164474814412216,conservative,conservative
1.08,1.8,0.5,100.0,151.2,75.6,30.943041052207093,conservative,conservative
1.08,1.8,0.5,100.0,151.2,113.39999999999999,0.00939955824151184,conservative,conservative
1.08,1.8,0.5,100.0,151.2,113.40828893868382,0.0,exact,exact
1.08,1.8,0.5,100.0,151.2,119.07870338561803,-6.824346527647066,optimistic,optimistic
1.08,1.8,0.5,100.0,151.2,143.64,-52.78781513210812,optimistic,optimistic
1.08,1.8,0.5,90.0,151.2,0.0,61.19999999999999,conservative,conservative
1.08,1.8,0.5,90.0,151.2,37.8,56.39877048664033,conservative,conservative
1.08,1.8,0.5,90.0,151.2,60.74833331047033,48.45966921815173,conservative,conservative
1.08,1.8,0.5,90.0,151.2,75.6,40.94304105220709,conservative,conservative
1.08,1.8,0.5,90.0,151.2,113.39999999999999,10.009399558241512,conservative,conservative
1.08,1.8,0.5,90.0,151.2,121.49666662094066,0.0,exact,exact
1.08,1.8,0.5,90.0,151.2,127.57149995198769,-8.839958107452901,optimistic,optimistic
1.08,1.8,0.5,90.0,151.2,143.64,-42.78781513210812,optimistic,optimistic
1.08,1.8,1.0,100.0,194.4,0.0,94.4,conservative,conservative
1.08,1.8,1.0,100.0,194.4,48.6,88.22699062568046,conservative,conservative
1.08,1.8,1.0,100.0,194.4,83.35370417683907,75.6232330871972,conservative,conservative
1.08,1.8,1.0,100.0,194.4,97.2,68.35533849569487,conservative,conservative
1.08,1.8,1.0,100.0,194.4,145.8,28.583513717739095,conservative,conservative
1.08,1.8,1.0,100.0,194.4,166.70740835367815,1.4210854715202004e-14,exact,exact
1.08,1.8,1.0,100.0,194.4,175.04277877136207,-15.434134545905593,optimistic,optimistic
1.08,1.8,1.0,100.0,194.4,184.68,-39.29861945556758,optimistic,optimistic
1.08,1.8,1.0,90.0,194.4,0.0,104.4,conservative,conservative
1.08,1.8,1.0,90.0,194.4,48.6,98.22699062568046,conservative,conservative
1.08,1.8,1.0,90.0,194.4,86.15590519517511,84.26565926768245,conservative,conservative
1.08,1.8,1.0,90.0,194.4,97.2,78.35533849569487,conservative,conservative
1.08,1.8,1.0,90.0,194.4,145.8,38.583513717739095,conservative,conservative
1.08,1.8,1.0,90.0,194.4,172.31181039035022,-1.4210854715202004e-14,exact,exact
1.08,1.8,1.0,90.0,194.4,180.92740090986774,-18.8899753902448,optimistic,optimistic
1.08,1.8,1.0,90.0,194.4,184.68,-29.298619455567582,optimistic,optimistic
